source_row_id,split
1,validation
2,test
3,train
4,train
5,validation
6,train
7,validation
8,train
9,train
10,test
11,train
12,train
13,train
14,train
15,train
16,train
17,test
18,validation
19,test
20,validation
21,validation
22,train
23,train
24,train
25,train
26,train
27,train
28,validation
29,train
30,validation
31,train
32,train
33,train
34,train
35,validation
36,train
37,train
38,train
39,train
40,validation
41,train
42,train
43,train
44,train
45,train
46,train
47,train
48,validation
49,train
50,train
51,train
52,train
53,train
54,train
55,train
56,test
57,train
58,train
59,train
60,train
61,test
62,train
63,validation
64,validation
65,validation
66,validation
67,test
68,test
69,train
70,train
71,train
72,train
73,train
74,validation
75,train
76,test
77,train
78,train
79,test
80,train
81,train
82,train
83,train
84,test
85,test
86,train
87,train
88,train
89,validation
90,validation
91,train
92,validation
93,train
94,validation
95,train
96,train
97,validation
98,train
99,train
100,train
101,test
102,train
103,train
104,validation
105,train
106,train
107,train
108,train
109,test
110,train
111,train
112,train
113,train
114,train
115,train
116,test
117,train
118,validation
119,train
120,train
121,test
122,train
123,train
124,validation
125,validation
126,train
127,train
128,train
129,test
130,train
131,test
132,train
133,train
134,validation
135,train
136,train
137,train
138,train
139,train
140,train
141,validation
142,test
143,validation
144,test
145,train
146,validation
147,test
148,train
149,test
150,train
151,test
152,validation
153,train
154,train
155,train
156,train
157,test
158,validation
159,test
160,test
161,test
162,test
163,train
164,train
165,test
166,train
167,test
168,test
169,test
170,validation
171,validation
172,train
173,train
174,train
175,train
176,train
177,train
178,train
179,validation
180,test
181,train
182,train
183,train
184,train
185,test
186,train
187,validation
188,validation
189,train
190,train
191,train
192,validation
193,test
194,train
195,train
196,test
197,test
198,test
199,test
200,test
201,validation
202,validation
203,train
204,test
205,test
206,validation
207,train
208,train
209,validation
210,test
211,train
212,train
213,test
214,test
215,train
216,train
217,train
218,train
219,validation
220,train
221,train
222,test
223,train
224,train
225,train
226,train
227,test
228,train
229,train
230,validation
231,validation
232,train
233,test
234,train
235,test
236,validation
237,train
238,train
239,train
240,train
241,train
242,test
243,train
244,validation
245,test
246,train
247,test
248,train
249,validation
250,train
251,test
252,train
253,train
254,train
255,train
256,test
257,train
258,train
259,validation
260,validation
261,train
262,train
263,train
264,train
265,test
266,train
267,train
268,train
269,test
270,validation
271,train
272,train
273,train
274,validation
275,train
276,test
277,train
278,train
279,test
280,train
281,train
282,train
283,test
284,test
285,train
286,validation
287,train
288,validation
289,test
290,test
291,train
292,train
293,validation
294,validation
295,test
296,train
297,train
298,train
299,validation
300,train
301,train
302,validation
303,validation
304,validation
305,test
306,test
307,train
308,validation
309,test
310,test
311,validation
312,train
313,test
314,train
315,test
316,validation
317,train
318,test
319,train
320,validation
321,train
322,test
323,train
324,train
325,train
326,train
327,train
328,test
329,train
330,validation
331,train
332,validation
333,train
334,train
335,validation
336,validation
337,train
338,validation
339,train
340,validation
341,train
342,train
343,train
344,test
345,train
346,test
347,train
348,test
349,train
350,validation
351,validation
352,train
353,validation
354,train
355,train
356,validation
357,train
358,train
359,train
360,train
361,train
362,train
363,validation
364,train
365,train
366,test
367,validation
368,validation
369,validation
370,train
371,test
372,test
373,test
374,validation
375,train
376,validation
377,validation
378,train
379,test
380,train
381,train
382,train
383,test
384,validation
385,validation
386,train
387,validation
388,train
389,validation
390,train
391,train
392,train
393,train
394,test
395,train
396,train
397,train
398,validation
399,test
400,test
401,train
402,train
403,train
404,train
405,train
406,train
407,train
408,train
409,validation
410,train
411,validation
412,test
413,train
414,test
415,validation
416,test
417,train
418,train
419,validation
420,train
421,train
422,test
423,train
424,train
425,train
426,validation
427,test
428,train
429,train
430,validation
431,test
432,train
433,train
434,train
435,train
436,validation
437,validation
438,train
439,train
440,train
441,validation
442,train
443,train
444,validation
445,train
446,train
447,test
448,validation
449,train
450,train
451,validation
452,train
453,train
454,train
455,train
456,validation
457,test
458,train
459,train
460,validation
461,train
462,train
463,train
464,train
465,train
466,train
467,validation
468,train
469,train
470,test
471,validation
472,train
473,train
474,train
475,test
476,validation
477,train
478,validation
479,train
480,train
481,train
482,train
483,train
484,validation
485,train
486,train
487,train
488,validation
489,validation
490,train
491,train
492,train
493,test
494,train
495,train
496,validation
497,validation
498,train
499,train
500,test
501,test
502,test
503,validation
504,test
505,train
506,train
507,validation
508,test
509,validation
510,validation
511,test
512,validation
513,validation
514,validation
515,validation
516,train
517,test
518,train
519,train
520,test
521,train
522,train
523,train
524,validation
525,validation
526,train
527,validation
528,test
529,validation
530,train
531,validation
532,train
533,train
534,train
535,train
536,test
537,train
538,test
539,test
540,train
541,train
542,train
543,train
544,validation
545,validation
546,validation
547,test
548,train
549,train
550,train
551,train
552,validation
553,train
554,test
555,validation
556,train
557,train
558,train
559,test
560,train
561,train
562,train
563,train
564,validation
565,train
566,validation
567,train
568,validation
569,train
570,test
571,test
572,train
573,validation
574,train
575,train
576,validation
577,train
578,train
579,train
580,train
581,train
582,validation
583,test
584,test
585,validation
586,train
587,train
588,test
589,train
590,train
591,train
592,train
593,train
594,train
595,train
596,train
597,train
598,validation
599,train
600,validation
601,test
602,train
603,test
604,train
605,train
606,train
607,train
608,train
609,train
610,train
611,train
612,train
613,test
614,train
615,validation
616,validation
617,train
618,train
619,train
620,train
621,train
622,train
623,test
624,validation
625,train
626,validation
627,train
628,test
629,test
630,train
631,train
632,train
633,test
634,train
635,train
636,train
637,train
638,validation
639,train
640,train
641,test
642,train
643,train
644,train
645,train
646,train
647,validation
648,train
649,train
650,train
651,train
652,train
653,train
654,train
655,validation
656,validation
657,train
658,train
659,test
660,train
661,train
662,train
663,train
664,validation
665,train
666,train
667,train
668,test
669,train
670,validation
671,train
672,train
673,train
674,validation
675,test
676,train
677,test
678,train
679,train
680,test
681,test
682,train
683,train
684,validation
685,test
686,test
687,train
688,train
689,train
690,train
691,train
692,train
693,test
694,train
695,test
696,train
697,train
698,train
699,train
700,train
701,train
702,test
703,validation
704,train
705,train
706,test
707,test
708,test
709,validation
710,train
711,validation
712,train
713,test
714,test
715,train
716,validation
717,train
718,train
719,validation
720,train
721,test
722,train
723,train
724,train
725,train
726,validation
727,validation
728,train
729,validation
730,validation
731,train
732,test
733,train
734,test
735,validation
736,test
737,train
738,train
739,validation
740,train
741,test
742,train
743,test
744,train
745,train
746,test
747,train
748,validation
749,train
750,train
751,train
752,test
753,validation
754,test
755,train
756,train
757,train
758,train
759,train
760,train
761,train
762,train
763,validation
764,train
765,train
766,train
767,validation
768,validation
769,train
770,test
771,train
772,train
773,train
774,train
775,train
776,train
777,train
778,train
779,train
780,train
781,validation
782,train
783,validation
784,test
785,train
786,train
787,validation
788,test
789,train
790,train
791,train
792,train
793,test
794,train
795,train
796,test
797,train
798,train
799,test
800,test
801,test
802,test
803,train
804,validation
805,train
806,train
807,train
808,train
809,train
810,train
811,train
812,train
813,test
814,validation
815,train
816,train
817,validation
818,train
819,validation
820,train
821,train
822,test
823,test
824,test
825,train
826,validation
827,validation
828,train
829,validation
830,test
831,train
832,validation
833,train
834,train
835,validation
836,train
837,train
838,train
839,test
840,train
841,train
842,train
843,train
844,train
845,train
846,train
847,train
848,train
849,train
850,train
851,train
852,test
853,train
854,validation
855,validation
856,train
857,train
858,train
859,validation
860,train
861,train
862,train
863,train
864,test
865,train
866,validation
867,train
868,train
869,test
870,train
871,test
872,validation
873,test
874,validation
875,validation
876,train
877,train
878,train
879,test
880,test
881,train
882,train
883,validation
884,test
885,train
886,train
887,test
888,train
889,test
890,test
891,validation
892,validation
893,validation
894,train
895,train
896,test
897,test
898,train
899,train
900,validation
901,validation
902,test
903,train
904,train
905,train
906,test
907,test
908,train
909,validation
910,train
911,train
912,validation
913,test
914,validation
915,train
916,validation
917,train
918,train
919,test
920,train
921,test
922,train
923,train
924,test
925,train
926,validation
927,train
928,train
929,validation
930,test
931,validation
932,train
933,validation
934,train
935,train
936,validation
937,test
938,test
939,train
940,validation
941,validation
942,test
943,test
944,test
945,train
946,train
947,train
948,train
949,test
950,validation
951,test
952,validation
953,train
954,train
955,test
956,train
957,validation
958,train
959,train
960,validation
961,test
962,test
963,train
964,train
965,validation
966,test
967,validation
968,train
969,validation
970,train
971,train
972,validation
973,train
974,train
975,train
976,test
977,validation
978,train
979,train
980,train
981,train
982,validation
983,train
984,train
985,train
986,train
987,train
988,test
989,train
990,validation
991,train
992,train
993,validation
994,validation
995,train
996,validation
997,validation
998,train
999,train
1000,train
1001,validation
1002,train
1003,test
1004,train
1005,validation
1006,train
1007,validation
1008,test
1009,test
1010,train
1011,train
1012,test
1013,train
1014,train
1015,validation
1016,train
1017,test
1018,train
1019,train
1020,train
1021,test
1022,train
1023,validation
1024,train
1025,train
1026,train
1027,test
1028,test
1029,train
1030,train
1031,train
1032,train
1033,test
1034,test
1035,test
1036,test
1037,train
1038,train
1039,train
1040,validation
1041,test
1042,validation
1043,train
1044,train
1045,validation
1046,train
1047,train
1048,train
1049,validation
1050,test
1051,validation
1052,train
1053,train
1054,train
1055,train
1056,train
1057,train
1058,train
1059,validation
1060,train
1061,train
1062,train
1063,train
1064,train
1065,train
1066,validation
1067,train
1068,test
1069,train
1070,validation
1071,test
1072,train
1073,validation
1074,validation
1075,train
1076,train
1077,train
1078,test
1079,test
1080,validation
1081,train
1082,train
1083,test
1084,train
1085,train
1086,train
1087,validation
1088,validation
1089,validation
1090,validation
1091,test
1092,train
1093,train
1094,test
1095,validation
1096,train
1097,train
1098,train
1099,train
1100,test
1101,train
1102,test
1103,validation
1104,validation
1105,train
1106,train
1107,validation
1108,validation
1109,test
1110,test
1111,train
1112,train
1113,train
1114,test
1115,train
1116,test
1117,validation
1118,train
1119,train
1120,test
1121,validation
1122,train
1123,validation
1124,validation
1125,train
1126,train
1127,test
1128,train
1129,train
1130,validation
1131,train
1132,train
1133,validation
1134,train
1135,validation
1136,train
1137,train
1138,test
1139,test
1140,train
1141,train
1142,test
1143,train
1144,train
1145,validation
1146,train
1147,test
1148,train
1149,validation
1150,test
1151,test
1152,train
1153,train
1154,test
1155,train
1156,test
1157,train
1158,test
1159,train
1160,validation
1161,validation
1162,test
1163,test
1164,train
1165,validation
1166,train
1167,test
1168,validation
1169,train
1170,train
1171,train
1172,validation
1173,test
1174,train
1175,train
1176,train
1177,test
1178,validation
1179,validation
1180,validation
1181,train
1182,train
1183,train
1184,test
1185,train
1186,validation
1187,train
1188,train
1189,train
1190,train
1191,test
1192,test
1193,train
1194,test
1195,test
1196,test
1197,test
1198,train
1199,train
1200,train
1201,test
1202,train
1203,validation
1204,train
1205,test
1206,train
1207,train
1208,test
1209,train
1210,validation
1211,validation
1212,train
1213,validation
1214,train
1215,test
1216,train
1217,train
1218,validation
1219,validation
1220,test
1221,train
1222,train
1223,train
1224,test
1225,train
1226,train
1227,train
1228,test
1229,validation
1230,validation
1231,test
1232,train
1233,train
1234,train
1235,train
1236,test
1237,test
1238,train
1239,train
1240,validation
1241,train
1242,validation
1243,train
1244,train
1245,train
1246,validation
1247,train
1248,train
1249,train
1250,train
1251,train
1252,train
1253,validation
1254,train
1255,test
1256,validation
1257,train
1258,validation
1259,train
1260,validation
1261,validation
1262,train
1263,train
1264,train
1265,test
1266,train
1267,validation
1268,train
1269,train
1270,train
1271,validation
1272,train
1273,train
1274,train
1275,validation
1276,train
1277,test
1278,test
1279,train
1280,validation
1281,validation
1282,train
1283,validation
1284,train
1285,validation
1286,test
1287,train
1288,test
1289,validation
1290,train
1291,validation
1292,validation
1293,test
1294,test
1295,test
1296,train
1297,train
1298,train
1299,test
1300,train
1301,train
1302,train
1303,train
1304,train
1305,test
1306,train
1307,train
1308,train
1309,test
1310,train
1311,train
1312,validation
1313,train
1314,train
1315,test
1316,train
1317,validation
1318,validation
1319,train
1320,train
1321,validation
1322,train
1323,validation
1324,train
1325,train
1326,test
1327,validation
1328,test
1329,validation
1330,train
1331,train
1332,validation
1333,test
1334,test
1335,train
1336,train
1337,train
1338,validation
1339,train
1340,train
1341,train
1342,train
1343,test
1344,test
1345,train
1346,validation
1347,train
1348,train
1349,test
1350,train
1351,validation
1352,test
1353,validation
1354,train
1355,train
1356,train
1357,validation
1358,validation
1359,train
1360,train
1361,train
1362,validation
1363,train
1364,train
1365,train
1366,train
1367,train
1368,train
1369,test
1370,test
1371,train
1372,train
1373,validation
1374,train
1375,train
1376,validation
1377,train
1378,train
1379,train
1380,validation
1381,validation
1382,validation
1383,train
1384,train
1385,validation
1386,train
1387,train
1388,train
1389,test
1390,validation
1391,test
1392,test
1393,train
1394,train
1395,test
1396,train
1397,test
1398,train
1399,train
1400,train
1401,train
1402,train
1403,train
1404,test
1405,test
1406,validation
1407,test
1408,train
1409,train
1410,test
1411,test
1412,train
1413,test
1414,train
1415,train
1416,train
1417,validation
1418,train
1419,test
1420,test
1421,train
1422,train
1423,train
1424,train
1425,train
1426,train
1427,train
1428,train
1429,train
1430,test
1431,train
1432,train
1433,test
1434,train
1435,validation
1436,test
1437,train
1438,train
1439,test
1440,train
1441,validation
1442,train
1443,train
1444,train
1445,train
1446,validation
1447,validation
1448,validation
1449,train
1450,validation
1451,train
1452,train
1453,validation
1454,train
1455,test
1456,validation
1457,validation
1458,validation
1459,train
1460,train
1461,train
1462,test
1463,train
1464,validation
1465,train
1466,test
1467,test
1468,train
1469,train
1470,train
1471,train
1472,train
1473,train
1474,train
1475,train
1476,test
1477,train
1478,test
1479,train
1480,test
1481,train
1482,validation
1483,validation
1484,train
1485,train
1486,train
1487,train
1488,train
1489,train
1490,validation
1491,train
1492,train
1493,test
1494,train
1495,train
1496,train
1497,test
1498,test
1499,validation
1500,train
1501,train
1502,train
1503,validation
1504,train
1505,train
1506,train
1507,validation
1508,train
1509,train
1510,test
1511,validation
1512,validation
1513,test
1514,train
1515,validation
1516,train
1517,validation
1518,validation
1519,train
1520,validation
1521,train
1522,train
1523,train
1524,test
1525,train
1526,train
1527,train
1528,train
1529,train
1530,train
1531,train
1532,validation
1533,train
1534,test
1535,train
1536,train
1537,test
1538,train
1539,validation
1540,train
1541,validation
1542,train
1543,validation
1544,train
1545,train
1546,train
1547,test
1548,validation
1549,validation
1550,test
1551,test
1552,train
1553,train
1554,train
1555,train
1556,test
1557,train
1558,train
1559,validation
1560,train
1561,test
1562,train
1563,test
1564,train
1565,train
1566,train
1567,validation
1568,train
1569,test
1570,test
1571,test
1572,train
1573,train
1574,test
1575,train
1576,validation
1577,test
1578,train
1579,validation
1580,train
1581,train
1582,train
1583,test
1584,test
1585,train
1586,train
1587,validation
1588,train
1589,validation
1590,train
1591,train
1592,test
1593,validation
1594,train
1595,train
1596,validation
1597,train
1598,train
1599,test
1600,train
1601,train
1602,train
1603,train
1604,train
1605,validation
1606,train
1607,train
1608,train
1609,test
1610,test
1611,train
1612,validation
1613,train
1614,train
1615,train
1616,train
1617,train
1618,train
1619,test
1620,train
1621,test
1622,train
1623,test
1624,train
1625,test
1626,train
1627,train
1628,train
1629,train
1630,train
1631,validation
1632,validation
1633,test
1634,train
1635,train
1636,train
1637,train
1638,train
1639,train
1640,validation
1641,test
1642,train
1643,validation
1644,validation
1645,test
1646,train
1647,validation
1648,validation
1649,validation
1650,train
1651,train
1652,validation
1653,train
1654,train
1655,test
1656,train
1657,validation
1658,train
1659,test
1660,train
1661,train
1662,test
1663,validation
1664,test
1665,train
1666,test
1667,test
1668,train
1669,validation
1670,test
1671,train
1672,train
1673,test
1674,test
1675,train
1676,train
1677,validation
1678,test
1679,validation
1680,train
1681,train
1682,test
1683,train
1684,validation
1685,validation
1686,train
1687,train
1688,test
1689,test
1690,train
1691,train
1692,train
1693,train
1694,train
1695,test
1696,train
1697,train
1698,train
1699,train
1700,train
1701,train
1702,validation
1703,validation
1704,validation
1705,test
1706,train
1707,train
1708,train
1709,train
1710,validation
1711,train
1712,test
1713,train
1714,train
1715,train
1716,test
1717,test
1718,validation
1719,train
1720,validation
1721,train
1722,train
1723,test
1724,train
1725,train
1726,train
1727,train
1728,test
1729,train
1730,train
1731,train
1732,train
1733,train
1734,test
1735,train
1736,validation
1737,train
1738,train
1739,test
1740,train
1741,train
1742,train
1743,train
1744,train
1745,test
1746,train
1747,test
1748,train
1749,validation
1750,train
1751,train
1752,train
1753,train
1754,train
1755,test
1756,test
1757,train
1758,train
1759,validation
1760,validation
1761,train
1762,validation
1763,test
1764,train
1765,test
1766,train
1767,test
1768,train
1769,train
1770,train
1771,train
1772,validation
1773,validation
1774,test
1775,train
1776,validation
1777,train
1778,train
1779,validation
1780,validation
1781,validation
1782,test
1783,train
1784,validation
1785,train
1786,train
1787,train
1788,train
1789,train
1790,test
1791,train
1792,test
1793,train
1794,train
1795,validation
1796,train
1797,test
1798,test
1799,train
1800,test
1801,validation
1802,train
1803,test
1804,validation
1805,validation
1806,train
1807,train
1808,train
1809,train
1810,train
1811,train
1812,train
1813,train
1814,train
1815,train
1816,train
1817,validation
1818,train
1819,train
1820,train
1821,train
1822,train
1823,train
1824,train
1825,train
1826,validation
1827,test
1828,train
1829,train
1830,train
1831,train
1832,train
1833,train
1834,train
1835,train
1836,train
1837,train
1838,train
1839,validation
1840,test
1841,test
1842,train
1843,train
1844,train
1845,test
1846,train
1847,train
1848,train
1849,test
1850,validation
1851,train
1852,train
1853,test
1854,train
1855,validation
1856,test
1857,test
1858,train
1859,validation
1860,train
1861,train
1862,train
1863,test
1864,train
1865,train
1866,validation
1867,train
1868,validation
1869,train
1870,train
1871,test
1872,train
1873,train
1874,train
1875,train
1876,train
1877,train
1878,validation
1879,train
1880,train
1881,train
1882,validation
1883,validation
1884,train
1885,train
1886,validation
1887,train
1888,train
1889,train
1890,train
1891,test
1892,train
1893,test
1894,train
1895,validation
1896,validation
1897,train
1898,test
1899,train
1900,train
1901,train
1902,train
1903,train
1904,test
1905,train
1906,validation
1907,validation
1908,validation
1909,train
1910,test
1911,train
1912,train
1913,train
1914,train
1915,train
1916,train
1917,test
1918,test
1919,train
1920,train
1921,train
1922,validation
1923,validation
1924,test
1925,test
1926,train
1927,train
1928,validation
1929,train
1930,validation
1931,train
1932,validation
1933,validation
1934,train
1935,train
1936,test
1937,train
1938,validation
1939,train
1940,train
1941,test
1942,test
1943,train
1944,train
1945,train
1946,train
1947,train
1948,validation
1949,train
1950,test
1951,test
1952,train
1953,test
1954,train
1955,train
1956,train
1957,test
1958,train
1959,train
1960,test
1961,train
1962,train
1963,test
1964,train
1965,train
1966,train
1967,train
1968,test
1969,train
1970,test
1971,train
1972,train
1973,train
1974,validation
1975,test
1976,train
1977,validation
1978,train
1979,test
1980,validation
1981,validation
1982,train
1983,train
1984,train
1985,validation
1986,train
1987,train
1988,train
1989,train
1990,train
1991,train
1992,train
1993,validation
1994,validation
1995,train
1996,train
1997,validation
1998,validation
1999,test
2000,train
2001,test
2002,train
2003,train
2004,test
2005,test
2006,validation
2007,train
2008,train
2009,train
2010,validation
2011,validation
2012,train
2013,test
2014,test
2015,train
2016,train
2017,train
2018,train
2019,train
2020,train
2021,train
2022,train
2023,train
2024,test
2025,train
2026,train
2027,validation
2028,train
2029,test
2030,test
2031,test
2032,test
2033,train
2034,test
2035,validation
2036,train
2037,train
2038,train
2039,train
2040,test
2041,test
2042,test
2043,test
2044,train
2045,train
2046,train
2047,train
2048,train
2049,train
2050,train
2051,train
2052,test
2053,train
2054,validation
2055,train
2056,test
2057,validation
2058,train
2059,test
2060,validation
2061,train
2062,test
2063,train
2064,train
2065,train
2066,train
2067,train
2068,validation
2069,test
2070,train
2071,train
2072,train
2073,test
2074,train
2075,validation
2076,train
2077,test
2078,test
2079,train
2080,train
2081,test
2082,train
2083,train
2084,test
2085,train
2086,train
2087,validation
2088,train
2089,train
2090,test
2091,train
2092,train
2093,validation
2094,test
2095,test
2096,test
2097,train
2098,test
2099,train
2100,train
2101,train
2102,train
2103,train
2104,validation
2105,train
2106,validation
2107,train
2108,train
2109,test
2110,train
2111,train
2112,validation
2113,train
2114,validation
2115,test
2116,train
2117,validation
2118,train
2119,validation
2120,train
2121,train
2122,train
2123,test
2124,test
2125,train
2126,test
2127,test
2128,train
2129,validation
2130,train
2131,train
2132,validation
2133,train
2134,train
2135,train
2136,train
2137,train
2138,validation
2139,test
2140,test
2141,validation
2142,validation
2143,test
2144,train
2145,train
2146,validation
2147,test
2148,train
2149,train
2150,test
2151,train
2152,test
2153,test
2154,validation
2155,validation
2156,validation
2157,train
2158,train
2159,train
2160,test
2161,train
2162,validation
2163,validation
2164,train
2165,test
2166,train
2167,train
2168,test
2169,train
2170,test
2171,validation
2172,test
2173,train
2174,train
2175,train
2176,train
2177,train
2178,test
2179,train
2180,train
2181,train
2182,train
2183,train
2184,validation
2185,train
2186,test
2187,train
2188,train
2189,train
2190,train
2191,train
2192,train
2193,train
2194,validation
2195,test
2196,train
2197,train
2198,train
2199,train
2200,train
2201,validation
2202,test
2203,test
2204,train
2205,validation
2206,test
2207,train
2208,train
2209,validation
2210,train
2211,train
2212,train
2213,train
2214,train
2215,train
2216,test
2217,train
2218,train
2219,test
2220,train
2221,train
2222,train
2223,test
2224,train
2225,train
2226,test
2227,validation
2228,test
2229,validation
2230,train
2231,train
2232,train
2233,validation
2234,test
2235,validation
2236,validation
2237,train
2238,train
2239,test
2240,validation
2241,train
2242,train
2243,train
2244,train
2245,test
2246,train
2247,test
2248,train
2249,train
2250,train
2251,test
2252,train
2253,validation
2254,train
2255,train
2256,train
2257,validation
2258,test
2259,train
2260,test
2261,train
2262,train
2263,train
2264,train
2265,test
2266,train
2267,test
2268,train
2269,train
2270,train
2271,train
2272,test
2273,train
2274,train
2275,train
2276,train
2277,validation
2278,train
2279,test
2280,train
2281,validation
2282,validation
2283,train
2284,train
2285,train
2286,train
2287,validation
2288,train
2289,train
2290,train
2291,train
2292,test
2293,test
2294,train
2295,train
2296,validation
2297,test
2298,train
2299,train
2300,train
2301,validation
2302,test
2303,train
2304,train
2305,train
2306,train
2307,test
2308,train
2309,train
2310,train
2311,test
2312,train
2313,train
2314,validation
2315,train
2316,train
2317,train
2318,validation
2319,train
2320,train
2321,validation
2322,train
2323,train
2324,validation
2325,validation
2326,train
2327,validation
2328,train
2329,train
2330,train
2331,validation
2332,train
2333,train
2334,train
2335,test
2336,train
2337,validation
2338,test
2339,validation
2340,train
2341,train
2342,train
2343,train
2344,train
2345,train
2346,train
2347,validation
2348,train
2349,train
2350,train
2351,validation
2352,train
2353,train
2354,train
2355,train
2356,train
2357,train
2358,train
2359,train
2360,test
2361,train
2362,train
2363,train
2364,validation
2365,train
2366,test
2367,train
2368,train
2369,train
2370,train
2371,validation
2372,train
2373,train
2374,test
2375,train
2376,validation
2377,validation
2378,validation
2379,validation
2380,test
2381,train
2382,train
2383,train
2384,validation
2385,train
2386,train
2387,train
2388,train
2389,test
2390,validation
2391,train
2392,validation
2393,train
2394,validation
2395,validation
2396,train
2397,validation
2398,test
2399,train
2400,train
2401,train
2402,train
2403,train
2404,train
2405,test
2406,test
2407,train
2408,train
2409,train
2410,test
2411,validation
2412,validation
2413,train
2414,train
2415,train
2416,train
2417,test
2418,validation
2419,train
2420,train
2421,train
2422,train
2423,train
2424,test
2425,train
2426,train
2427,train
2428,test
2429,validation
2430,validation
2431,train
2432,train
2433,test
2434,validation
2435,test
2436,validation
2437,train
2438,train
2439,test
2440,train
2441,test
2442,train
2443,train
2444,validation
2445,test
2446,validation
2447,validation
2448,validation
2449,validation
2450,train
2451,train
2452,train
2453,train
2454,test
2455,test
2456,validation
2457,train
2458,validation
2459,train
2460,train
2461,test
2462,train
2463,train
2464,train
2465,train
2466,train
2467,validation
2468,train
2469,test
2470,train
2471,train
2472,validation
2473,train
2474,train
2475,test
2476,train
2477,train
2478,test
2479,validation
2480,train
2481,test
2482,train
2483,train
2484,validation
2485,validation
2486,test
2487,train
2488,train
2489,test
2490,train
2491,train
2492,train
2493,test
2494,train
2495,train
2496,train
2497,train
2498,train
2499,train
2500,test
2501,train
2502,validation
2503,test
2504,train
2505,validation
2506,train
2507,train
2508,train
2509,validation
2510,train
2511,train
2512,train
2513,train
2514,test
2515,train
2516,validation
2517,validation
2518,train
2519,train
2520,test
2521,test
2522,test
2523,train
2524,train
2525,train
2526,train
2527,train
2528,validation
2529,test
2530,validation
2531,train
2532,test
2533,train
2534,validation
2535,test
2536,train
2537,train
2538,train
2539,validation
2540,train
2541,train
2542,test
2543,validation
2544,validation
2545,train
2546,validation
2547,validation
2548,validation
2549,train
2550,test
2551,test
2552,train
2553,train
2554,validation
2555,validation
2556,train
2557,validation
2558,train
2559,train
2560,train
2561,train
2562,validation
2563,validation
2564,validation
2565,train
2566,train
2567,validation
2568,train
2569,train
2570,validation
2571,train
2572,train
2573,validation
2574,train
2575,train
2576,validation
2577,validation
2578,train
2579,train
2580,test
2581,test
2582,train
2583,validation
2584,train
2585,train
2586,test
2587,train
2588,train
2589,validation
2590,validation
2591,train
2592,train
2593,validation
2594,train
2595,test
2596,validation
2597,test
2598,validation
2599,test
2600,train
2601,validation
2602,train
2603,train
2604,train
2605,validation
2606,validation
2607,test
2608,validation
2609,train
2610,validation
2611,test
2612,train
2613,train
2614,validation
2615,train
2616,validation
2617,test
2618,train
2619,train
2620,test
2621,train
2622,train
2623,test
2624,train
2625,test
2626,train
2627,test
2628,test
2629,train
2630,validation
2631,train
2632,test
2633,test
2634,train
2635,test
2636,train
2637,train
2638,train
2639,train
2640,train
2641,test
2642,test
2643,train
2644,train
2645,train
2646,train
2647,train
2648,train
2649,train
2650,train
2651,train
2652,train
2653,test
2654,train
2655,train
2656,train
2657,validation
2658,train
2659,test
2660,validation
2661,train
2662,test
2663,test
2664,train
2665,validation
2666,train
2667,train
2668,train
2669,test
2670,validation
2671,train
2672,test
2673,train
2674,test
2675,train
2676,train
2677,validation
2678,train
2679,train
2680,test
2681,train
2682,train
2683,train
2684,train
2685,test
2686,test
2687,validation
2688,validation
2689,validation
2690,validation
2691,train
2692,validation
2693,test
2694,train
2695,train
2696,train
2697,train
2698,train
2699,train
2700,validation
2701,test
2702,train
2703,train
2704,validation
2705,validation
2706,test
2707,test
2708,train
2709,train
2710,test
2711,validation
2712,train
2713,validation
2714,train
2715,validation
2716,validation
2717,validation
2718,validation
2719,test
2720,validation
2721,validation
2722,train
2723,train
2724,test
2725,train
2726,train
2727,train
2728,test
2729,train
2730,validation
2731,train
2732,validation
2733,train
2734,train
2735,train
2736,test
2737,test
2738,train
2739,train
2740,train
2741,train
2742,train
2743,train
2744,train
2745,train
2746,train
2747,train
2748,test
2749,train
2750,train
2751,train
2752,validation
2753,train
2754,train
2755,train
2756,train
2757,test
2758,train
2759,train
2760,test
2761,train
2762,test
2763,test
2764,train
2765,train
2766,train
2767,train
2768,validation
2769,validation
2770,train
2771,train
2772,train
2773,train
2774,test
2775,validation
2776,test
2777,test
2778,validation
2779,validation
2780,train
2781,test
2782,train
2783,train
2784,train
2785,train
2786,test
2787,test
2788,train
2789,test
2790,train
2791,test
2792,train
2793,train
2794,train
2795,train
2796,train
2797,train
2798,train
2799,train
2800,train
2801,train
2802,train
2803,validation
2804,train
2805,validation
2806,train
2807,train
2808,train
2809,train
2810,train
2811,test
2812,train
2813,train
2814,train
2815,test
2816,train
2817,test
2818,validation
2819,train
2820,train
2821,train
2822,train
2823,train
2824,train
2825,train
2826,train
2827,test
2828,train
2829,train
2830,train
2831,train
2832,train
2833,test
2834,train
2835,validation
2836,train
2837,train
2838,train
2839,train
2840,train
2841,train
2842,train
2843,test
2844,train
2845,test
2846,test
2847,train
2848,train
2849,test
2850,train
2851,validation
2852,train
2853,train
2854,train
2855,validation
2856,validation
2857,test
2858,test
2859,train
2860,train
2861,train
2862,train
2863,train
2864,train
2865,train
2866,test
2867,train
2868,train
2869,train
2870,validation
2871,test
2872,validation
2873,validation
2874,train
2875,train
2876,train
2877,train
2878,train
2879,test
2880,test
2881,train
2882,test
2883,train
2884,train
2885,train
2886,validation
2887,train
2888,train
2889,validation
2890,train
2891,train
2892,validation
2893,train
2894,train
2895,train
2896,validation
2897,train
2898,train
2899,test
2900,train
2901,validation
2902,test
2903,test
2904,train
2905,train
2906,train
2907,train
2908,train
2909,train
2910,train
2911,test
2912,train
2913,test
2914,validation
2915,test
2916,validation
2917,train
2918,train
2919,train
2920,validation
2921,test
2922,train
2923,train
2924,test
2925,train
2926,train
2927,train
2928,train
2929,train
2930,train
2931,train
2932,train
2933,train
2934,train
2935,train
2936,train
2937,validation
2938,test
2939,train
2940,train
2941,test
2942,train
2943,test
2944,validation
2945,train
2946,train
2947,train
2948,train
2949,train
2950,validation
2951,train
2952,test
2953,test
2954,validation
2955,test
2956,train
2957,train
2958,train
2959,test
2960,train
2961,validation
2962,test
2963,train
2964,test
2965,validation
2966,train
2967,test
2968,validation
2969,train
2970,validation
2971,train
2972,train
2973,train
2974,train
2975,train
2976,train
2977,train
2978,train
2979,train
2980,train
2981,train
2982,train
2983,test
2984,train
2985,train
2986,test
2987,train
2988,validation
2989,test
2990,train
2991,train
2992,test
2993,train
2994,validation
2995,train
2996,validation
2997,test
2998,train
2999,validation
3000,validation
3001,train
3002,train
3003,test
3004,train
3005,test
3006,train
3007,train
3008,test
3009,train
3010,validation
3011,test
3012,train
3013,test
3014,train
3015,train
3016,train
3017,validation
3018,validation
3019,validation
3020,train
3021,train
3022,train
3023,test
3024,train
3025,train
3026,train
3027,train
3028,train
3029,train
3030,train
3031,train
3032,train
3033,test
3034,test
3035,validation
3036,train
3037,test
3038,train
3039,validation
3040,train
3041,train
3042,validation
3043,test
3044,validation
3045,train
3046,train
3047,validation
3048,test
3049,train
3050,train
3051,train
3052,train
3053,train
3054,train
3055,train
3056,test
3057,validation
3058,test
3059,train
3060,test
3061,train
3062,train
3063,train
3064,train
3065,train
3066,train
3067,test
3068,train
3069,train
3070,validation
3071,train
3072,validation
3073,train
3074,train
3075,train
3076,train
3077,validation
3078,validation
3079,train
3080,train
3081,train
3082,test
3083,test
3084,train
3085,train
3086,train
3087,train
3088,train
3089,train
3090,train
3091,train
3092,validation
3093,train
3094,test
3095,train
3096,train
3097,train
3098,validation
3099,train
3100,train
3101,train
3102,train
3103,train
3104,validation
3105,train
3106,train
3107,train
3108,train
3109,train
3110,validation
3111,train
3112,train
3113,train
3114,train
3115,test
3116,test
3117,validation
3118,train
3119,test
3120,train
3121,validation
3122,train
3123,train
3124,train
3125,train
3126,test
3127,train
3128,train
3129,validation
3130,train
3131,train
3132,test
3133,train
3134,train
3135,train
3136,train
3137,validation
3138,train
3139,train
3140,train
3141,train
3142,train
3143,train
3144,train
3145,train
3146,validation
3147,train
3148,train
3149,train
3150,train
3151,train
3152,validation
3153,train
3154,train
3155,train
3156,test
3157,train
3158,test
3159,test
3160,test
3161,validation
3162,train
3163,train
3164,test
3165,train
3166,validation
3167,test
3168,test
3169,train
3170,train
3171,train
3172,validation
3173,validation
3174,train
3175,train
3176,train
3177,train
3178,validation
3179,test
3180,train
3181,train
3182,validation
3183,train
3184,test
3185,train
3186,validation
3187,train
3188,train
3189,test
3190,train
3191,test
3192,validation
3193,train
3194,train
3195,train
3196,train
3197,train
3198,test
3199,train
3200,train
3201,test
3202,train
3203,train
3204,train
3205,validation
3206,train
3207,test
3208,train
3209,train
3210,train
3211,train
3212,test
3213,train
3214,validation
3215,test
3216,train
3217,train
3218,test
3219,train
3220,train
3221,train
3222,train
3223,test
3224,train
3225,train
3226,train
3227,train
3228,train
3229,test
3230,test
3231,test
3232,train
3233,test
3234,validation
3235,validation
3236,train
3237,train
3238,test
3239,test
3240,train
3241,test
3242,train
3243,validation
3244,test
3245,train
3246,train
3247,test
3248,train
3249,validation
3250,train
3251,validation
3252,train
3253,validation
3254,test
3255,train
3256,test
3257,validation
3258,test
3259,validation
3260,test
3261,train
3262,train
3263,train
3264,validation
3265,train
3266,train
3267,train
3268,train
3269,train
3270,train
3271,train
3272,train
3273,test
3274,validation
3275,train
3276,train
3277,train
3278,train
3279,validation
3280,train
3281,test
3282,validation
3283,validation
3284,validation
3285,test
3286,train
3287,validation
3288,validation
3289,train
3290,train
3291,train
3292,train
3293,train
3294,validation
3295,train
3296,validation
3297,validation
3298,train
3299,train
3300,train
3301,train
3302,train
3303,train
3304,train
3305,train
3306,test
3307,test
3308,train
3309,train
3310,test
3311,train
3312,train
3313,train
3314,train
3315,train
3316,train
3317,train
3318,test
3319,validation
3320,train
3321,train
3322,test
3323,train
3324,train
3325,train
3326,train
3327,validation
3328,validation
3329,train
3330,train
3331,test
3332,train
3333,train
3334,train
3335,train
3336,train
3337,test
3338,validation
3339,test
3340,train
3341,validation
3342,train
3343,validation
3344,validation
3345,test
3346,validation
3347,validation
3348,train
3349,validation
3350,test
3351,validation
3352,train
3353,validation
3354,train
3355,validation
3356,test
3357,train
3358,train
3359,train
3360,validation
3361,test
3362,train
3363,train
3364,train
3365,validation
3366,train
3367,train
3368,train
3369,train
3370,train
3371,train
3372,train
3373,train
3374,train
3375,test
3376,train
3377,train
3378,train
3379,train
3380,train
3381,train
3382,train
3383,train
3384,test
3385,test
3386,train
3387,train
3388,test
3389,test
3390,train
3391,test
3392,train
3393,train
3394,test
3395,train
3396,validation
3397,test
3398,validation
3399,validation
3400,train
3401,validation
3402,train
3403,test
3404,train
3405,train
3406,train
3407,test
3408,train
3409,train
3410,train
3411,train
3412,test
3413,test
3414,train
3415,train
3416,test
3417,validation
3418,test
3419,train
3420,train
3421,train
3422,train
3423,validation
3424,validation
3425,train
3426,test
3427,train
3428,train
3429,test
3430,test
3431,train
3432,train
3433,train
3434,train
3435,validation
3436,train
3437,train
3438,train
3439,train
3440,train
3441,train
3442,train
3443,train
3444,train
3445,train
3446,test
3447,test
3448,validation
3449,train
3450,validation
3451,test
3452,test
3453,test
3454,train
3455,train
3456,train
3457,test
3458,train
3459,train
3460,train
3461,validation
3462,test
3463,test
3464,train
3465,validation
3466,validation
3467,validation
3468,validation
3469,test
3470,train
3471,validation
3472,train
3473,test
3474,validation
3475,train
3476,train
3477,validation
3478,test
3479,test
3480,train
3481,test
3482,train
3483,train
3484,validation
3485,train
3486,train
3487,train
3488,train
3489,train
3490,train
3491,train
3492,train
3493,train
3494,validation
3495,test
3496,test
3497,train
3498,train
3499,validation
3500,train
3501,train
3502,validation
3503,train
3504,train
3505,train
3506,validation
3507,train
3508,train
3509,train
3510,test
3511,validation
3512,train
3513,train
3514,train
3515,train
3516,train
3517,train
3518,validation
3519,train
3520,test
3521,train
3522,test
3523,train
3524,train
3525,test
3526,test
3527,train
3528,train
3529,test
3530,validation
3531,train
3532,train
3533,test
3534,train
3535,train
3536,train
3537,train
3538,train
3539,train
3540,train
3541,train
3542,train
3543,train
3544,test
3545,validation
3546,train
3547,train
3548,validation
3549,validation
3550,validation
3551,validation
3552,train
3553,train
3554,train
3555,train
3556,train
3557,train
3558,train
3559,train
3560,train
3561,validation
3562,train
3563,test
3564,train
3565,validation
3566,validation
3567,train
3568,train
3569,train
3570,train
3571,test
3572,train
3573,validation
3574,train
3575,train
3576,train
3577,validation
3578,train
3579,train
3580,validation
3581,train
3582,validation
3583,train
3584,train
3585,train
3586,train
3587,train
3588,test
3589,validation
3590,train
3591,train
3592,train
3593,validation
3594,validation
3595,train
3596,train
3597,train
3598,train
3599,validation
3600,train
3601,train
3602,train
3603,test
3604,train
3605,train
3606,validation
3607,train
3608,train
3609,train
3610,train
3611,train
3612,train
3613,train
3614,test
3615,train
3616,validation
3617,train
3618,train
3619,train
3620,train
3621,train
3622,train
3623,train
3624,train
3625,train
3626,validation
3627,train
3628,validation
3629,validation
3630,train
3631,train
3632,validation
3633,train
3634,validation
3635,validation
3636,train
3637,train
3638,train
3639,train
3640,train
3641,train
3642,train
3643,train
3644,train
3645,train
3646,train
3647,train
3648,validation
3649,train
3650,test
3651,train
3652,train
3653,train
3654,test
3655,test
3656,train
3657,test
3658,validation
3659,validation
3660,test
3661,train
3662,train
3663,validation
3664,train
3665,test
3666,train
3667,train
3668,train
3669,train
3670,validation
3671,train
3672,train
3673,train
3674,train
3675,test
3676,validation
3677,train
3678,train
3679,train
3680,validation
3681,train
3682,train
3683,validation
3684,test
3685,train
3686,test
3687,train
3688,test
3689,validation
3690,train
3691,train
3692,test
3693,train
3694,train
3695,train
3696,train
3697,validation
3698,train
3699,train
3700,test
3701,train
3702,train
3703,train
3704,train
3705,validation
3706,train
3707,validation
3708,train
3709,train
3710,test
3711,train
3712,train
3713,train
3714,train
3715,train
3716,train
3717,train
3718,train
3719,train
3720,train
3721,train
3722,test
3723,train
3724,train
3725,validation
3726,train
3727,train
3728,validation
3729,train
3730,test
3731,test
3732,train
3733,train
3734,test
3735,test
3736,test
3737,train
3738,train
3739,train
3740,train
3741,train
3742,test
3743,test
3744,train
3745,train
3746,train
3747,validation
3748,test
3749,train
3750,validation
3751,train
3752,train
3753,train
3754,test
3755,validation
3756,train
3757,validation
3758,train
3759,validation
3760,test
3761,train
3762,validation
3763,train
3764,train
3765,test
3766,validation
3767,train
3768,validation
3769,train
3770,train
3771,train
3772,test
3773,train
3774,train
3775,train
3776,train
3777,train
3778,train
3779,train
3780,train
3781,train
3782,validation
3783,test
3784,train
3785,train
3786,train
3787,validation
3788,test
3789,train
3790,train
3791,train
3792,train
3793,train
3794,validation
3795,train
3796,validation
3797,train
3798,train
3799,train
3800,train
3801,train
3802,train
3803,test
3804,train
3805,train
3806,train
3807,train
3808,validation
3809,train
3810,validation
3811,validation
3812,validation
3813,train
3814,train
3815,train
3816,test
3817,train
3818,train
3819,test
3820,test
3821,train
3822,test
3823,test
3824,train
3825,train
3826,train
3827,test
3828,validation
3829,test
3830,train
3831,train
3832,train
3833,test
3834,train
3835,validation
3836,test
3837,train
3838,test
3839,train
3840,train
3841,train
3842,train
3843,validation
3844,train
3845,test
3846,train
3847,train
3848,validation
3849,train
3850,train
3851,test
3852,train
3853,train
3854,train
3855,test
3856,test
3857,validation
3858,test
3859,train
3860,validation
3861,train
3862,test
3863,train
3864,test
3865,train
3866,train
3867,train
3868,test
3869,train
3870,test
3871,train
3872,test
3873,test
3874,train
3875,train
3876,test
3877,validation
3878,train
3879,train
3880,train
3881,train
3882,train
3883,test
3884,train
3885,train
3886,train
3887,test
3888,train
3889,train
3890,train
3891,train
3892,test
3893,train
3894,validation
3895,test
3896,train
3897,train
3898,train
3899,validation
3900,test
3901,train
3902,test
3903,train
3904,validation
3905,train
3906,test
3907,train
3908,train
3909,validation
3910,validation
3911,test
3912,train
3913,train
3914,test
3915,train
3916,train
3917,validation
3918,test
3919,test
3920,train
3921,test
3922,train
3923,test
3924,test
3925,train
3926,train
3927,validation
3928,train
3929,train
3930,validation
3931,train
3932,test
3933,train
3934,train
3935,train
3936,train
3937,test
3938,train
3939,train
3940,train
3941,train
3942,test
3943,train
3944,train
3945,train
3946,train
3947,train
3948,validation
3949,validation
3950,train
3951,validation
3952,validation
3953,train
3954,train
3955,train
3956,train
3957,train
3958,train
3959,test
3960,train
3961,train
3962,train
3963,train
3964,test
3965,validation
3966,train
3967,train
3968,train
3969,train
3970,train
3971,validation
3972,test
3973,train
3974,train
3975,train
3976,test
3977,test
3978,validation
3979,train
3980,train
3981,train
3982,test
3983,train
3984,train
3985,train
3986,test
3987,train
3988,train
3989,train
3990,validation
3991,validation
3992,train
3993,train
3994,train
3995,train
3996,train
3997,train
3998,train
3999,train
4000,validation
4001,train
4002,test
4003,train
4004,train
4005,train
4006,train
4007,train
4008,train
4009,validation
4010,validation
4011,train
4012,train
4013,train
4014,train
4015,validation
4016,validation
4017,train
4018,validation
4019,test
4020,test
4021,train
4022,train
4023,validation
4024,train
4025,test
4026,train
4027,test
4028,train
4029,test
4030,test
4031,train
4032,train
4033,train
4034,train
4035,train
4036,train
4037,test
4038,train
4039,train
4040,test
4041,validation
4042,validation
4043,train
4044,train
4045,train
4046,train
4047,train
4048,train
4049,validation
4050,train
4051,train
4052,validation
4053,train
4054,train
4055,validation
4056,train
4057,test
4058,validation
4059,validation
4060,train
4061,train
4062,validation
4063,train
4064,train
4065,train
4066,train
4067,train
4068,train
4069,validation
4070,test
4071,train
4072,validation
4073,train
4074,train
4075,test
4076,test
4077,validation
4078,train
4079,train
4080,validation
4081,train
4082,test
4083,test
4084,train
4085,train
4086,test
4087,train
4088,train
4089,train
4090,train
4091,validation
4092,validation
4093,train
4094,train
4095,test
4096,test
4097,test
4098,train
4099,test
4100,train
4101,test
4102,train
4103,train
4104,train
4105,train
4106,train
4107,train
4108,train
4109,train
4110,validation
4111,validation
4112,train
4113,train
4114,train
4115,test
4116,validation
4117,test
4118,train
4119,train
4120,train
4121,test
4122,train
4123,train
4124,validation
4125,train
4126,test
4127,train
4128,train
4129,test
4130,train
4131,train
4132,test
4133,test
4134,train
4135,train
4136,train
4137,test
4138,train
4139,validation
4140,test
4141,validation
4142,train
4143,validation
4144,train
4145,train
4146,validation
4147,train
4148,test
4149,train
4150,validation
4151,validation
4152,train
4153,test
4154,train
4155,train
4156,train
4157,train
4158,test
4159,train
4160,validation
4161,validation
4162,validation
4163,train
4164,validation
4165,test
4166,train
4167,train
4168,test
4169,validation
4170,train
4171,train
4172,test
4173,train
4174,test
4175,train
4176,train
4177,train
4178,train
4179,validation
4180,train
4181,train
4182,train
4183,validation
4184,train
4185,validation
4186,train
4187,train
4188,train
4189,train
4190,validation
4191,train
4192,train
4193,train
4194,validation
4195,train
4196,test
4197,test
4198,train
4199,validation
4200,train
4201,train
4202,train
4203,train
4204,test
4205,train
4206,test
4207,validation
4208,test
4209,train
4210,validation
4211,validation
4212,train
4213,train
4214,validation
4215,train
4216,validation
4217,train
4218,validation
4219,train
4220,train
4221,train
4222,test
4223,train
4224,train
4225,train
4226,train
4227,train
4228,test
4229,validation
4230,train
4231,train
4232,train
4233,test
4234,validation
4235,validation
4236,test
4237,validation
4238,validation
4239,train
4240,train
4241,train
4242,train
4243,train
4244,train
4245,train
4246,train
4247,train
4248,train
4249,train
4250,test
4251,train
4252,test
4253,validation
4254,train
4255,test
4256,test
4257,test
4258,test
4259,validation
4260,validation
4261,train
4262,test
4263,train
4264,train
4265,train
4266,test
4267,train
4268,train
4269,train
4270,train
4271,validation
4272,test
4273,test
4274,validation
4275,train
4276,validation
4277,train
4278,validation
4279,train
4280,test
4281,validation
4282,validation
4283,validation
4284,train
4285,train
4286,train
4287,train
4288,validation
4289,validation
4290,validation
4291,train
4292,train
4293,train
4294,train
4295,test
4296,test
4297,test
4298,test
4299,validation
4300,train
4301,validation
4302,validation
4303,test
4304,validation
4305,train
4306,validation
4307,train
4308,test
4309,validation
4310,train
4311,test
4312,train
4313,validation
4314,train
4315,train
4316,validation
4317,train
4318,train
4319,validation
4320,train
4321,test
4322,train
4323,train
4324,validation
4325,train
4326,train
4327,train
4328,validation
4329,train
4330,train
4331,train
4332,train
4333,validation
4334,train
4335,train
4336,test
4337,train
4338,train
4339,validation
4340,train
4341,train
4342,train
4343,train
4344,validation
4345,train
4346,train
4347,train
4348,test
4349,validation
4350,train
4351,validation
4352,validation
4353,train
4354,train
4355,train
4356,test
4357,train
4358,test
4359,validation
4360,train
4361,train
4362,train
4363,test
4364,train
4365,train
4366,train
4367,test
4368,train
4369,validation
4370,train
4371,test
4372,test
4373,test
4374,train
4375,validation
4376,train
4377,validation
4378,train
4379,test
4380,validation
4381,train
4382,validation
4383,train
4384,train
4385,train
4386,validation
4387,test
4388,validation
4389,validation
4390,test
4391,train
4392,train
4393,train
4394,test
4395,train
4396,test
4397,train
4398,train
4399,train
4400,train
4401,test
4402,train
4403,train
4404,train
4405,train
4406,train
4407,validation
4408,test
4409,train
4410,train
4411,train
4412,train
4413,train
4414,train
4415,train
4416,validation
4417,train
4418,train
4419,train
4420,train
4421,train
4422,test
4423,train
4424,test
4425,train
4426,train
4427,validation
4428,train
4429,train
4430,train
4431,train
4432,validation
4433,validation
4434,train
4435,train
4436,train
4437,train
4438,train
4439,validation
4440,train
4441,train
4442,validation
4443,test
4444,train
4445,test
4446,train
4447,train
4448,test
4449,validation
4450,train
4451,validation
4452,train
4453,train
4454,train
4455,train
4456,train
4457,train
4458,train
4459,train
4460,train
4461,validation
4462,train
4463,train
4464,test
4465,train
4466,validation
4467,train
4468,train
4469,validation
4470,train
4471,train
4472,train
4473,validation
4474,train
4475,train
4476,train
4477,train
4478,validation
4479,train
4480,validation
4481,validation
4482,train
4483,test
4484,train
4485,test
4486,validation
4487,train
4488,train
4489,validation
4490,validation
4491,train
4492,validation
4493,train
4494,test
4495,train
4496,test
4497,train
4498,train
4499,train
4500,train
4501,validation
4502,train
4503,train
4504,test
4505,test
4506,train
4507,train
4508,validation
4509,train
4510,train
4511,train
4512,test
4513,train
4514,validation
4515,train
4516,train
4517,train
4518,validation
4519,train
4520,train
4521,train
4522,train
4523,validation
4524,validation
4525,train
4526,test
4527,validation
4528,train
4529,train
4530,train
4531,train
4532,train
4533,train
4534,train
4535,train
4536,train
4537,train
4538,train
4539,train
4540,train
4541,train
4542,train
4543,train
4544,train
4545,train
4546,train
4547,train
4548,train
4549,validation
4550,train
4551,validation
4552,test
4553,test
4554,train
4555,test
4556,train
4557,train
4558,test
4559,test
4560,validation
4561,test
4562,test
4563,train
4564,test
4565,train
4566,train
4567,validation
4568,train
4569,train
4570,validation
4571,train
4572,train
4573,train
4574,train
4575,train
4576,train
4577,train
4578,train
4579,validation
4580,validation
4581,validation
4582,train
4583,train
4584,train
4585,test
4586,train
4587,train
4588,train
4589,train
4590,train
4591,train
4592,train
4593,train
4594,train
4595,train
4596,train
4597,test
4598,train
4599,train
4600,validation
4601,train
4602,train
4603,test
4604,train
4605,test
4606,train
4607,train
4608,test
4609,train
4610,train
4611,train
4612,train
4613,test
4614,train
4615,train
4616,train
4617,train
4618,train
4619,train
4620,test
4621,test
4622,test
4623,test
4624,test
4625,train
4626,test
4627,train
4628,test
4629,test
4630,train
4631,validation
4632,validation
4633,train
4634,train
4635,train
4636,train
4637,train
4638,train
4639,validation
4640,train
4641,validation
4642,train
4643,train
4644,train
4645,validation
4646,validation
4647,train
4648,train
4649,validation
4650,train
4651,train
4652,train
4653,train
4654,train
4655,test
4656,train
4657,validation
4658,train
4659,train
4660,test
4661,test
4662,test
4663,train
4664,train
4665,train
4666,validation
4667,validation
4668,validation
4669,validation
4670,train
4671,train
4672,train
4673,validation
4674,validation
4675,validation
4676,test
4677,train
4678,train
4679,validation
4680,train
4681,train
4682,train
4683,train
4684,train
4685,test
4686,train
4687,train
4688,test
4689,validation
4690,test
4691,train
4692,train
4693,validation
4694,validation
4695,train
4696,validation
4697,train
4698,train
4699,test
4700,validation
4701,test
4702,train
4703,train
4704,train
4705,validation
4706,train
4707,test
4708,train
4709,test
4710,test
4711,train
4712,train
4713,validation
4714,validation
4715,train
4716,test
4717,test
4718,train
4719,train
4720,test
4721,train
4722,train
4723,test
4724,train
4725,train
4726,train
4727,train
4728,validation
4729,test
4730,train
4731,train
4732,train
4733,validation
4734,test
4735,train
4736,train
4737,train
4738,validation
4739,test
4740,validation
4741,validation
4742,train
4743,train
4744,train
4745,validation
4746,validation
4747,test
4748,train
4749,train
4750,train
4751,validation
4752,test
4753,test
4754,validation
4755,validation
4756,train
4757,test
4758,test
4759,train
4760,train
4761,test
4762,train
4763,test
4764,test
4765,train
4766,train
4767,train
4768,test
4769,test
4770,train
4771,test
4772,train
4773,train
4774,train
4775,test
4776,train
4777,validation
4778,train
4779,train
4780,train
4781,train
4782,train
4783,train
4784,train
4785,train
4786,test
4787,train
4788,train
4789,test
4790,test
4791,train
4792,test
4793,validation
4794,train
4795,train
4796,test
4797,test
4798,train
4799,train
4800,validation
4801,validation
4802,train
4803,train
4804,train
4805,test
4806,train
4807,test
4808,train
4809,train
4810,validation
4811,train
4812,validation
4813,train
4814,test
4815,train
4816,train
4817,train
4818,validation
4819,train
4820,train
4821,train
4822,test
4823,validation
4824,validation
4825,test
4826,train
4827,train
4828,train
4829,train
4830,train
4831,validation
4832,train
4833,train
4834,train
4835,train
4836,train
4837,train
4838,validation
4839,validation
4840,train
4841,train
4842,test
4843,train
4844,train
4845,validation
4846,train
4847,validation
4848,validation
4849,train
4850,test
4851,test
4852,train
4853,train
4854,train
4855,train
4856,validation
4857,train
4858,validation
4859,validation
4860,train
4861,train
4862,validation
4863,train
4864,train
4865,train
4866,test
4867,test
4868,train
4869,train
4870,train
4871,validation
4872,test
4873,validation
4874,test
4875,validation
4876,test
4877,train
4878,train
4879,train
4880,train
4881,train
4882,train
4883,train
4884,validation
4885,validation
4886,train
4887,train
4888,train
4889,train
4890,test
4891,train
4892,train
4893,validation
4894,train
4895,test
4896,train
4897,train
4898,train
4899,test
4900,validation
4901,test
4902,train
4903,train
4904,test
4905,train
4906,validation
4907,train
4908,test
4909,train
4910,test
4911,train
4912,train
4913,train
4914,test
4915,validation
4916,train
4917,train
4918,validation
4919,train
4920,train
4921,train
4922,test
4923,train
4924,train
4925,test
4926,train
4927,train
4928,train
4929,validation
4930,train
4931,validation
4932,validation
4933,train
4934,validation
4935,test
4936,train
4937,train
4938,train
4939,train
4940,test
4941,train
4942,train
4943,test
4944,train
4945,validation
4946,train
4947,train
4948,train
4949,test
4950,validation
4951,test
4952,train
4953,train
4954,test
4955,train
4956,train
4957,validation
4958,train
4959,validation
4960,test
4961,train
4962,validation
4963,test
4964,train
4965,test
4966,train
4967,train
4968,test
4969,validation
4970,validation
4971,train
4972,test
4973,train
4974,validation
4975,train
4976,validation
4977,train
4978,validation
4979,validation
4980,test
4981,train
4982,test
4983,train
4984,train
4985,validation
4986,train
4987,train
4988,train
4989,validation
4990,validation
4991,validation
4992,train
4993,train
4994,validation
4995,validation
4996,train
4997,train
4998,train
4999,test
5000,test
5001,train
5002,train
5003,test
5004,validation
5005,train
5006,validation
5007,train
5008,train
5009,train
5010,train
5011,train
5012,train
5013,train
5014,train
5015,validation
5016,train
5017,validation
5018,train
5019,train
5020,test
5021,train
5022,test
5023,train
5024,train
5025,train
5026,validation
5027,validation
5028,train
5029,train
5030,train
5031,train
5032,train
5033,train
5034,test
5035,test
5036,train
5037,validation
5038,validation
5039,test
5040,train
5041,test
5042,train
5043,test
5044,train
5045,test
5046,validation
5047,train
5048,train
5049,train
5050,validation
5051,validation
5052,train
5053,train
5054,test
5055,validation
5056,train
5057,train
5058,train
5059,validation
5060,train
5061,test
5062,train
5063,train
5064,train
5065,train
5066,test
5067,validation
5068,train
5069,test
5070,train
5071,test
5072,train
5073,validation
5074,train
5075,train
5076,test
5077,test
5078,train
5079,train
5080,train
5081,test
5082,validation
5083,test
5084,train
5085,train
5086,validation
5087,validation
5088,train
5089,test
5090,test
5091,test
5092,train
5093,test
5094,test
5095,test
5096,train
5097,test
5098,train
5099,validation
5100,validation
5101,validation
5102,test
5103,validation
5104,validation
5105,train
5106,train
5107,test
5108,validation
5109,validation
5110,train
5111,train
5112,train
5113,test
5114,test
5115,train
5116,validation
5117,train
5118,train
5119,validation
5120,test
5121,train
5122,train
5123,train
5124,test
5125,train
5126,train
5127,train
5128,train
5129,train
5130,validation
5131,train
5132,train
5133,train
5134,train
5135,train
5136,train
5137,train
5138,validation
5139,test
5140,train
5141,validation
5142,train
5143,train
5144,validation
5145,test
5146,validation
5147,test
5148,validation
5149,test
5150,test
5151,validation
5152,train
5153,train
5154,train
5155,test
5156,validation
5157,validation
5158,validation
5159,train
5160,validation
5161,train
5162,train
5163,train
5164,train
5165,validation
5166,train
5167,validation
5168,test
5169,train
5170,train
5171,test
5172,train
5173,train
5174,validation
5175,train
5176,test
5177,validation
5178,train
5179,train
5180,train
5181,validation
5182,train
5183,train
5184,train
5185,validation
5186,train
5187,train
5188,test
5189,train
5190,train
5191,train
5192,test
5193,train
5194,test
5195,train
5196,train
5197,validation
5198,train
5199,train
5200,train
5201,train
5202,train
5203,validation
5204,validation
5205,train
5206,test
5207,test
5208,validation
5209,validation
5210,train
5211,test
5212,train
5213,validation
5214,validation
5215,test
5216,train
5217,validation
5218,train
5219,train
5220,validation
5221,train
5222,train
5223,train
5224,train
5225,train
5226,train
5227,train
5228,validation
5229,test
5230,test
5231,train
5232,test
5233,train
5234,validation
5235,validation
5236,train
5237,train
5238,train
5239,test
5240,train
5241,validation
5242,validation
5243,train
5244,train
5245,train
5246,train
5247,test
5248,train
5249,train
5250,validation
5251,validation
5252,validation
5253,validation
5254,train
5255,train
5256,train
5257,validation
5258,test
5259,test
5260,test
5261,train
5262,train
5263,train
5264,test
5265,test
5266,test
5267,train
5268,train
5269,train
5270,train
5271,train
5272,validation
5273,validation
5274,train
5275,train
5276,train
5277,test
5278,train
5279,train
5280,train
5281,test
5282,test
5283,train
5284,train
5285,train
5286,train
5287,train
5288,train
5289,train
5290,train
5291,train
5292,train
5293,train
5294,train
5295,train
5296,test
5297,validation
5298,validation
5299,train
5300,train
5301,train
5302,train
5303,train
5304,validation
5305,validation
5306,train
5307,train
5308,validation
5309,train
5310,train
5311,validation
5312,train
5313,train
5314,test
5315,validation
5316,train
5317,train
5318,train
5319,train
5320,train
5321,train
5322,train
5323,validation
5324,train
5325,train
5326,train
5327,train
5328,train
5329,train
5330,train
5331,train
5332,train
5333,validation
5334,test
5335,train
5336,train
5337,validation
5338,train
5339,validation
5340,test
5341,test
5342,train
5343,train
5344,validation
5345,validation
5346,test
5347,train
5348,train
5349,train
5350,train
5351,train
5352,train
5353,train
5354,test
5355,train
5356,train
5357,train
5358,train
5359,validation
5360,validation
5361,test
5362,train
5363,train
5364,validation
5365,validation
5366,test
5367,test
5368,train
5369,train
5370,train
5371,test
5372,train
5373,validation
5374,train
5375,train
5376,train
5377,validation
5378,train
5379,train
5380,validation
5381,train
5382,validation
5383,train
5384,train
5385,train
5386,train
5387,train
5388,test
5389,train
5390,train
5391,test
5392,test
5393,train
5394,train
5395,train
5396,test
5397,train
5398,train
5399,test
5400,train
5401,train
5402,validation
5403,train
5404,train
5405,train
5406,test
5407,validation
5408,test
5409,train
5410,train
5411,train
5412,train
5413,train
5414,validation
5415,test
5416,train
5417,train
5418,test
5419,train
5420,train
5421,train
5422,validation
5423,validation
5424,train
5425,validation
5426,validation
5427,train
5428,validation
5429,test
5430,validation
5431,validation
5432,train
5433,validation
5434,train
5435,validation
5436,test
5437,test
5438,train
5439,train
5440,train
5441,train
5442,validation
5443,train
5444,train
5445,test
5446,train
5447,test
5448,train
5449,test
5450,train
5451,train
5452,train
5453,train
5454,train
5455,train
5456,train
5457,test
5458,test
5459,train
5460,validation
5461,test
5462,train
5463,train
5464,train
5465,train
5466,validation
5467,validation
5468,train
5469,test
5470,train
5471,train
5472,validation
5473,test
5474,train
5475,test
5476,train
5477,train
5478,test
5479,train
5480,train
5481,test
5482,train
5483,train
5484,train
5485,train
5486,train
5487,train
5488,train
5489,train
5490,train
5491,train
5492,train
5493,train
5494,train
5495,validation
5496,train
5497,train
5498,validation
5499,validation
5500,test
5501,validation
5502,train
5503,train
5504,train
5505,train
5506,train
5507,train
5508,validation
5509,test
5510,validation
5511,train
5512,train
5513,validation
5514,validation
5515,train
5516,train
5517,test
5518,train
5519,train
5520,train
5521,train
5522,train
5523,train
5524,train
5525,train
5526,train
5527,train
5528,test
5529,train
5530,test
5531,train
5532,train
5533,train
5534,validation
5535,train
5536,test
5537,train
5538,train
5539,train
5540,train
5541,train
5542,train
5543,validation
5544,train
5545,train
5546,train
5547,validation
5548,train
5549,train
5550,train
5551,train
5552,validation
5553,train
5554,train
5555,train
5556,train
5557,train
5558,train
5559,train
5560,train
5561,test
5562,train
5563,validation
5564,train
5565,test
5566,train
5567,train
5568,train
5569,train
5570,train
5571,test
5572,train
5573,test
5574,train
5575,train
5576,train
5577,train
5578,test
5579,validation
5580,test
5581,validation
5582,train
5583,train
5584,train
5585,train
5586,train
5587,train
5588,train
5589,train
5590,train
5591,test
5592,train
5593,train
5594,validation
5595,test
5596,test
5597,train
5598,test
5599,train
5600,validation
5601,train
5602,test
5603,train
5604,validation
5605,validation
5606,validation
5607,train
5608,test
5609,train
5610,test
5611,test
5612,train
5613,test
5614,test
5615,test
5616,test
5617,validation
5618,test
5619,train
5620,validation
5621,train
5622,test
5623,train
5624,train
5625,train
5626,train
5627,test
5628,test
5629,validation
5630,train
5631,train
5632,train
5633,train
5634,test
5635,train
5636,test
5637,train
5638,train
5639,train
5640,train
5641,train
5642,train
5643,test
5644,train
5645,train
5646,train
5647,test
5648,validation
5649,test
5650,validation
5651,train
5652,train
5653,train
5654,test
5655,train
5656,validation
5657,train
5658,test
5659,train
5660,train
5661,validation
5662,train
5663,test
5664,train
5665,test
5666,test
5667,test
5668,train
5669,train
5670,train
5671,train
5672,validation
5673,validation
5674,test
5675,train
5676,train
5677,test
5678,train
5679,validation
5680,train
5681,validation
5682,train
5683,test
5684,train
5685,train
5686,validation
5687,train
5688,test
5689,train
5690,validation
5691,train
5692,train
5693,train
5694,train
5695,train
5696,train
5697,test
5698,test
5699,train
5700,test
5701,validation
5702,train
5703,validation
5704,train
5705,train
5706,train
5707,validation
5708,train
5709,test
5710,test
5711,train
5712,test
5713,test
5714,train
5715,train
5716,train
5717,validation
5718,train
5719,validation
5720,train
5721,train
5722,test
5723,train
5724,train
5725,test
5726,validation
5727,train
5728,test
5729,validation
5730,test
5731,validation
5732,train
5733,train
5734,train
5735,train
5736,test
5737,train
5738,train
5739,validation
5740,test
5741,train
5742,test
5743,validation
5744,test
5745,validation
5746,train
5747,train
5748,validation
5749,test
5750,train
5751,test
5752,test
5753,train
5754,test
5755,train
5756,test
5757,test
5758,train
5759,train
5760,train
5761,test
5762,train
5763,test
5764,validation
5765,test
5766,train
5767,test
5768,train
5769,train
5770,test
5771,test
5772,validation
5773,test
5774,test
5775,train
5776,train
5777,test
5778,train
5779,validation
5780,train
5781,test
5782,train
5783,train
5784,train
5785,train
5786,train
5787,train
5788,validation
5789,test
5790,validation
5791,test
5792,test
5793,train
5794,validation
5795,test
5796,validation
5797,validation
5798,train
5799,test
5800,train
5801,train
5802,test
5803,train
5804,train
5805,train
5806,train
5807,train
5808,train
5809,test
5810,train
5811,train
5812,train
5813,train
5814,train
5815,train
5816,train
5817,test
5818,validation
5819,validation
5820,train
5821,train
5822,train
5823,test
5824,test
5825,train
5826,train
5827,train
5828,validation
5829,test
5830,test
5831,validation
5832,train
5833,validation
5834,test
5835,train
5836,validation
5837,train
5838,train
5839,train
5840,train
5841,train
5842,test
5843,train
5844,test
5845,validation
5846,train
5847,train
5848,validation
5849,test
5850,train
5851,train
5852,train
5853,train
5854,train
5855,validation
5856,test
5857,train
5858,test
5859,validation
5860,train
5861,train
5862,train
5863,train
5864,train
5865,train
5866,train
5867,validation
5868,train
5869,validation
5870,test
5871,validation
5872,test
5873,test
5874,train
5875,test
5876,validation
5877,train
5878,train
5879,train
5880,train
5881,test
5882,validation
5883,train
5884,train
5885,validation
5886,validation
5887,test
5888,train
5889,validation
5890,test
5891,validation
5892,train
5893,validation
5894,train
5895,train
5896,validation
5897,validation
5898,train
5899,test
5900,validation
5901,test
5902,train
5903,train
5904,train
5905,train
5906,train
5907,test
5908,train
5909,train
5910,validation
5911,train
5912,train
5913,train
5914,test
5915,test
5916,train
5917,train
5918,test
5919,validation
5920,train
5921,test
5922,train
5923,train
5924,validation
5925,validation
5926,validation
5927,test
5928,train
5929,train
5930,test
5931,train
5932,test
5933,validation
5934,train
5935,train
5936,test
5937,train
5938,validation
5939,train
5940,train
5941,train
5942,train
5943,train
5944,train
5945,validation
5946,train
5947,train
5948,validation
5949,train
5950,test
5951,train
5952,test
5953,train
5954,test
5955,train
5956,train
5957,test
5958,validation
5959,validation
5960,test
5961,validation
5962,train
5963,train
5964,train
5965,train
5966,test
5967,train
5968,train
5969,validation
5970,train
5971,test
5972,train
5973,train
5974,train
5975,train
5976,test
5977,validation
5978,train
5979,test
5980,test
5981,validation
5982,validation
5983,train
5984,train
5985,train
5986,validation
5987,test
5988,train
5989,train
5990,train
5991,test
5992,validation
5993,train
5994,train
5995,train
5996,train
5997,test
5998,train
5999,train
6000,validation
6001,train
6002,train
6003,test
6004,train
6005,train
6006,train
6007,test
6008,train
6009,train
6010,train
6011,test
6012,test
6013,train
6014,train
6015,train
6016,train
6017,train
6018,train
6019,train
6020,train
6021,test
6022,train
6023,test
6024,train
6025,train
6026,test
6027,validation
6028,train
6029,validation
6030,train
6031,test
6032,test
6033,train
6034,validation
6035,validation
6036,train
6037,validation
6038,train
6039,validation
6040,validation
6041,train
6042,train
6043,train
6044,validation
6045,train
6046,train
6047,train
6048,test
6049,train
6050,train
6051,validation
6052,train
6053,validation
6054,train
6055,validation
6056,train
6057,validation
6058,test
6059,validation
6060,validation
6061,train
6062,train
6063,test
6064,train
6065,test
6066,validation
6067,train
6068,train
6069,validation
6070,test
6071,validation
6072,train
6073,train
6074,train
6075,train
6076,test
6077,train
6078,train
6079,test
6080,train
6081,train
6082,test
6083,validation
6084,train
6085,validation
6086,validation
6087,test
6088,train
6089,train
6090,train
6091,validation
6092,test
6093,train
6094,train
6095,train
6096,train
6097,train
6098,train
6099,train
6100,test
6101,validation
6102,train
6103,train
6104,validation
6105,train
6106,validation
6107,train
6108,test
6109,validation
6110,train
6111,validation
6112,test
6113,train
6114,validation
6115,train
6116,train
6117,train
6118,train
6119,train
6120,validation
6121,test
6122,validation
6123,train
6124,train
6125,train
6126,train
6127,train
6128,validation
6129,train
6130,validation
6131,test
6132,train
6133,test
6134,train
6135,validation
6136,train
6137,train
6138,test
6139,train
6140,train
6141,train
6142,validation
6143,test
6144,train
6145,train
6146,train
6147,train
6148,train
6149,train
6150,train
6151,test
6152,test
6153,train
6154,train
6155,train
6156,validation
6157,test
6158,train
6159,train
6160,validation
6161,test
6162,train
6163,validation
6164,train
6165,validation
6166,validation
6167,test
6168,test
6169,train
6170,validation
6171,train
6172,train
6173,train
6174,train
6175,train
6176,train
6177,train
6178,test
6179,train
6180,validation
6181,test
6182,train
6183,train
6184,train
6185,test
6186,train
6187,train
6188,validation
6189,train
6190,validation
6191,train
6192,test
6193,test
6194,validation
6195,train
6196,test
6197,train
6198,train
6199,train
6200,train
6201,validation
6202,train
6203,validation
6204,validation
6205,validation
6206,test
6207,validation
6208,train
6209,train
6210,validation
6211,train
6212,validation
6213,validation
6214,train
6215,train
6216,test
6217,train
6218,test
6219,train
6220,validation
6221,train
6222,train
6223,train
6224,train
6225,test
6226,train
6227,train
6228,train
6229,train
6230,train
6231,validation
6232,train
6233,train
6234,train
6235,train
6236,train
6237,validation
6238,train
6239,test
6240,train
6241,train
6242,train
6243,train
6244,validation
6245,train
6246,train
6247,train
6248,train
6249,train
6250,train
6251,train
6252,validation
6253,train
6254,train
6255,train
6256,train
6257,train
6258,validation
6259,train
6260,train
6261,train
6262,train
6263,test
6264,test
6265,test
6266,train
6267,validation
6268,validation
6269,validation
6270,validation
6271,validation
6272,validation
6273,train
6274,test
6275,test
6276,train
6277,train
6278,train
6279,test
6280,train
6281,validation
6282,train
6283,train
6284,train
6285,test
6286,validation
6287,validation
6288,test
6289,test
6290,train
6291,train
6292,validation
6293,train
6294,train
6295,train
6296,train
6297,train
6298,train
6299,train
6300,validation
6301,validation
6302,test
6303,test
6304,train
6305,train
6306,train
6307,train
6308,train
6309,train
6310,test
6311,train
6312,train
6313,train
6314,train
6315,test
6316,train
6317,train
6318,validation
6319,train
6320,train
6321,test
6322,train
6323,train
6324,validation
6325,test
6326,train
6327,validation
6328,test
6329,train
6330,train
6331,train
6332,test
6333,validation
6334,validation
6335,validation
6336,test
6337,train
6338,train
6339,train
6340,test
6341,test
6342,train
6343,train
6344,train
6345,test
6346,test
6347,train
6348,train
6349,validation
6350,validation
6351,validation
6352,train
6353,validation
6354,test
6355,train
6356,train
6357,test
6358,test
6359,train
6360,validation
6361,validation
6362,validation
6363,validation
6364,validation
6365,train
6366,train
6367,validation
6368,train
6369,train
6370,test
6371,validation
6372,train
6373,train
6374,validation
6375,train
6376,train
6377,test
6378,test
6379,train
6380,validation
6381,train
6382,validation
6383,train
6384,test
6385,train
6386,validation
6387,test
6388,train
6389,train
6390,validation
6391,train
6392,validation
6393,train
6394,train
6395,train
6396,train
6397,train
6398,train
6399,train
6400,validation
6401,train
6402,train
6403,train
6404,train
6405,validation
6406,train
6407,train
6408,test
6409,test
6410,train
6411,train
6412,train
6413,test
6414,train
6415,train
6416,test
6417,train
6418,train
6419,train
6420,train
6421,train
6422,train
6423,validation
6424,train
6425,test
6426,train
6427,test
6428,train
6429,train
6430,validation
6431,train
6432,validation
6433,train
6434,validation
6435,train
6436,validation
6437,train
6438,train
6439,test
6440,train
6441,validation
6442,test
6443,train
6444,test
6445,train
6446,train
6447,train
6448,train
6449,validation
6450,train
6451,train
6452,validation
6453,test
6454,train
6455,train
6456,validation
6457,train
6458,train
6459,train
6460,validation
6461,test
6462,validation
6463,validation
6464,test
6465,train
6466,train
6467,train
6468,train
6469,validation
6470,train
6471,train
6472,train
6473,train
6474,train
6475,train
6476,train
6477,train
6478,train
6479,train
6480,train
6481,train
6482,validation
6483,validation
6484,test
6485,test
6486,test
6487,train
6488,train
6489,train
6490,train
6491,train
6492,validation
6493,test
6494,test
6495,validation
6496,validation
6497,validation
6498,train
6499,train
6500,train
6501,train
6502,test
6503,train
6504,train
6505,validation
6506,test
6507,test
6508,train
6509,train
6510,train
6511,train
6512,train
6513,train
6514,train
6515,test
6516,train
6517,train
6518,train
6519,train
6520,test
6521,test
6522,train
6523,train
6524,validation
6525,train
6526,train
6527,validation
6528,train
6529,train
6530,train
6531,train
6532,train
6533,validation
6534,train
6535,test
6536,validation
6537,train
6538,train
6539,train
6540,train
6541,train
6542,validation
6543,train
6544,test
6545,train
6546,train
6547,validation
6548,train
6549,test
6550,test
6551,train
6552,train
6553,validation
6554,train
6555,test
6556,test
6557,train
6558,validation
6559,test
6560,train
6561,test
6562,test
6563,train
6564,train
6565,test
6566,train
6567,validation
6568,train
6569,train
6570,train
6571,test
6572,validation
6573,train
6574,train
6575,train
6576,train
6577,train
6578,train
6579,train
6580,validation
6581,train
6582,test
6583,train
6584,train
6585,train
6586,validation
6587,validation
6588,test
6589,test
6590,train
6591,train
6592,train
6593,test
6594,validation
6595,train
6596,train
6597,train
6598,test
6599,train
6600,train
6601,train
6602,train
6603,test
6604,train
6605,validation
6606,validation
6607,train
6608,test
6609,train
6610,test
6611,train
6612,train
6613,train
6614,train
6615,train
6616,train
6617,train
6618,validation
6619,train
6620,validation
6621,validation
6622,train
6623,train
6624,test
6625,train
6626,train
6627,train
6628,validation
6629,train
6630,train
6631,train
6632,train
6633,train
6634,test
6635,validation
6636,test
6637,train
6638,train
6639,train
6640,validation
6641,train
6642,test
6643,train
6644,test
6645,test
6646,train
6647,train
6648,train
6649,test
6650,train
6651,train
6652,train
6653,train
6654,train
6655,train
6656,validation
6657,train
6658,train
6659,train
6660,test
6661,train
6662,train
6663,test
6664,train
6665,test
6666,test
6667,test
6668,test
6669,validation
6670,train
6671,test
6672,train
6673,test
6674,test
6675,train
6676,test
6677,validation
6678,train
6679,test
6680,train
6681,train
6682,train
6683,train
6684,train
6685,test
6686,validation
6687,train
6688,train
6689,validation
6690,train
6691,train
6692,train
6693,test
6694,train
6695,train
6696,train
6697,validation
6698,train
6699,train
6700,train
6701,train
6702,train
6703,train
6704,train
6705,train
6706,train
6707,validation
6708,test
6709,validation
6710,test
6711,train
6712,test
6713,train
6714,train
6715,validation
6716,train
6717,train
6718,test
6719,test
6720,train
6721,train
6722,train
6723,train
6724,train
6725,train
6726,train
6727,train
6728,train
6729,test
6730,train
6731,validation
6732,test
6733,validation
6734,validation
6735,train
6736,validation
6737,train
6738,test
6739,train
6740,test
6741,validation
6742,train
6743,validation
6744,train
6745,train
6746,test
6747,train
6748,test
6749,train
6750,validation
6751,validation
6752,train
6753,test
6754,validation
6755,train
6756,validation
6757,train
6758,validation
6759,test
6760,validation
6761,train
6762,train
6763,test
6764,test
6765,train
6766,test
6767,train
6768,test
6769,test
6770,train
6771,test
6772,test
6773,validation
6774,train
6775,train
6776,train
6777,train
6778,train
6779,test
6780,train
6781,train
6782,test
6783,validation
6784,train
6785,train
6786,validation
6787,train
6788,test
6789,test
6790,test
6791,train
6792,test
6793,train
6794,train
6795,train
6796,validation
6797,validation
6798,train
6799,train
6800,validation
6801,validation
6802,train
6803,validation
6804,validation
6805,train
6806,train
6807,validation
6808,train
6809,train
6810,train
6811,test
6812,train
6813,train
6814,train
6815,test
6816,train
6817,train
6818,test
6819,train
6820,train
6821,train
6822,train
6823,test
6824,train
6825,train
6826,train
6827,train
6828,train
6829,train
6830,test
6831,validation
6832,train
6833,train
6834,train
6835,train
6836,train
6837,test
6838,test
6839,test
6840,train
6841,test
6842,validation
6843,train
6844,test
6845,test
6846,test
6847,train
6848,train
6849,train
6850,train
6851,train
6852,train
6853,train
6854,validation
6855,train
6856,test
6857,validation
6858,train
6859,train
6860,train
6861,train
6862,train
6863,train
6864,validation
6865,train
6866,validation
6867,test
6868,test
6869,train
6870,train
6871,train
6872,train
6873,test
6874,train
6875,train
6876,train
6877,validation
6878,train
6879,train
6880,validation
6881,train
6882,train
6883,test
6884,train
6885,validation
6886,validation
6887,validation
6888,test
6889,train
6890,validation
6891,train
6892,validation
6893,test
6894,train
6895,validation
6896,validation
6897,train
6898,train
6899,train
6900,validation
6901,validation
6902,train
6903,validation
6904,test
6905,validation
6906,train
6907,test
6908,train
6909,train
6910,validation
6911,train
6912,validation
6913,test
6914,train
6915,train
6916,validation
6917,train
6918,train
6919,test
6920,validation
6921,train
6922,test
6923,train
6924,test
6925,test
6926,train
6927,train
6928,validation
6929,train
6930,test
6931,train
6932,train
6933,train
6934,test
6935,train
6936,train
6937,train
6938,train
6939,train
6940,validation
6941,test
6942,test
6943,train
6944,train
6945,train
6946,validation
6947,train
6948,train
6949,train
6950,train
6951,train
6952,test
6953,validation
6954,train
6955,test
6956,test
6957,train
6958,test
6959,train
6960,validation
6961,validation
6962,train
6963,validation
6964,validation
6965,train
6966,train
6967,train
6968,train
6969,test
6970,train
6971,train
6972,validation
6973,test
6974,test
6975,train
6976,train
6977,test
6978,test
6979,test
6980,validation
6981,validation
6982,test
6983,train
6984,train
6985,train
6986,train
6987,train
6988,train
6989,test
6990,test
6991,test
6992,test
6993,train
6994,train
6995,train
6996,train
6997,train
6998,train
6999,test
7000,validation
7001,train
7002,test
7003,test
7004,train
7005,validation
7006,test
7007,train
7008,test
7009,train
7010,train
7011,train
7012,train
7013,train
7014,train
7015,validation
7016,train
7017,train
7018,train
7019,train
7020,train
7021,train
7022,train
7023,train
7024,test
7025,train
7026,train
7027,test
7028,train
7029,validation
7030,train
7031,test
7032,train
7033,validation
7034,train
7035,train
7036,test
7037,train
7038,train
7039,validation
7040,train
7041,test
7042,train
7043,train
7044,train
7045,test
7046,test
7047,train
7048,train
7049,train
7050,train
7051,train
7052,train
7053,test
7054,train
7055,validation
7056,train
7057,train
7058,validation
7059,train
7060,test
7061,test
7062,train
7063,validation
7064,test
7065,train
7066,train
7067,test
7068,test
7069,validation
7070,train
7071,train
7072,train
7073,train
7074,train
7075,train
7076,train
7077,train
7078,test
7079,validation
7080,train
7081,train
7082,test
7083,validation
7084,validation
7085,train
7086,validation
7087,validation
7088,train
7089,validation
7090,train
7091,validation
7092,train
7093,train
7094,validation
7095,train
7096,train
7097,train
7098,train
7099,train
7100,train
7101,train
7102,train
7103,test
7104,test
7105,train
7106,train
7107,train
7108,train
7109,validation
7110,train
7111,test
7112,validation
7113,validation
7114,train
7115,train
7116,train
7117,validation
7118,validation
7119,validation
7120,test
7121,train
7122,validation
7123,validation
7124,validation
7125,test
7126,validation
7127,train
7128,train
7129,validation
7130,train
7131,train
7132,train
7133,test
7134,test
7135,validation
7136,test
7137,validation
7138,train
7139,train
7140,test
7141,validation
7142,train
7143,train
7144,validation
7145,train
7146,validation
7147,train
7148,train
7149,test
7150,test
7151,validation
7152,validation
7153,test
7154,train
7155,validation
7156,train
7157,train
7158,train
7159,train
7160,validation
7161,test
7162,train
7163,test
7164,validation
7165,train
7166,test
7167,validation
7168,validation
7169,train
7170,test
7171,train
7172,train
7173,test
7174,validation
7175,validation
7176,validation
7177,train
7178,train
7179,validation
7180,validation
7181,test
7182,validation
7183,test
7184,test
7185,train
7186,validation
7187,train
7188,validation
7189,train
7190,validation
7191,validation
7192,test
7193,test
7194,validation
7195,test
7196,train
7197,test
7198,train
7199,train
7200,validation
7201,validation
7202,test
7203,validation
7204,validation
7205,test
7206,train
7207,validation
7208,test
7209,train
7210,test
7211,test
7212,train
7213,train
7214,train
7215,train
7216,train
7217,validation
7218,test
7219,test
7220,train
7221,test
7222,test
7223,train
7224,test
7225,train
7226,validation
7227,validation
7228,train
7229,test
7230,train
7231,validation
7232,train
7233,train
7234,train
7235,train
7236,test
7237,train
7238,train
7239,train
7240,train
7241,train
7242,validation
7243,train
7244,test
7245,validation
7246,train
7247,train
7248,train
7249,validation
7250,test
7251,test
7252,train
7253,train
7254,train
7255,train
7256,train
7257,validation
7258,train
7259,train
7260,validation
7261,train
7262,validation
7263,validation
7264,train
7265,validation
7266,test
7267,test
7268,train
7269,test
7270,train
7271,test
7272,train
7273,validation
7274,test
7275,test
7276,train
7277,train
7278,train
7279,train
7280,train
7281,train
7282,test
7283,train
7284,test
7285,train
7286,train
7287,train
7288,validation
7289,train
7290,test
7291,train
7292,train
7293,train
7294,train
7295,train
7296,test
7297,train
7298,test
7299,test
7300,test
7301,validation
7302,train
7303,train
7304,validation
7305,validation
7306,train
7307,train
7308,train
7309,train
7310,train
7311,train
7312,validation
7313,train
7314,train
7315,train
7316,test
7317,train
7318,train
7319,validation
7320,train
7321,train
7322,train
7323,train
7324,train
7325,test
7326,validation
7327,train
7328,train
7329,train
7330,train
7331,test
7332,validation
7333,test
7334,train
7335,test
7336,test
7337,train
7338,validation
7339,validation
7340,train
7341,test
7342,train
7343,train
7344,test
7345,train
7346,validation
7347,test
7348,train
7349,train
7350,train
7351,validation
7352,test
7353,train
7354,train
7355,train
7356,train
7357,validation
7358,train
7359,train
7360,validation
7361,train
7362,validation
7363,train
7364,train
7365,train
7366,test
7367,train
7368,train
7369,test
7370,train
7371,train
7372,train
7373,train
7374,test
7375,train
7376,test
7377,train
7378,train
7379,train
7380,test
7381,validation
7382,test
7383,validation
7384,test
7385,validation
7386,validation
7387,train
7388,validation
7389,train
7390,train
7391,train
7392,train
7393,validation
7394,train
7395,train
7396,validation
7397,test
7398,train
7399,validation
7400,validation
7401,train
7402,train
7403,train
7404,train
7405,train
7406,train
7407,train
7408,train
7409,test
7410,test
7411,train
7412,validation
7413,validation
7414,test
7415,train
7416,validation
7417,train
7418,train
7419,train
7420,train
7421,train
7422,train
7423,train
7424,train
7425,train
7426,validation
7427,test
7428,validation
7429,train
7430,train
7431,train
7432,test
7433,train
7434,validation
7435,test
7436,train
7437,train
7438,train
7439,train
7440,train
7441,validation
7442,validation
7443,train
7444,train
7445,train
7446,test
7447,train
7448,train
7449,train
7450,test
7451,test
7452,train
7453,train
7454,test
7455,train
7456,validation
7457,train
7458,train
7459,test
7460,validation
7461,test
7462,train
7463,test
7464,validation
7465,train
7466,test
7467,test
7468,train
7469,train
7470,validation
7471,train
7472,validation
7473,validation
7474,validation
7475,train
7476,validation
7477,train
7478,train
7479,validation
7480,test
7481,train
7482,train
7483,train
7484,test
7485,validation
7486,train
7487,train
7488,train
7489,train
7490,train
7491,test
7492,train
7493,train
7494,validation
7495,validation
7496,train
7497,test
7498,train
7499,validation
7500,validation
7501,train
7502,train
7503,train
7504,train
7505,train
7506,train
7507,test
7508,train
7509,train
7510,train
7511,train
7512,train
7513,train
7514,train
7515,test
7516,test
7517,train
7518,train
7519,test
7520,train
7521,train
7522,train
7523,test
7524,test
7525,test
7526,train
7527,test
7528,train
7529,validation
7530,validation
7531,validation
7532,train
7533,train
7534,train
7535,train
7536,train
7537,train
7538,train
7539,test
7540,train
7541,train
7542,test
7543,train
7544,train
7545,validation
7546,train
7547,validation
7548,train
7549,train
7550,train
7551,test
7552,train
7553,train
7554,train
7555,train
7556,test
7557,train
7558,train
7559,train
7560,test
7561,train
7562,validation
7563,validation
7564,validation
7565,train
7566,validation
7567,train
7568,train
7569,train
7570,validation
7571,train
7572,train
7573,validation
7574,train
7575,train
7576,train
7577,train
7578,test
7579,train
7580,test
7581,train
7582,test
7583,train
7584,train
7585,test
7586,train
7587,test
7588,train
7589,train
7590,test
7591,train
7592,train
7593,validation
7594,train
7595,test
7596,train
7597,train
7598,train
7599,test
7600,test
7601,test
7602,train
7603,test
7604,test
7605,train
7606,test
7607,train
7608,train
7609,train
7610,train
7611,validation
7612,validation
7613,validation
7614,test
7615,test
7616,test
7617,train
7618,test
7619,train
7620,train
7621,validation
7622,validation
7623,train
7624,test
7625,validation
7626,validation
7627,test
7628,train
7629,test
7630,validation
7631,train
7632,validation
7633,validation
7634,train
7635,test
7636,train
7637,train
7638,train
7639,train
7640,validation
7641,validation
7642,train
7643,validation
7644,train
7645,train
7646,train
7647,train
7648,train
7649,train
7650,test
7651,train
7652,train
7653,test
7654,test
7655,validation
7656,train
7657,test
7658,train
7659,validation
7660,test
7661,train
7662,validation
7663,validation
7664,train
7665,train
7666,train
7667,train
7668,train
7669,validation
7670,train
7671,train
7672,train
7673,test
7674,train
7675,train
7676,train
7677,validation
7678,train
7679,train
7680,train
7681,train
7682,test
7683,train
7684,test
7685,train
7686,validation
7687,validation
7688,test
7689,train
7690,test
7691,test
7692,train
7693,train
7694,train
7695,validation
7696,train
7697,test
7698,train
7699,train
7700,train
7701,test
7702,validation
7703,train
7704,train
7705,validation
7706,train
7707,train
7708,train
7709,train
7710,train
7711,train
7712,train
7713,train
7714,train
7715,train
7716,test
7717,train
7718,train
7719,train
7720,train
7721,train
7722,train
7723,test
7724,train
7725,train
7726,test
7727,train
7728,test
7729,test
7730,train
7731,test
7732,test
7733,train
7734,test
7735,train
7736,train
7737,train
7738,validation
7739,test
7740,train
7741,train
7742,train
7743,validation
7744,train
7745,train
7746,train
7747,train
7748,train
7749,train
7750,test
7751,validation
7752,train
7753,validation
7754,train
7755,train
7756,train
7757,train
7758,train
7759,train
7760,validation
7761,train
7762,test
7763,validation
7764,train
7765,train
7766,train
7767,validation
7768,train
7769,validation
7770,train
7771,train
7772,test
7773,train
7774,test
7775,validation
7776,train
7777,train
7778,validation
7779,train
7780,validation
7781,train
7782,train
7783,validation
7784,test
7785,validation
7786,validation
7787,train
7788,train
7789,train
7790,test
7791,validation
7792,train
7793,train
7794,train
7795,train
7796,train
7797,validation
7798,train
7799,test
7800,validation
7801,train
7802,train
7803,test
7804,train
7805,validation
7806,test
7807,train
7808,test
7809,train
7810,train
7811,train
7812,train
7813,train
7814,train
7815,train
7816,train
7817,validation
7818,test
7819,train
7820,train
7821,validation
7822,train
7823,validation
7824,train
7825,train
7826,train
7827,train
7828,train
7829,train
7830,train
7831,train
7832,train
7833,train
7834,validation
7835,train
7836,train
7837,train
7838,validation
7839,train
7840,train
7841,train
7842,train
7843,validation
7844,test
7845,train
7846,validation
7847,train
7848,test
7849,train
7850,train
7851,train
7852,validation
7853,train
7854,train
7855,train
7856,train
7857,test
7858,train
7859,train
7860,train
7861,train
7862,train
7863,train
7864,validation
7865,train
7866,test
7867,test
7868,train
7869,validation
7870,train
7871,validation
7872,train
7873,validation
7874,train
7875,train
7876,test
7877,train
7878,train
7879,train
7880,train
7881,train
7882,test
7883,train
7884,train
7885,train
7886,validation
7887,validation
7888,train
7889,train
7890,train
7891,train
7892,train
7893,train
7894,validation
7895,train
7896,train
7897,train
7898,train
7899,train
7900,train
7901,train
7902,validation
7903,train
7904,validation
7905,test
7906,train
7907,test
7908,validation
7909,train
7910,train
7911,train
7912,train
7913,train
7914,train
7915,train
7916,validation
7917,test
7918,train
7919,train
7920,validation
7921,train
7922,test
7923,validation
7924,train
7925,train
7926,test
7927,train
7928,train
7929,train
7930,validation
7931,train
7932,test
7933,train
7934,train
7935,train
7936,validation
7937,test
7938,train
7939,train
7940,validation
7941,test
7942,test
7943,train
7944,train
7945,train
7946,test
7947,train
7948,train
7949,train
7950,test
7951,train
7952,train
7953,test
7954,validation
7955,validation
7956,validation
7957,test
7958,train
7959,validation
7960,test
7961,validation
7962,validation
7963,validation
7964,train
7965,train
7966,validation
7967,train
7968,validation
7969,train
7970,train
7971,train
7972,train
7973,train
7974,train
7975,train
7976,train
7977,test
7978,train
7979,validation
7980,train
7981,train
7982,validation
7983,validation
7984,train
7985,train
7986,train
7987,test
7988,train
7989,train
7990,validation
7991,train
7992,train
7993,train
7994,validation
7995,train
7996,train
7997,train
7998,train
7999,validation
8000,validation
8001,validation
8002,train
8003,train
8004,train
8005,test
8006,validation
8007,validation
8008,train
8009,test
8010,train
8011,train
8012,test
8013,train
8014,train
8015,train
8016,train
8017,validation
8018,train
8019,train
8020,train
8021,test
8022,train
8023,train
8024,train
8025,train
8026,test
8027,train
8028,test
8029,validation
8030,validation
8031,train
8032,train
8033,train
8034,train
8035,test
8036,validation
8037,validation
8038,train
8039,test
8040,test
8041,train
8042,train
8043,train
8044,train
8045,train
8046,train
8047,test
8048,train
8049,test
8050,test
8051,train
8052,train
8053,train
8054,train
8055,train
8056,test
8057,test
8058,train
8059,validation
8060,train
8061,train
8062,train
8063,test
8064,train
8065,test
8066,test
8067,train
8068,validation
8069,validation
8070,validation
8071,train
8072,validation
8073,validation
8074,train
8075,validation
8076,validation
8077,train
8078,train
8079,validation
8080,train
8081,validation
8082,train
8083,train
8084,train
8085,train
8086,test
8087,train
8088,train
8089,train
8090,test
8091,train
8092,validation
8093,validation
8094,train
8095,train
8096,test
8097,train
8098,train
8099,test
8100,validation
8101,test
8102,train
8103,train
8104,test
8105,train
8106,test
8107,train
8108,train
8109,train
8110,train
8111,train
8112,validation
8113,train
8114,train
8115,train
8116,train
8117,train
8118,train
8119,test
8120,test
8121,test
8122,test
8123,train
8124,validation
8125,train
8126,train
8127,train
8128,validation
8129,train
8130,test
8131,validation
8132,train
8133,train
8134,train
8135,train
8136,train
8137,train
8138,train
8139,train
8140,train
8141,train
8142,train
8143,train
8144,train
8145,validation
8146,validation
8147,validation
8148,test
8149,train
8150,train
8151,train
8152,test
8153,train
8154,validation
8155,train
8156,train
8157,train
8158,train
8159,validation
8160,train
8161,test
8162,test
8163,validation
8164,train
8165,test
8166,train
8167,train
8168,train
8169,train
8170,train
8171,train
8172,train
8173,validation
8174,validation
8175,train
8176,train
8177,train
8178,train
8179,validation
8180,validation
8181,validation
8182,train
8183,validation
8184,train
8185,test
8186,test
8187,train
8188,train
8189,train
8190,train
8191,test
8192,validation
8193,train
8194,train
8195,train
8196,train
8197,validation
8198,train
8199,test
8200,test
8201,train
8202,test
8203,validation
8204,train
8205,train
8206,validation
8207,train
8208,validation
8209,test
8210,test
8211,train
8212,train
8213,test
8214,validation
8215,train
8216,test
8217,train
8218,train
8219,train
8220,train
8221,train
8222,train
8223,train
8224,train
8225,test
8226,test
8227,train
8228,validation
8229,test
8230,train
8231,train
8232,test
8233,train
8234,test
8235,train
8236,validation
8237,test
8238,train
8239,train
8240,train
8241,train
8242,train
8243,train
8244,validation
8245,validation
8246,train
8247,validation
8248,test
8249,train
8250,validation
8251,validation
8252,train
8253,train
8254,train
8255,test
8256,test
8257,test
8258,train
8259,train
8260,test
8261,validation
8262,validation
8263,test
8264,test
8265,test
8266,train
8267,validation
8268,test
8269,train
8270,train
8271,validation
8272,train
8273,train
8274,train
8275,train
8276,validation
8277,train
8278,test
8279,test
8280,train
8281,train
8282,validation
8283,train
8284,validation
8285,validation
8286,train
8287,test
8288,train
8289,test
8290,train
8291,validation
8292,train
8293,train
8294,train
8295,test
8296,test
8297,train
8298,train
8299,test
8300,train
8301,train
8302,validation
8303,train
8304,train
8305,train
8306,train
8307,test
8308,train
8309,train
8310,train
8311,validation
8312,train
8313,train
8314,train
8315,validation
8316,validation
8317,train
8318,train
8319,test
8320,validation
8321,train
8322,validation
8323,train
8324,train
8325,train
8326,train
8327,validation
8328,train
8329,train
8330,train
8331,train
8332,test
8333,train
8334,test
8335,validation
8336,validation
8337,test
8338,train
8339,test
8340,train
8341,train
8342,train
8343,train
8344,test
8345,train
8346,train
8347,validation
8348,test
8349,train
8350,train
8351,validation
8352,train
8353,train
8354,validation
8355,train
8356,train
8357,validation
8358,test
8359,train
8360,train
8361,test
8362,test
8363,train
8364,train
8365,validation
8366,test
8367,train
8368,train
8369,train
8370,test
8371,validation
8372,train
8373,train
8374,test
8375,test
8376,validation
8377,train
8378,test
8379,validation
8380,test
8381,train
8382,validation
8383,train
8384,validation
8385,validation
8386,train
8387,train
8388,test
8389,validation
8390,validation
8391,train
8392,validation
8393,test
8394,validation
8395,train
8396,train
8397,train
8398,test
8399,validation
8400,train
8401,validation
8402,test
8403,validation
8404,train
8405,train
8406,train
8407,validation
8408,validation
8409,validation
8410,train
8411,train
8412,train
8413,train
8414,validation
8415,validation
8416,train
8417,validation
8418,train
8419,test
8420,validation
8421,test
8422,train
8423,test
8424,test
8425,train
8426,train
8427,train
8428,train
8429,train
8430,train
8431,test
8432,validation
8433,train
8434,validation
8435,train
8436,train
8437,test
8438,validation
8439,train
8440,validation
8441,validation
8442,train
8443,train
8444,train
8445,train
8446,train
8447,train
8448,train
8449,test
8450,train
8451,test
8452,train
8453,train
8454,train
8455,test
8456,train
8457,validation
8458,validation
8459,train
8460,train
8461,validation
8462,validation
8463,train
8464,validation
8465,train
8466,train
8467,validation
8468,train
8469,test
8470,train
8471,train
8472,validation
8473,validation
8474,validation
8475,train
8476,train
8477,test
8478,test
8479,train
8480,test
8481,train
8482,train
8483,train
8484,train
8485,validation
8486,train
8487,train
8488,train
8489,test
8490,train
8491,train
8492,train
8493,train
8494,train
8495,train
8496,train
8497,test
8498,validation
8499,train
8500,validation
8501,train
8502,train
8503,train
8504,train
8505,train
8506,test
8507,train
8508,test
8509,train
8510,validation
8511,train
8512,train
8513,train
8514,train
8515,validation
8516,test
8517,test
8518,test
8519,train
8520,train
8521,train
8522,train
8523,train
8524,train
8525,test
8526,train
8527,train
8528,train
8529,train
8530,validation
8531,train
8532,train
8533,test
8534,test
8535,train
8536,train
8537,train
8538,train
8539,test
8540,test
8541,train
8542,train
8543,test
8544,validation
8545,validation
8546,test
8547,train
8548,train
8549,train
8550,validation
8551,train
8552,test
8553,train
8554,train
8555,train
8556,train
8557,train
8558,train
8559,validation
8560,train
8561,validation
8562,train
8563,test
8564,validation
8565,validation
8566,train
8567,validation
8568,validation
8569,validation
8570,train
8571,train
8572,train
8573,train
8574,validation
8575,validation
8576,validation
8577,validation
8578,train
8579,validation
8580,train
8581,train
8582,train
8583,train
8584,train
8585,test
8586,test
8587,validation
8588,validation
8589,test
8590,train
8591,test
8592,validation
8593,test
8594,train
8595,validation
8596,train
8597,train
8598,train
8599,test
8600,train
8601,train
8602,train
8603,validation
8604,validation
8605,train
8606,test
8607,train
8608,train
8609,train
8610,test
8611,test
8612,train
8613,train
8614,train
8615,test
8616,test
8617,test
8618,train
8619,validation
8620,train
8621,train
8622,train
8623,test
8624,train
8625,validation
8626,train
8627,train
8628,validation
8629,train
8630,test
8631,test
8632,train
8633,train
8634,train
8635,validation
8636,validation
8637,train
8638,train
8639,train
8640,train
8641,train
8642,train
8643,train
8644,train
8645,train
8646,train
8647,validation
8648,train
8649,train
8650,validation
8651,train
8652,test
8653,test
8654,validation
8655,train
8656,test
8657,train
8658,train
8659,train
8660,train
8661,validation
8662,validation
8663,test
8664,train
8665,train
8666,train
8667,train
8668,train
8669,validation
8670,validation
8671,test
8672,train
8673,train
8674,train
8675,validation
8676,train
8677,test
8678,train
8679,validation
8680,train
8681,validation
8682,test
8683,validation
8684,train
8685,test
8686,train
8687,train
8688,train
8689,train
8690,train
8691,train
8692,validation
8693,train
8694,train
8695,validation
8696,validation
8697,test
8698,validation
8699,train
8700,test
8701,train
8702,test
8703,train
8704,train
8705,train
8706,train
8707,train
8708,train
8709,validation
8710,train
8711,train
8712,test
8713,train
8714,test
8715,test
8716,train
8717,train
8718,test
8719,validation
8720,test
8721,test
8722,validation
8723,test
8724,validation
8725,validation
8726,validation
8727,train
8728,train
8729,train
8730,test
8731,test
8732,train
8733,test
8734,validation
8735,train
8736,train
8737,train
8738,train
8739,train
8740,train
8741,train
8742,train
8743,train
8744,validation
8745,train
8746,test
8747,train
8748,train
8749,train
8750,validation
8751,train
8752,test
8753,validation
8754,validation
8755,validation
8756,train
8757,test
8758,train
8759,validation
8760,train
8761,train
8762,validation
8763,validation
8764,test
8765,train
8766,train
8767,train
8768,train
8769,train
8770,train
8771,train
8772,train
8773,test
8774,validation
8775,train
8776,test
8777,train
8778,train
8779,validation
8780,train
8781,validation
8782,train
8783,test
8784,validation
8785,validation
8786,train
8787,test
8788,train
8789,validation
8790,validation
8791,train
8792,train
8793,train
8794,train
8795,train
8796,train
8797,test
8798,train
8799,test
8800,train
8801,validation
8802,train
8803,train
8804,test
8805,test
8806,validation
8807,test
8808,validation
8809,validation
8810,train
8811,train
8812,validation
8813,validation
8814,validation
8815,test
8816,train
8817,test
8818,train
8819,train
8820,test
8821,test
8822,test
8823,test
8824,train
8825,train
8826,train
8827,train
8828,train
8829,train
8830,train
8831,train
8832,test
8833,validation
8834,train
8835,train
8836,test
8837,train
8838,test
8839,train
8840,train
8841,train
8842,train
8843,train
8844,train
8845,test
8846,train
8847,train
8848,validation
8849,train
8850,train
8851,train
8852,validation
8853,train
8854,validation
8855,test
8856,test
8857,train
8858,test
8859,validation
8860,test
8861,validation
8862,validation
8863,train
8864,train
8865,train
8866,test
8867,train
8868,train
8869,test
8870,train
8871,train
8872,train
8873,train
8874,train
8875,train
8876,train
8877,train
8878,validation
8879,train
8880,train
8881,train
8882,validation
8883,train
8884,train
8885,train
8886,test
8887,train
8888,test
8889,validation
8890,train
8891,validation
8892,test
8893,validation
8894,validation
8895,validation
8896,test
8897,train
8898,train
8899,validation
8900,train
8901,validation
8902,train
8903,train
8904,train
8905,test
8906,train
8907,validation
8908,train
8909,train
8910,train
8911,train
8912,train
8913,test
8914,train
8915,train
8916,train
8917,train
8918,train
8919,test
8920,train
8921,validation
8922,test
8923,validation
8924,validation
8925,validation
8926,train
8927,train
8928,test
8929,train
8930,test
8931,test
8932,train
8933,train
8934,train
8935,test
8936,train
8937,train
8938,validation
8939,train
8940,train
8941,test
8942,train
8943,train
8944,train
8945,validation
8946,train
8947,validation
8948,train
8949,train
8950,train
8951,train
8952,train
8953,train
8954,train
8955,train
8956,train
8957,test
8958,train
8959,train
8960,train
8961,train
8962,test
8963,validation
8964,validation
8965,test
8966,train
8967,test
8968,train
8969,train
8970,train
8971,train
8972,train
8973,train
8974,train
8975,train
8976,test
8977,test
8978,test
8979,test
8980,test
8981,train
8982,train
8983,train
8984,validation
8985,train
8986,train
8987,train
8988,train
8989,train
8990,test
8991,validation
8992,test
8993,train
8994,train
8995,train
8996,train
8997,train
8998,train
8999,test
9000,validation
9001,train
9002,test
9003,test
9004,test
9005,train
9006,train
9007,validation
9008,train
9009,test
9010,test
9011,train
9012,validation
9013,validation
9014,test
9015,test
9016,test
9017,train
9018,test
9019,validation
9020,validation
9021,train
9022,train
9023,train
9024,train
9025,train
9026,validation
9027,train
9028,train
9029,train
9030,train
9031,train
9032,train
9033,test
9034,train
9035,train
9036,test
9037,test
9038,train
9039,train
9040,train
9041,train
9042,validation
9043,train
9044,test
9045,train
9046,test
9047,validation
9048,validation
9049,test
9050,validation
9051,train
9052,train
9053,test
9054,validation
9055,validation
9056,validation
9057,train
9058,train
9059,train
9060,train
9061,validation
9062,train
9063,validation
9064,validation
9065,train
9066,test
9067,train
9068,train
9069,test
9070,validation
9071,train
9072,train
9073,train
9074,validation
9075,train
9076,train
9077,train
9078,train
9079,train
9080,train
9081,test
9082,test
9083,train
9084,train
9085,train
9086,test
9087,train
9088,train
9089,train
9090,train
9091,test
9092,train
9093,train
9094,validation
9095,validation
9096,validation
9097,train
9098,train
9099,train
9100,train
9101,test
9102,train
9103,train
9104,train
9105,train
9106,test
9107,train
9108,validation
9109,train
9110,validation
9111,test
9112,validation
9113,train
9114,train
9115,train
9116,validation
9117,train
9118,train
9119,validation
9120,test
9121,train
9122,train
9123,train
9124,train
9125,validation
9126,validation
9127,train
9128,validation
9129,train
9130,validation
9131,validation
9132,train
9133,train
9134,train
9135,validation
9136,train
9137,train
9138,train
9139,train
9140,train
9141,train
9142,train
9143,train
9144,test
9145,train
9146,train
9147,train
9148,test
9149,train
9150,train
9151,validation
9152,train
9153,train
9154,train
9155,train
9156,train
9157,validation
9158,train
9159,train
9160,validation
9161,train
9162,train
9163,validation
9164,train
9165,train
9166,train
9167,train
9168,train
9169,train
9170,validation
9171,test
9172,train
9173,validation
9174,train
9175,train
9176,train
9177,validation
9178,test
9179,validation
9180,train
9181,train
9182,train
9183,test
9184,validation
9185,train
9186,validation
9187,train
9188,train
9189,train
9190,train
9191,train
9192,train
9193,train
9194,train
9195,train
9196,test
9197,validation
9198,train
9199,train
9200,train
9201,train
9202,train
9203,train
9204,train
9205,train
9206,test
9207,train
9208,train
9209,validation
9210,test
9211,test
9212,validation
9213,validation
9214,validation
9215,train
9216,validation
9217,test
9218,train
9219,train
9220,validation
9221,train
9222,validation
9223,validation
9224,validation
9225,validation
9226,train
9227,test
9228,train
9229,test
9230,test
9231,train
9232,test
9233,test
9234,train
9235,validation
9236,train
9237,train
9238,train
9239,validation
9240,validation
9241,train
9242,train
9243,train
9244,train
9245,validation
9246,train
9247,validation
9248,train
9249,test
9250,train
9251,train
9252,train
9253,test
9254,test
9255,train
9256,test
9257,train
9258,validation
9259,validation
9260,train
9261,train
9262,train
9263,train
9264,train
9265,train
9266,train
9267,train
9268,validation
9269,train
9270,validation
9271,test
9272,train
9273,train
9274,train
9275,train
9276,train
9277,train
9278,train
9279,train
9280,train
9281,train
9282,train
9283,train
9284,test
9285,validation
9286,validation
9287,validation
9288,train
9289,train
9290,train
9291,test
9292,train
9293,test
9294,train
9295,train
9296,train
9297,train
9298,train
9299,train
9300,train
9301,train
9302,train
9303,train
9304,validation
9305,test
9306,test
9307,train
9308,validation
9309,validation
9310,train
9311,validation
9312,train
9313,train
9314,train
9315,train
9316,test
9317,train
9318,test
9319,train
9320,train
9321,validation
9322,train
9323,train
9324,train
9325,validation
9326,test
9327,test
9328,train
9329,train
9330,test
9331,train
9332,train
9333,train
9334,train
9335,train
9336,train
9337,train
9338,train
9339,validation
9340,test
9341,test
9342,train
9343,train
9344,train
9345,validation
9346,test
9347,train
9348,validation
9349,validation
9350,train
9351,train
9352,train
9353,validation
9354,train
9355,test
9356,train
9357,train
9358,train
9359,train
9360,train
9361,train
9362,validation
9363,test
9364,validation
9365,train
9366,train
9367,train
9368,train
9369,validation
9370,train
9371,train
9372,test
9373,train
9374,validation
9375,test
9376,train
9377,test
9378,train
9379,validation
9380,validation
9381,validation
9382,train
9383,validation
9384,test
9385,validation
9386,test
9387,test
9388,test
9389,train
9390,validation
9391,train
9392,test
9393,test
9394,train
9395,train
9396,validation
9397,train
9398,test
9399,train
9400,train
9401,validation
9402,train
9403,validation
9404,train
9405,test
9406,train
9407,validation
9408,train
9409,train
9410,train
9411,test
9412,train
9413,train
9414,test
9415,train
9416,train
9417,test
9418,test
9419,validation
9420,test
9421,test
9422,validation
9423,train
9424,validation
9425,validation
9426,train
9427,train
9428,test
9429,train
9430,train
9431,test
9432,test
9433,validation
9434,validation
9435,train
9436,train
9437,train
9438,test
9439,train
9440,train
9441,test
9442,train
9443,train
9444,train
9445,train
9446,test
9447,train
9448,train
9449,train
9450,train
9451,validation
9452,train
9453,test
9454,test
9455,train
9456,train
9457,test
9458,train
9459,train
9460,train
9461,train
9462,train
9463,train
9464,train
9465,train
9466,validation
9467,test
9468,train
9469,train
9470,test
9471,validation
9472,test
9473,train
9474,train
9475,validation
9476,test
9477,validation
9478,train
9479,validation
9480,test
9481,train
9482,test
9483,test
9484,train
9485,validation
9486,test
9487,test
9488,train
9489,train
9490,validation
9491,train
9492,train
9493,train
9494,test
9495,train
9496,test
9497,train
9498,train
9499,train
9500,validation
9501,train
9502,test
9503,train
9504,validation
9505,validation
9506,train
9507,validation
9508,test
9509,train
9510,train
9511,validation
9512,test
9513,train
9514,validation
9515,train
9516,test
9517,test
9518,train
9519,train
9520,test
9521,validation
9522,train
9523,test
9524,train
9525,train
9526,train
9527,train
9528,train
9529,test
9530,validation
9531,train
9532,train
9533,test
9534,test
9535,train
9536,train
9537,train
9538,test
9539,train
9540,test
9541,train
9542,train
9543,validation
9544,train
9545,train
9546,train
9547,train
9548,test
9549,train
9550,train
9551,validation
9552,train
9553,validation
9554,train
9555,train
9556,train
9557,validation
9558,train
9559,train
9560,validation
9561,train
9562,train
9563,train
9564,train
9565,train
9566,train
9567,validation
9568,train
9569,validation
9570,test
9571,test
9572,validation
9573,test
9574,test
9575,train
9576,test
9577,train
9578,validation
9579,validation
9580,test
9581,validation
9582,train
9583,test
9584,test
9585,validation
9586,train
9587,test
9588,train
9589,train
9590,train
9591,test
9592,train
9593,test
9594,validation
9595,train
9596,test
9597,test
9598,train
9599,test
9600,validation
9601,train
9602,train
9603,validation
9604,train
9605,train
9606,test
9607,train
9608,train
9609,train
9610,train
9611,train
9612,validation
9613,test
9614,train
9615,validation
9616,train
9617,validation
9618,train
9619,validation
9620,train
9621,train
9622,test
9623,train
9624,train
9625,train
9626,train
9627,test
9628,train
9629,train
9630,validation
9631,train
9632,test
9633,validation
9634,train
9635,train
9636,train
9637,train
9638,train
9639,train
9640,test
9641,train
9642,train
9643,validation
9644,test
9645,validation
9646,train
9647,train
9648,train
9649,train
9650,validation
9651,train
9652,validation
9653,validation
9654,train
9655,test
9656,train
9657,train
9658,train
9659,train
9660,test
9661,test
9662,test
9663,train
9664,test
9665,train
9666,test
9667,validation
9668,train
9669,train
9670,train
9671,train
9672,train
9673,train
9674,train
9675,train
9676,train
9677,test
9678,validation
9679,train
9680,train
9681,train
9682,validation
9683,train
9684,train
9685,validation
9686,train
9687,test
9688,train
9689,train
9690,validation
9691,train
9692,test
9693,train
9694,train
9695,train
9696,train
9697,train
9698,train
9699,train
9700,train
9701,validation
9702,train
9703,train
9704,train
9705,validation
9706,validation
9707,validation
9708,train
9709,train
9710,train
9711,train
9712,validation
9713,train
9714,validation
9715,train
9716,train
9717,validation
9718,train
9719,train
9720,train
9721,train
9722,train
9723,train
9724,train
9725,train
9726,train
9727,train
9728,train
9729,train
9730,train
9731,train
9732,validation
9733,train
9734,train
9735,validation
9736,train
9737,train
9738,test
9739,train
9740,train
9741,validation
9742,train
9743,train
9744,train
9745,train
9746,test
9747,validation
9748,train
9749,train
9750,test
9751,test
9752,validation
9753,validation
9754,train
9755,train
9756,train
9757,test
9758,train
9759,train
9760,train
9761,train
9762,train
9763,train
9764,train
9765,train
9766,train
9767,train
9768,test
9769,train
9770,train
9771,validation
9772,validation
9773,train
9774,train
9775,train
9776,test
9777,train
9778,test
9779,train
9780,train
9781,train
9782,test
9783,test
9784,test
9785,train
9786,validation
9787,test
9788,train
9789,train
9790,train
9791,train
9792,train
9793,validation
9794,train
9795,train
9796,train
9797,validation
9798,test
9799,train
9800,train
9801,train
9802,train
9803,validation
9804,train
9805,validation
9806,train
9807,validation
9808,train
9809,train
9810,test
9811,train
9812,train
9813,test
9814,validation
9815,validation
9816,train
9817,train
9818,train
9819,test
9820,train
9821,test
9822,test
9823,train
9824,test
9825,train
9826,train
9827,validation
9828,test
9829,validation
9830,train
9831,validation
9832,train
9833,train
9834,train
9835,test
9836,train
9837,validation
9838,test
9839,train
9840,validation
9841,validation
9842,validation
9843,test
9844,validation
9845,test
9846,train
9847,train
9848,test
9849,train
9850,train
9851,test
9852,validation
9853,test
9854,train
9855,train
9856,test
9857,train
9858,train
9859,validation
9860,validation
9861,test
9862,train
9863,train
9864,validation
9865,train
9866,train
9867,validation
9868,test
9869,train
9870,validation
9871,train
9872,validation
9873,train
9874,train
9875,train
9876,test
9877,test
9878,train
9879,validation
9880,validation
9881,train
9882,train
9883,train
9884,train
9885,test
9886,train
9887,train
9888,train
9889,train
9890,test
9891,train
9892,validation
9893,train
9894,train
9895,train
9896,train
9897,train
9898,test
9899,train
9900,train
9901,train
9902,train
9903,train
9904,train
9905,train
9906,validation
9907,train
9908,test
9909,train
9910,validation
9911,validation
9912,train
9913,validation
9914,train
9915,train
9916,train
9917,train
9918,train
9919,train
9920,train
9921,test
9922,train
9923,train
9924,test
9925,train
9926,validation
9927,train
9928,train
9929,train
9930,test
9931,train
9932,train
9933,test
9934,validation
9935,train
9936,train
9937,test
9938,train
9939,train
9940,train
9941,train
9942,train
9943,train
9944,train
9945,train
9946,test
9947,train
9948,validation
9949,test
9950,train
9951,train
9952,validation
9953,validation
9954,train
9955,train
9956,validation
9957,train
9958,train
9959,train
9960,train
9961,test
9962,train
9963,train
9964,train
9965,train
9966,validation
9967,train
9968,train
9969,validation
9970,train
9971,test
9972,train
9973,train
9974,train
9975,train
9976,validation
9977,test
9978,train
9979,train
9980,train
9981,train
9982,train
9983,train
9984,test
9985,train
9986,train
9987,train
9988,test
9989,train
9990,train
9991,train
9992,train
9993,train
9994,train
9995,test
9996,test
9997,test
9998,train
9999,train
10000,train
10001,train
10002,validation
10003,train
10004,validation
10005,validation
10006,train
10007,train
10008,test
10009,train
10010,train
10011,train
10012,validation
10013,train
10014,validation
10015,train
10016,validation
10017,train
10018,train
10019,train
10020,train
10021,test
10022,train
10023,train
10024,test
10025,train
10026,train
10027,test
10028,train
10029,train
10030,train
10031,train
10032,train
10033,train
10034,train
10035,train
10036,train
10037,train
10038,test
10039,train
10040,train
10041,train
10042,test
10043,validation
10044,train
10045,train
10046,validation
10047,train
10048,validation
10049,test
10050,validation
10051,test
10052,test
10053,train
10054,validation
10055,train
10056,train
10057,train
10058,train
10059,train
10060,train
10061,validation
10062,train
10063,train
10064,test
10065,validation
10066,train
10067,train
10068,train
10069,train
10070,train
10071,validation
10072,validation
10073,train
10074,validation
10075,train
10076,train
10077,test
10078,train
10079,train
10080,test
10081,train
10082,test
10083,train
10084,train
10085,validation
10086,train
10087,validation
10088,train
10089,train
10090,train
10091,test
10092,train
10093,train
10094,validation
10095,train
10096,validation
10097,train
10098,train
10099,validation
10100,train
10101,train
10102,train
10103,test
10104,test
10105,train
10106,train
10107,test
10108,train
10109,validation
10110,train
10111,test
10112,train
10113,validation
10114,test
10115,train
10116,train
10117,validation
10118,train
10119,validation
10120,train
10121,test
10122,test
10123,validation
10124,train
10125,train
10126,train
10127,validation
10128,test
10129,train
10130,train
10131,train
10132,train
10133,validation
10134,test
10135,train
10136,train
10137,train
10138,train
10139,train
10140,train
10141,train
10142,validation
10143,train
10144,test
10145,train
10146,train
10147,train
10148,validation
10149,validation
10150,train
10151,train
10152,train
10153,train
10154,validation
10155,validation
10156,validation
10157,train
10158,test
10159,test
10160,train
10161,test
10162,train
10163,train
10164,train
10165,train
10166,test
10167,validation
10168,test
10169,test
10170,train
10171,train
10172,train
10173,train
10174,train
10175,train
10176,test
10177,validation
10178,train
10179,test
10180,train
10181,validation
10182,train
10183,test
10184,train
10185,validation
10186,train
10187,train
10188,validation
10189,train
10190,validation
10191,train
10192,train
10193,test
10194,test
10195,train
10196,train
10197,train
10198,train
10199,test
10200,train
10201,train
10202,train
10203,test
10204,train
10205,train
10206,validation
10207,test
10208,train
10209,validation
10210,train
10211,train
10212,test
10213,test
10214,test
10215,train
10216,validation
10217,train
10218,validation
10219,validation
10220,test
10221,train
10222,validation
10223,train
10224,train
10225,test
10226,test
10227,train
10228,train
10229,train
10230,test
10231,train
10232,validation
10233,test
10234,validation
10235,train
10236,train
10237,train
10238,test
10239,train
10240,validation
10241,validation
10242,train
10243,train
10244,train
10245,train
10246,train
10247,train
10248,train
10249,train
10250,validation
10251,validation
10252,train
10253,test
10254,validation
10255,train
10256,validation
10257,test
10258,train
10259,train
10260,train
10261,train
10262,train
10263,train
10264,train
10265,test
10266,test
10267,test
10268,train
10269,train
10270,train
10271,train
10272,train
10273,train
10274,train
10275,train
10276,validation
10277,train
10278,test
10279,train
10280,validation
10281,train
10282,train
10283,train
10284,train
10285,train
10286,train
10287,validation
10288,train
10289,train
10290,validation
10291,test
10292,test
10293,train
10294,test
10295,train
10296,train
10297,train
10298,train
10299,test
10300,train
10301,train
10302,test
10303,validation
10304,test
10305,train
10306,train
10307,train
10308,validation
10309,test
10310,train
10311,validation
10312,train
10313,validation
10314,train
10315,train
10316,validation
10317,train
10318,train
10319,train
10320,train
10321,test
10322,train
10323,train
10324,train
10325,train
10326,train
10327,test
10328,train
10329,train
10330,validation
10331,train
10332,train
10333,train
10334,train
10335,validation
10336,train
10337,validation
10338,test
10339,validation
10340,train
10341,validation
10342,train
10343,train
10344,train
10345,train
10346,train
10347,test
10348,validation
10349,train
10350,test
10351,train
10352,validation
10353,train
10354,train
10355,train
10356,train
10357,train
10358,test
10359,train
10360,train
10361,test
10362,train
10363,train
10364,train
10365,train
10366,train
10367,train
10368,validation
10369,test
10370,validation
10371,train
10372,train
10373,train
10374,train
10375,train
10376,train
10377,train
10378,train
10379,train
10380,validation
10381,validation
10382,validation
10383,test
10384,train
10385,train
10386,train
10387,train
10388,train
10389,train
10390,train
10391,validation
10392,train
10393,train
10394,train
10395,train
10396,train
10397,train
10398,train
10399,train
10400,train
10401,test
10402,train
10403,train
10404,train
10405,train
10406,test
10407,validation
10408,train
10409,validation
10410,train
10411,train
10412,train
10413,validation
10414,test
10415,train
10416,train
10417,train
10418,validation
10419,train
10420,train
10421,test
10422,test
10423,test
10424,train
10425,test
10426,train
10427,train
10428,train
10429,train
10430,test
10431,train
10432,train
10433,train
10434,train
10435,train
10436,test
10437,train
10438,train
10439,train
10440,train
10441,train
10442,train
10443,train
10444,train
10445,train
10446,train
10447,train
10448,train
10449,train
10450,test
10451,train
10452,test
10453,train
10454,train
10455,validation
10456,train
10457,test
10458,train
10459,train
10460,train
10461,test
10462,train
10463,train
10464,test
10465,train
10466,train
10467,train
10468,train
10469,validation
10470,train
10471,train
10472,validation
10473,train
10474,train
10475,validation
10476,train
10477,train
10478,train
10479,validation
10480,train
10481,train
10482,train
10483,train
10484,train
10485,train
10486,train
10487,train
10488,train
10489,validation
10490,train
10491,validation
10492,train
10493,train
10494,test
10495,train
10496,train
10497,test
10498,train
10499,train
10500,test
10501,test
10502,validation
10503,train
10504,train
10505,test
10506,validation
10507,train
10508,train
10509,test
10510,train
10511,train
10512,train
10513,train
10514,train
10515,train
10516,train
10517,train
10518,test
10519,test
10520,validation
10521,train
10522,test
10523,test
10524,validation
10525,test
10526,train
10527,train
10528,validation
10529,test
10530,validation
10531,train
10532,train
10533,train
10534,train
10535,test
10536,test
10537,test
10538,train
10539,test
10540,validation
10541,train
10542,validation
10543,train
10544,validation
10545,validation
10546,test
10547,train
10548,train
10549,train
10550,train
10551,train
10552,train
10553,validation
10554,test
10555,train
10556,validation
10557,train
10558,train
10559,validation
10560,train
10561,train
10562,train
10563,train
10564,train
10565,validation
10566,test
10567,validation
10568,test
10569,train
10570,test
10571,train
10572,test
10573,train
10574,train
10575,train
10576,validation
10577,train
10578,train
10579,train
10580,validation
10581,test
10582,train
10583,validation
10584,test
10585,validation
10586,train
10587,validation
10588,validation
10589,test
10590,train
10591,test
10592,test
10593,test
10594,train
10595,train
10596,train
10597,test
10598,validation
10599,validation
10600,train
10601,train
10602,train
10603,train
10604,train
10605,validation
10606,train
10607,train
10608,train
10609,train
10610,train
10611,train
10612,train
10613,train
10614,validation
10615,validation
10616,train
10617,test
10618,train
10619,train
10620,train
10621,train
10622,train
10623,train
10624,train
10625,train
10626,test
10627,train
10628,train
10629,validation
10630,train
10631,train
10632,test
10633,validation
10634,train
10635,train
10636,train
10637,train
10638,test
10639,train
10640,train
10641,validation
10642,train
10643,test
10644,train
10645,train
10646,train
10647,train
10648,train
10649,train
10650,train
10651,test
10652,validation
10653,test
10654,train
10655,test
10656,validation
10657,train
10658,test
10659,train
10660,train
10661,train
10662,train
10663,train
10664,train
10665,train
10666,train
10667,test
10668,train
10669,validation
10670,validation
10671,train
10672,train
10673,test
10674,validation
10675,train
10676,test
10677,validation
10678,validation
10679,train
10680,train
10681,train
10682,validation
10683,train
10684,train
10685,train
10686,train
10687,train
10688,train
10689,validation
10690,train
10691,test
10692,train
10693,train
10694,train
10695,validation
10696,train
10697,test
10698,train
10699,train
10700,test
10701,validation
10702,train
10703,test
10704,train
10705,validation
10706,train
10707,train
10708,train
10709,train
10710,train
10711,test
10712,test
10713,train
10714,train
10715,test
10716,train
10717,test
10718,train
10719,validation
10720,validation
10721,validation
10722,test
10723,train
10724,validation
10725,test
10726,train
10727,train
10728,test
10729,train
10730,validation
10731,test
10732,validation
10733,train
10734,validation
10735,train
10736,validation
10737,train
10738,validation
10739,train
10740,validation
10741,test
10742,train
10743,train
10744,test
10745,validation
10746,validation
10747,test
10748,train
10749,test
10750,train
10751,validation
10752,train
10753,test
10754,train
10755,validation
10756,train
10757,test
10758,train
10759,train
10760,validation
10761,validation
10762,test
10763,test
10764,train
10765,validation
10766,train
10767,test
10768,test
10769,train
10770,test
10771,train
10772,train
10773,train
10774,train
10775,train
10776,test
10777,train
10778,train
10779,test
10780,train
10781,train
10782,train
10783,train
10784,validation
10785,validation
10786,train
10787,train
10788,train
10789,train
10790,train
10791,validation
10792,train
10793,test
10794,train
10795,validation
10796,validation
10797,validation
10798,train
10799,validation
10800,test
10801,train
10802,train
10803,validation
10804,validation
10805,validation
10806,train
10807,train
10808,train
10809,test
10810,validation
10811,train
10812,train
10813,validation
10814,train
10815,train
10816,test
10817,test
10818,test
10819,validation
10820,train
10821,validation
10822,train
10823,train
10824,test
10825,test
10826,validation
10827,train
10828,validation
10829,train
10830,train
10831,validation
10832,train
10833,train
10834,train
10835,train
10836,train
10837,train
10838,train
10839,validation
10840,test
10841,train
10842,train
10843,validation
10844,train
10845,train
10846,test
10847,train
10848,train
10849,train
10850,validation
10851,train
10852,validation
10853,validation
10854,test
10855,test
10856,test
10857,test
10858,train
10859,test
10860,train
10861,test
10862,train
10863,train
10864,train
10865,train
10866,validation
10867,train
10868,validation
10869,train
10870,train
10871,train
10872,validation
10873,test
10874,train
10875,train
10876,train
10877,train
10878,train
10879,train
10880,train
10881,train
10882,validation
10883,train
10884,test
10885,train
10886,test
10887,train
10888,validation
10889,train
10890,train
10891,test
10892,train
10893,train
10894,train
10895,train
10896,test
10897,train
10898,train
10899,train
10900,test
10901,test
10902,train
10903,train
10904,train
10905,train
10906,train
10907,train
10908,train
10909,train
10910,train
10911,train
10912,test
10913,train
10914,train
10915,validation
10916,train
10917,test
10918,train
10919,train
10920,train
10921,validation
10922,train
10923,validation
10924,train
10925,test
10926,test
10927,train
10928,train
10929,validation
10930,validation
10931,train
10932,train
10933,test
10934,train
10935,train
10936,train
10937,train
10938,train
10939,validation
10940,validation
10941,validation
10942,train
10943,test
10944,train
10945,train
10946,train
10947,train
10948,validation
10949,test
10950,train
10951,test
10952,train
10953,validation
10954,train
10955,test
10956,train
10957,train
10958,train
10959,train
10960,train
10961,train
10962,test
10963,train
10964,train
10965,train
10966,train
10967,train
10968,validation
10969,train
10970,train
10971,train
10972,train
10973,train
10974,train
10975,train
10976,validation
10977,train
10978,train
10979,train
10980,validation
10981,train
10982,train
10983,train
10984,train
10985,validation
10986,train
10987,train
10988,train
10989,train
10990,train
10991,validation
10992,test
10993,test
10994,train
10995,validation
10996,train
10997,train
10998,test
10999,test
11000,train
11001,test
11002,test
11003,test
11004,train
11005,train
11006,train
11007,validation
11008,validation
11009,train
11010,test
11011,test
11012,train
11013,validation
11014,test
11015,train
11016,train
11017,train
11018,validation
11019,validation
11020,train
11021,validation
11022,train
11023,train
11024,train
11025,train
11026,test
11027,validation
11028,train
11029,train
11030,test
11031,validation
11032,train
11033,validation
11034,test
11035,validation
11036,train
11037,train
11038,train
11039,train
11040,validation
11041,train
11042,train
11043,validation
11044,validation
11045,train
11046,train
11047,train
11048,train
11049,train
11050,train
11051,train
11052,test
11053,train
11054,train
11055,validation
11056,train
11057,test
11058,validation
11059,train
11060,test
11061,test
11062,test
11063,train
11064,train
11065,test
11066,train
11067,train
11068,train
11069,train
11070,validation
11071,validation
11072,test
11073,test
11074,test
11075,train
11076,train
11077,validation
11078,train
11079,test
11080,test
11081,train
11082,train
11083,train
11084,train
11085,test
11086,test
11087,train
11088,test
11089,train
11090,train
11091,train
11092,validation
11093,validation
11094,train
11095,train
11096,validation
11097,train
11098,validation
11099,test
11100,validation
11101,test
11102,train
11103,test
11104,train
11105,train
11106,train
11107,test
11108,test
11109,train
11110,train
11111,test
11112,test
11113,validation
11114,validation
11115,validation
11116,validation
11117,validation
11118,train
11119,test
11120,train
11121,test
11122,train
11123,test
11124,test
11125,train
11126,train
11127,train
11128,test
11129,train
11130,train
11131,train
11132,test
11133,test
11134,validation
11135,test
11136,train
11137,train
11138,test
11139,train
11140,test
11141,validation
11142,train
11143,test
11144,train
11145,train
11146,test
11147,test
11148,train
11149,train
11150,train
11151,train
11152,train
11153,train
11154,test
11155,train
11156,train
11157,validation
11158,train
11159,test
11160,test
11161,train
11162,train
11163,validation
11164,train
11165,train
11166,train
11167,validation
11168,train
11169,test
11170,train
11171,test
11172,train
11173,train
11174,test
11175,train
11176,train
11177,train
11178,test
11179,train
11180,validation
11181,validation
11182,validation
11183,validation
11184,test
11185,test
11186,validation
11187,train
11188,validation
11189,train
11190,test
11191,train
11192,train
11193,test
11194,train
11195,train
11196,train
11197,train
11198,train
11199,train
11200,train
11201,test
11202,train
11203,train
11204,train
11205,validation
11206,train
11207,train
11208,train
11209,train
11210,test
11211,train
11212,validation
11213,test
11214,validation
11215,train
11216,test
11217,test
11218,test
11219,train
11220,train
11221,train
11222,test
11223,train
11224,train
11225,train
11226,train
11227,validation
11228,train
11229,train
11230,train
11231,train
11232,test
11233,train
11234,validation
11235,test
11236,test
11237,test
11238,train
11239,train
11240,train
11241,validation
11242,train
11243,train
11244,train
11245,train
11246,train
11247,train
11248,test
11249,train
11250,validation
11251,train
11252,train
11253,validation
11254,train
11255,train
11256,validation
11257,validation
11258,train
11259,train
11260,validation
11261,train
11262,train
11263,validation
11264,test
11265,validation
11266,train
11267,test
11268,train
11269,train
11270,train
11271,train
11272,train
11273,train
11274,train
11275,validation
11276,test
11277,validation
11278,train
11279,train
11280,train
11281,test
11282,train
11283,test
11284,train
11285,validation
11286,validation
11287,validation
11288,train
11289,train
11290,test
11291,train
11292,train
11293,train
11294,validation
11295,test
11296,validation
11297,train
11298,train
11299,train
11300,train
11301,train
11302,train
11303,test
11304,validation
11305,train
11306,test
11307,train
11308,validation
11309,validation
11310,train
11311,train
11312,test
11313,validation
11314,train
11315,train
11316,validation
11317,train
11318,train
11319,train
11320,train
11321,train
11322,validation
11323,validation
11324,train
11325,train
11326,train
11327,train
11328,test
11329,test
11330,train
11331,train
11332,validation
11333,validation
11334,train
11335,train
11336,validation
11337,train
11338,validation
11339,train
11340,train
11341,train
11342,train
11343,train
11344,train
11345,test
11346,train
11347,train
11348,train
11349,train
11350,test
11351,train
11352,train
11353,train
11354,train
11355,validation
11356,validation
11357,validation
11358,train
11359,test
11360,test
11361,train
11362,train
11363,train
11364,train
11365,train
11366,train
11367,test
11368,train
11369,test
11370,train
11371,train
11372,train
11373,train
11374,train
11375,train
11376,validation
11377,test
11378,validation
11379,train
11380,train
11381,validation
11382,test
11383,train
11384,train
11385,train
11386,train
11387,validation
11388,train
11389,train
11390,train
11391,test
11392,test
11393,train
11394,validation
11395,test
11396,test
11397,test
11398,validation
11399,test
11400,train
11401,train
11402,train
11403,train
11404,train
11405,validation
11406,train
11407,train
11408,validation
11409,validation
11410,test
11411,test
11412,validation
11413,train
11414,train
11415,train
11416,test
11417,test
11418,train
11419,train
11420,train
11421,train
11422,train
11423,train
11424,train
11425,train
11426,train
11427,train
11428,test
11429,train
11430,train
11431,train
11432,train
11433,validation
11434,validation
11435,train
11436,train
11437,validation
11438,train
11439,validation
11440,train
11441,test
11442,train
11443,train
11444,test
11445,test
11446,train
11447,train
11448,validation
11449,test
11450,train
11451,train
11452,validation
11453,train
11454,validation
11455,train
11456,train
11457,test
11458,train
11459,train
11460,train
11461,train
11462,test
11463,validation
11464,train
11465,train
11466,train
11467,test
11468,train
11469,train
11470,validation
11471,validation
11472,train
11473,validation
11474,train
11475,train
11476,train
11477,validation
11478,train
11479,train
11480,train
11481,train
11482,test
11483,test
11484,test
11485,train
11486,test
11487,test
11488,validation
11489,train
11490,train
11491,train
11492,test
11493,train
11494,test
11495,train
11496,train
11497,train
11498,train
11499,validation
11500,train
11501,test
11502,train
11503,train
11504,train
11505,validation
11506,train
11507,validation
11508,test
11509,validation
11510,test
11511,test
11512,test
11513,test
11514,validation
11515,validation
11516,test
11517,train
11518,train
11519,train
11520,test
11521,train
11522,test
11523,train
11524,validation
11525,train
11526,test
11527,validation
11528,train
11529,train
11530,test
11531,test
11532,validation
11533,test
11534,train
11535,train
11536,train
11537,train
11538,validation
11539,train
11540,train
11541,test
11542,train
11543,train
11544,train
11545,train
11546,validation
11547,train
11548,train
11549,train
11550,train
11551,train
11552,validation
11553,train
11554,train
11555,train
11556,test
11557,train
11558,train
11559,train
11560,test
11561,train
11562,test
11563,train
11564,train
11565,validation
11566,train
11567,train
11568,train
11569,validation
11570,train
11571,test
11572,train
11573,train
11574,train
11575,train
11576,validation
11577,train
11578,train
11579,test
11580,test
11581,test
11582,test
11583,validation
11584,train
11585,train
11586,train
11587,train
11588,train
11589,validation
11590,test
11591,train
11592,train
11593,test
11594,train
11595,train
11596,train
11597,train
11598,test
11599,train
11600,train
11601,train
11602,validation
11603,validation
11604,test
11605,test
11606,validation
11607,train
11608,train
11609,train
11610,train
11611,train
11612,validation
11613,test
11614,train
11615,test
11616,train
11617,train
11618,train
11619,test
11620,train
11621,train
11622,train
11623,validation
11624,train
11625,train
11626,train
11627,train
11628,train
11629,test
11630,train
11631,validation
11632,train
11633,train
11634,train
11635,train
11636,train
11637,train
11638,train
11639,train
11640,validation
11641,train
11642,train
11643,train
11644,train
11645,train
11646,train
11647,train
11648,test
11649,test
11650,train
11651,validation
11652,validation
11653,train
11654,test
11655,train
11656,train
11657,train
11658,train
11659,validation
11660,train
11661,train
11662,test
11663,train
11664,train
11665,validation
11666,train
11667,train
11668,train
11669,test
11670,train
11671,train
11672,train
11673,validation
11674,train
11675,train
11676,test
11677,train
11678,train
11679,train
11680,train
11681,test
11682,validation
11683,train
11684,validation
11685,train
11686,train
11687,test
11688,test
11689,train
11690,validation
11691,train
11692,test
11693,test
11694,validation
11695,train
11696,train
11697,train
11698,train
11699,train
11700,train
11701,train
11702,train
11703,test
11704,train
11705,validation
11706,train
11707,test
11708,validation
11709,train
11710,train
11711,train
11712,test
11713,test
11714,train
11715,validation
11716,train
11717,train
11718,test
11719,train
11720,test
11721,validation
11722,train
11723,train
11724,test
11725,train
11726,test
11727,train
11728,train
11729,train
11730,validation
11731,train
11732,train
11733,train
11734,train
11735,train
11736,train
11737,validation
11738,train
11739,validation
11740,train
11741,train
11742,test
11743,train
11744,validation
11745,test
11746,train
11747,validation
11748,train
11749,test
11750,validation
11751,test
11752,validation
11753,validation
11754,train
11755,train
11756,train
11757,train
11758,test
11759,train
11760,train
11761,test
11762,test
11763,test
11764,test
11765,train
11766,train
11767,train
11768,train
11769,train
11770,train
11771,test
11772,train
11773,train
11774,test
11775,train
11776,test
11777,train
11778,validation
11779,train
11780,train
11781,train
11782,train
11783,train
11784,train
11785,train
11786,test
11787,train
11788,train
11789,train
11790,train
11791,test
11792,train
11793,train
11794,train
11795,test
11796,test
11797,test
11798,test
11799,validation
11800,train
11801,train
11802,train
11803,validation
11804,train
11805,test
11806,train
11807,train
11808,train
11809,test
11810,train
11811,train
11812,test
11813,train
11814,train
11815,train
11816,train
11817,train
11818,train
11819,test
11820,train
11821,train
11822,test
11823,train
11824,validation
11825,test
11826,test
11827,train
11828,test
11829,train
11830,validation
11831,train
11832,train
11833,train
11834,train
11835,train
11836,test
11837,train
11838,train
11839,train
11840,test
11841,train
11842,train
11843,train
11844,train
11845,validation
11846,train
11847,train
11848,validation
11849,train
11850,test
11851,validation
11852,train
11853,train
11854,test
11855,test
11856,train
11857,test
11858,train
11859,train
11860,test
11861,train
11862,validation
11863,train
11864,validation
11865,train
11866,train
11867,test
11868,validation
11869,test
11870,train
11871,train
11872,validation
11873,train
11874,train
11875,test
11876,test
11877,train
11878,test
11879,validation
11880,train
11881,train
11882,train
11883,test
11884,test
11885,train
11886,train
11887,train
11888,train
11889,train
11890,test
11891,train
11892,train
11893,train
11894,train
11895,train
11896,train
11897,train
11898,train
11899,train
11900,test
11901,test
11902,validation
11903,train
11904,train
11905,train
11906,train
11907,train
11908,train
11909,train
11910,validation
11911,test
11912,validation
11913,train
11914,validation
11915,validation
11916,train
11917,validation
11918,train
11919,train
11920,validation
11921,train
11922,train
11923,train
11924,train
11925,train
11926,train
11927,train
11928,train
11929,validation
11930,train
11931,test
11932,train
11933,train
11934,test
11935,validation
11936,train
11937,validation
11938,train
11939,train
11940,train
11941,train
11942,test
11943,train
11944,train
11945,train
11946,train
11947,test
11948,test
11949,test
11950,train
11951,test
11952,train
11953,test
11954,test
11955,train
11956,test
11957,validation
11958,test
11959,train
11960,validation
11961,train
11962,train
11963,train
11964,train
11965,train
11966,train
11967,train
11968,train
11969,train
11970,test
11971,train
11972,train
11973,train
11974,validation
11975,validation
11976,test
11977,test
11978,train
11979,train
11980,test
11981,train
11982,test
11983,train
11984,test
11985,train
11986,validation
11987,validation
11988,train
11989,validation
11990,test
11991,validation
11992,train
11993,test
11994,train
11995,train
11996,train
11997,train
11998,test
11999,validation
12000,train
12001,test
12002,train
12003,train
12004,validation
12005,train
12006,train
12007,train
12008,train
12009,test
12010,train
12011,train
12012,train
12013,test
12014,validation
12015,train
12016,test
12017,test
12018,train
12019,train
12020,train
12021,train
12022,train
12023,train
12024,validation
12025,test
12026,test
12027,train
12028,validation
12029,validation
12030,train
12031,train
12032,validation
12033,validation
12034,train
12035,validation
12036,train
12037,train
12038,test
12039,train
12040,train
12041,train
12042,train
12043,train
12044,validation
12045,test
12046,test
12047,train
12048,train
12049,train
12050,train
12051,train
12052,train
12053,train
12054,validation
12055,train
12056,train
12057,test
12058,train
12059,train
12060,train
12061,train
12062,train
12063,train
12064,train
12065,test
12066,train
12067,test
12068,train
12069,train
12070,train
12071,validation
12072,validation
12073,train
12074,test
12075,train
12076,validation
12077,train
12078,train
12079,train
12080,train
12081,test
12082,validation
12083,validation
12084,validation
12085,train
12086,train
12087,validation
12088,train
12089,train
12090,validation
12091,train
12092,test
12093,train
12094,train
12095,validation
12096,validation
12097,test
12098,train
12099,test
12100,train
12101,test
12102,validation
12103,train
12104,test
12105,train
12106,train
12107,train
12108,train
12109,validation
12110,train
12111,test
12112,validation
12113,train
12114,train
12115,train
12116,train
12117,train
12118,train
12119,test
12120,train
12121,train
12122,test
12123,test
12124,train
12125,validation
12126,train
12127,train
12128,test
12129,train
12130,train
12131,test
12132,test
12133,test
12134,validation
12135,test
12136,test
12137,test
12138,validation
12139,validation
12140,train
12141,train
12142,train
12143,train
12144,train
12145,validation
12146,train
12147,train
12148,train
12149,train
12150,train
12151,validation
12152,test
12153,train
12154,validation
12155,train
12156,train
12157,validation
12158,train
12159,train
12160,validation
12161,train
12162,train
12163,train
12164,train
12165,validation
12166,validation
12167,test
12168,test
12169,test
12170,train
12171,validation
12172,train
12173,train
12174,train
12175,test
12176,validation
12177,train
12178,validation
12179,train
12180,train
12181,train
12182,train
12183,validation
12184,train
12185,test
12186,train
12187,train
12188,train
12189,train
12190,train
12191,train
12192,train
12193,train
12194,test
12195,validation
12196,test
12197,validation
12198,validation
12199,train
12200,train
12201,validation
12202,train
12203,train
12204,test
12205,train
12206,train
12207,train
12208,train
12209,test
12210,train
12211,train
12212,test
12213,test
12214,train
12215,validation
12216,train
12217,train
12218,train
12219,validation
12220,train
12221,test
12222,train
12223,train
12224,train
12225,validation
12226,validation
12227,test
12228,train
12229,train
12230,train
12231,train
12232,train
12233,validation
12234,train
12235,train
12236,validation
12237,train
12238,train
12239,train
12240,train
12241,train
12242,test
12243,validation
12244,train
12245,train
12246,train
12247,train
12248,train
12249,train
12250,train
12251,test
12252,validation
12253,train
12254,train
12255,train
12256,test
12257,train
12258,test
12259,validation
12260,train
12261,train
12262,train
12263,test
12264,train
12265,test
12266,train
12267,validation
12268,test
12269,train
12270,test
12271,train
12272,train
12273,validation
12274,train
12275,train
12276,validation
12277,train
12278,train
12279,train
12280,train
12281,train
12282,train
12283,train
12284,validation
12285,train
12286,train
12287,train
12288,train
12289,train
12290,train
12291,validation
12292,train
12293,train
12294,train
12295,train
12296,train
12297,test
12298,train
12299,train
12300,test
12301,train
12302,train
12303,train
12304,test
12305,validation
12306,test
12307,test
12308,test
12309,train
12310,train
12311,train
12312,validation
12313,train
12314,train
12315,train
12316,train
12317,validation
12318,train
12319,train
12320,train
12321,train
12322,test
12323,train
12324,validation
12325,test
12326,train
12327,train
12328,train
12329,train
12330,train
12331,train
12332,train
12333,train
12334,train
12335,train
12336,train
12337,train
12338,train
12339,test
12340,validation
12341,train
12342,test
12343,validation
12344,validation
12345,train
12346,train
12347,train
12348,validation
12349,train
12350,test
12351,train
12352,test
12353,train
12354,train
12355,train
12356,train
12357,train
12358,train
12359,validation
12360,train
12361,test
12362,validation
12363,test
12364,train
12365,train
12366,train
12367,train
12368,train
12369,train
12370,train
12371,train
12372,test
12373,test
12374,validation
12375,train
12376,train
12377,validation
12378,test
12379,train
12380,train
12381,validation
12382,train
12383,test
12384,test
12385,train
12386,test
12387,test
12388,train
12389,train
12390,train
12391,test
12392,train
12393,test
12394,test
12395,train
12396,train
12397,train
12398,train
12399,test
12400,train
12401,train
12402,train
12403,train
12404,train
12405,train
12406,test
12407,test
12408,test
12409,train
12410,train
12411,train
12412,train
12413,train
12414,validation
12415,validation
12416,train
12417,validation
12418,train
12419,train
12420,validation
12421,test
12422,validation
12423,train
12424,test
12425,train
12426,validation
12427,test
12428,train
12429,test
12430,train
12431,train
12432,train
12433,train
12434,train
12435,train
12436,validation
12437,test
12438,test
12439,validation
12440,train
12441,validation
12442,test
12443,train
12444,validation
12445,test
12446,train
12447,train
12448,train
12449,train
12450,validation
12451,train
12452,train
12453,train
12454,test
12455,train
12456,test
12457,train
12458,train
12459,train
12460,train
12461,validation
12462,train
12463,test
12464,validation
12465,train
12466,validation
12467,train
12468,train
12469,train
12470,train
12471,validation
12472,train
12473,train
12474,validation
12475,train
12476,train
12477,train
12478,train
12479,train
12480,train
12481,train
12482,train
12483,test
12484,test
12485,train
12486,validation
12487,validation
12488,train
12489,train
12490,train
12491,train
12492,validation
12493,train
12494,train
12495,validation
12496,validation
12497,validation
12498,train
12499,validation
12500,validation
12501,test
12502,train
12503,train
12504,train
12505,train
12506,train
12507,train
12508,train
12509,train
12510,train
12511,validation
12512,train
12513,test
12514,validation
12515,train
12516,test
12517,train
12518,train
12519,train
12520,train
12521,train
12522,validation
12523,train
12524,train
12525,validation
12526,train
12527,train
12528,validation
12529,train
12530,train
12531,train
12532,validation
12533,train
12534,test
12535,train
12536,validation
12537,train
12538,validation
12539,train
12540,validation
12541,train
12542,validation
12543,validation
12544,validation
12545,validation
12546,train
12547,test
12548,train
12549,train
12550,train
12551,train
12552,train
12553,train
12554,train
12555,train
12556,test
12557,train
12558,train
12559,test
12560,train
12561,train
12562,test
12563,train
12564,train
12565,test
12566,train
12567,train
12568,train
12569,validation
12570,train
12571,train
12572,train
12573,validation
12574,validation
12575,test
12576,train
12577,train
12578,train
12579,train
12580,train
12581,validation
12582,train
12583,validation
12584,train
12585,validation
12586,train
12587,validation
12588,train
12589,train
12590,validation
12591,train
12592,test
12593,train
12594,train
12595,test
12596,validation
12597,validation
12598,train
12599,test
12600,train
12601,validation
12602,train
12603,test
12604,train
12605,train
12606,train
12607,test
12608,train
12609,test
12610,validation
12611,train
12612,test
12613,train
12614,train
12615,train
12616,train
12617,validation
12618,validation
12619,validation
12620,train
12621,train
12622,train
12623,test
12624,test
12625,train
12626,test
12627,train
12628,test
12629,test
12630,train
12631,test
12632,validation
12633,test
12634,test
12635,train
12636,test
12637,validation
12638,train
12639,train
12640,train
12641,validation
12642,validation
12643,test
12644,validation
12645,train
12646,train
12647,train
12648,test
12649,train
12650,test
12651,train
12652,test
12653,validation
12654,validation
12655,train
12656,test
12657,validation
12658,test
12659,train
12660,train
12661,train
12662,train
12663,test
12664,train
12665,train
12666,train
12667,train
12668,validation
12669,train
12670,test
12671,train
12672,train
12673,train
12674,train
12675,train
12676,test
12677,test
12678,validation
12679,validation
12680,train
12681,validation
12682,validation
12683,train
12684,train
12685,validation
12686,train
12687,test
12688,test
12689,train
12690,validation
12691,train
12692,train
12693,test
12694,train
12695,train
12696,train
12697,train
12698,train
12699,train
12700,train
12701,train
12702,test
12703,validation
12704,test
12705,test
12706,train
12707,validation
12708,train
12709,train
12710,test
12711,train
12712,train
12713,train
12714,train
12715,train
12716,train
12717,test
12718,validation
12719,train
12720,train
12721,train
12722,validation
12723,test
12724,train
12725,train
12726,train
12727,test
12728,train
12729,validation
12730,test
12731,validation
12732,validation
12733,train
12734,train
12735,train
12736,train
12737,train
12738,train
12739,train
12740,validation
12741,test
12742,train
12743,train
12744,train
12745,train
12746,validation
12747,train
12748,validation
12749,test
12750,test
12751,train
12752,train
12753,train
12754,train
12755,validation
12756,validation
12757,validation
12758,test
12759,train
12760,validation
12761,train
12762,train
12763,train
12764,train
12765,train
12766,train
12767,validation
12768,train
12769,train
12770,train
12771,train
12772,test
12773,train
12774,train
12775,validation
12776,validation
12777,train
12778,test
12779,train
12780,train
12781,train
12782,train
12783,train
12784,test
12785,test
12786,validation
12787,validation
12788,train
12789,train
12790,validation
12791,train
12792,test
12793,train
12794,train
12795,train
12796,validation
12797,validation
12798,test
12799,train
12800,validation
12801,train
12802,train
12803,train
12804,train
12805,train
12806,train
12807,train
12808,train
12809,validation
12810,train
12811,test
12812,train
12813,train
12814,train
12815,test
12816,train
12817,validation
12818,validation
12819,test
12820,validation
12821,train
12822,train
12823,train
12824,train
12825,train
12826,train
12827,train
12828,train
12829,train
12830,train
12831,test
12832,train
12833,validation
12834,test
12835,train
12836,train
12837,train
12838,validation
12839,train
12840,test
12841,train
12842,validation
12843,train
12844,validation
12845,train
12846,train
12847,validation
12848,train
12849,train
12850,test
12851,validation
12852,test
12853,test
12854,test
12855,train
12856,validation
12857,train
12858,train
12859,train
12860,validation
12861,train
12862,train
12863,train
12864,train
12865,train
12866,train
12867,test
12868,train
12869,validation
12870,train
12871,train
12872,train
12873,train
12874,test
12875,test
12876,train
12877,train
12878,test
12879,validation
12880,train
12881,validation
12882,train
12883,train
12884,validation
12885,train
12886,train
12887,train
12888,train
12889,train
12890,train
12891,test
12892,train
12893,train
12894,test
12895,validation
12896,train
12897,train
12898,validation
12899,train
12900,test
12901,train
12902,test
12903,train
12904,train
12905,train
12906,train
12907,train
12908,validation
12909,train
12910,validation
12911,train
12912,test
12913,train
12914,train
12915,train
12916,test
12917,test
12918,test
12919,train
12920,test
12921,test
12922,validation
12923,train
12924,validation
12925,train
12926,test
12927,validation
12928,train
12929,train
12930,validation
12931,train
12932,train
12933,train
12934,validation
12935,test
12936,train
12937,train
12938,train
12939,train
12940,train
12941,test
12942,train
12943,validation
12944,train
12945,test
12946,train
12947,test
12948,test
12949,train
12950,validation
12951,train
12952,train
12953,train
12954,test
12955,test
12956,train
12957,test
12958,validation
12959,train
12960,train
12961,train
12962,train
12963,train
12964,train
12965,test
12966,test
12967,validation
12968,train
12969,train
12970,train
12971,train
12972,train
12973,validation
12974,test
12975,validation
12976,validation
12977,train
12978,validation
12979,train
12980,train
12981,validation
12982,train
12983,train
12984,train
12985,train
12986,train
12987,test
12988,validation
12989,train
12990,train
12991,validation
12992,train
12993,train
12994,validation
12995,validation
12996,validation
12997,validation
12998,train
12999,validation
13000,validation
13001,train
13002,train
13003,train
13004,train
13005,test
13006,validation
13007,train
13008,train
13009,train
13010,train
13011,validation
13012,train
13013,train
13014,test
13015,train
13016,validation
13017,train
13018,train
13019,train
13020,train
13021,train
13022,train
13023,validation
13024,train
13025,validation
13026,train
13027,train
13028,validation
13029,train
13030,validation
13031,train
13032,validation
13033,train
13034,train
13035,validation
13036,train
13037,train
13038,train
13039,train
13040,train
13041,validation
13042,train
13043,validation
13044,train
13045,test
13046,train
13047,train
13048,train
13049,train
13050,train
13051,validation
13052,test
13053,train
13054,train
13055,validation
13056,test
13057,test
13058,train
13059,validation
13060,train
13061,train
13062,train
13063,train
13064,test
13065,validation
13066,train
13067,train
13068,validation
13069,train
13070,train
13071,test
13072,validation
13073,validation
13074,train
13075,train
13076,train
13077,train
13078,test
13079,validation
13080,train
13081,test
13082,validation
13083,validation
13084,validation
13085,train
13086,train
13087,train
13088,validation
13089,validation
13090,validation
13091,test
13092,train
13093,train
13094,train
13095,train
13096,train
13097,train
13098,train
13099,train
13100,validation
13101,test
13102,train
13103,train
13104,validation
13105,test
13106,train
13107,train
13108,test
13109,validation
13110,validation
13111,train
13112,validation
13113,validation
13114,train
13115,train
13116,train
13117,validation
13118,train
13119,validation
13120,train
13121,train
13122,train
13123,train
13124,train
13125,train
13126,train
13127,test
13128,train
13129,test
13130,train
13131,train
13132,validation
13133,validation
13134,train
13135,validation
13136,train
13137,train
13138,test
13139,train
13140,validation
13141,test
13142,test
13143,train
13144,train
13145,test
13146,test
13147,validation
13148,test
13149,train
13150,validation
13151,train
13152,train
13153,train
13154,train
13155,train
13156,test
13157,test
13158,train
13159,train
13160,train
13161,train
13162,train
13163,train
13164,train
13165,train
13166,test
13167,train
13168,test
13169,train
13170,train
13171,train
13172,train
13173,test
13174,train
13175,validation
13176,validation
13177,train
13178,test
13179,train
13180,train
13181,train
13182,train
13183,train
13184,train
13185,train
13186,validation
13187,test
13188,train
13189,train
13190,validation
13191,validation
13192,train
13193,train
13194,validation
13195,train
13196,test
13197,validation
13198,train
13199,test
13200,train
13201,validation
13202,test
13203,test
13204,test
13205,test
13206,train
13207,train
13208,validation
13209,train
13210,train
13211,train
13212,train
13213,train
13214,validation
13215,train
13216,train
13217,test
13218,train
13219,train
13220,validation
13221,train
13222,train
13223,train
13224,validation
13225,validation
13226,train
13227,train
13228,train
13229,test
13230,test
13231,test
13232,train
13233,train
13234,test
13235,train
13236,test
13237,train
13238,validation
13239,train
13240,train
13241,validation
13242,validation
13243,test
13244,train
13245,train
13246,train
13247,train
13248,train
13249,train
13250,train
13251,test
13252,train
13253,test
13254,train
13255,train
13256,test
13257,train
13258,train
13259,train
13260,train
13261,train
13262,test
13263,train
13264,train
13265,train
13266,train
13267,train
13268,train
13269,validation
13270,train
13271,train
13272,train
13273,train
13274,train
13275,train
13276,train
13277,train
13278,train
13279,validation
13280,train
13281,train
13282,train
13283,train
13284,train
13285,validation
13286,validation
13287,validation
13288,train
13289,validation
13290,validation
13291,train
13292,validation
13293,train
13294,train
13295,train
13296,test
13297,validation
13298,train
13299,train
13300,train
13301,test
13302,train
13303,validation
13304,train
13305,train
13306,validation
13307,train
13308,train
13309,test
13310,test
13311,train
13312,test
13313,test
13314,validation
13315,train
13316,validation
13317,train
13318,train
13319,train
13320,train
13321,test
13322,train
13323,validation
13324,train
13325,validation
13326,validation
13327,train
13328,train
13329,validation
13330,validation
13331,train
13332,validation
13333,train
13334,train
13335,validation
13336,train
13337,train
13338,train
13339,train
13340,train
13341,train
13342,train
13343,train
13344,train
13345,test
13346,test
13347,validation
13348,test
13349,train
13350,test
13351,train
13352,validation
13353,train
13354,test
13355,validation
13356,train
13357,train
13358,train
13359,test
13360,test
13361,validation
13362,test
13363,train
13364,train
13365,train
13366,train
13367,test
13368,test
13369,train
13370,train
13371,train
13372,train
13373,train
13374,train
13375,train
13376,train
13377,train
13378,train
13379,test
13380,validation
13381,validation
13382,train
13383,train
13384,train
13385,train
13386,train
13387,train
13388,train
13389,train
13390,train
13391,train
13392,validation
13393,validation
13394,test
13395,validation
13396,train
13397,validation
13398,test
13399,train
13400,train
13401,train
13402,train
13403,test
13404,train
13405,train
13406,validation
13407,train
13408,train
13409,validation
13410,train
13411,train
13412,train
13413,train
13414,validation
13415,test
13416,train
13417,train
13418,test
13419,validation
13420,test
13421,train
13422,train
13423,train
13424,validation
13425,train
13426,train
13427,train
13428,validation
13429,test
13430,train
13431,train
13432,train
13433,train
13434,train
13435,test
13436,test
13437,test
13438,validation
13439,validation
13440,validation
13441,train
13442,train
13443,train
13444,test
13445,train
13446,train
13447,train
13448,train
13449,train
13450,train
13451,train
13452,train
13453,train
13454,train
13455,train
13456,train
13457,validation
13458,validation
13459,validation
13460,train
13461,test
13462,validation
13463,train
13464,train
13465,train
13466,validation
13467,train
13468,train
13469,train
13470,train
13471,train
13472,train
13473,validation
13474,train
13475,validation
13476,test
13477,train
13478,test
13479,train
13480,train
13481,test
13482,train
13483,test
13484,train
13485,train
13486,test
13487,train
13488,train
13489,train
13490,test
13491,test
13492,validation
13493,train
13494,test
13495,train
13496,test
13497,test
13498,train
13499,test
13500,train
13501,test
13502,train
13503,train
13504,train
13505,train
13506,train
13507,test
13508,test
13509,validation
13510,test
13511,train
13512,train
13513,train
13514,train
13515,train
13516,validation
13517,test
13518,train
13519,train
13520,train
13521,train
13522,train
13523,train
13524,train
13525,train
13526,test
13527,test
13528,train
13529,validation
13530,test
13531,train
13532,train
13533,train
13534,train
13535,train
13536,train
13537,train
13538,train
13539,train
13540,train
13541,train
13542,train
13543,train
13544,train
13545,train
13546,train
13547,train
13548,test
13549,test
13550,train
13551,train
13552,train
13553,train
13554,test
13555,test
13556,train
13557,train
13558,train
13559,train
13560,validation
13561,test
13562,test
13563,validation
13564,train
13565,validation
13566,train
13567,train
13568,train
13569,test
13570,train
13571,test
13572,train
13573,train
13574,train
13575,validation
13576,train
13577,train
13578,test
13579,validation
13580,test
13581,train
13582,train
13583,train
13584,validation
13585,test
13586,train
13587,train
13588,train
13589,train
13590,train
13591,train
13592,test
13593,train
13594,train
13595,train
13596,train
13597,train
13598,train
13599,train
13600,train
13601,test
13602,train
13603,test
13604,train
13605,train
13606,train
13607,train
13608,train
13609,train
13610,train
13611,train
13612,train
13613,test
13614,train
13615,test
13616,train
13617,train
13618,validation
13619,validation
13620,train
13621,validation
13622,train
13623,test
13624,test
13625,train
13626,train
13627,train
13628,train
13629,test
13630,test
13631,validation
13632,validation
13633,train
13634,validation
13635,train
13636,test
13637,validation
13638,train
13639,train
13640,train
13641,train
13642,validation
13643,test
13644,test
13645,validation
13646,train
13647,train
13648,test
13649,train
13650,train
13651,train
13652,train
13653,validation
13654,test
13655,test
13656,train
13657,train
13658,train
13659,train
13660,train
13661,train
13662,train
13663,train
13664,test
13665,test
13666,test
13667,test
13668,train
13669,test
13670,train
13671,train
13672,train
13673,train
13674,validation
13675,train
13676,train
13677,train
13678,validation
13679,test
13680,train
13681,train
13682,train
13683,train
13684,train
13685,train
13686,test
13687,test
13688,test
13689,train
13690,validation
13691,train
13692,validation
13693,validation
13694,validation
13695,validation
13696,validation
13697,validation
13698,train
13699,validation
13700,train
13701,train
13702,train
13703,validation
13704,train
13705,train
13706,train
13707,train
13708,train
13709,validation
13710,train
13711,train
13712,train
13713,train
13714,validation
13715,train
13716,validation
13717,test
13718,train
13719,train
13720,validation
13721,train
13722,train
13723,test
13724,train
13725,train
13726,train
13727,train
13728,test
13729,train
13730,validation
13731,test
13732,train
13733,train
13734,train
13735,validation
13736,train
13737,train
13738,train
13739,test
13740,train
13741,test
13742,test
13743,train
13744,train
13745,validation
13746,train
13747,validation
13748,test
13749,validation
13750,train
13751,test
13752,test
13753,test
13754,train
13755,train
13756,train
13757,train
13758,validation
13759,train
13760,train
13761,train
13762,validation
13763,train
13764,test
13765,validation
13766,test
13767,validation
13768,validation
13769,train
13770,train
13771,train
13772,validation
13773,validation
13774,test
13775,test
13776,validation
13777,train
13778,train
13779,train
13780,test
13781,train
13782,train
13783,test
13784,train
13785,train
13786,validation
13787,validation
13788,test
13789,train
13790,train
13791,validation
13792,test
13793,test
13794,test
13795,train
13796,train
13797,test
13798,test
13799,validation
13800,train
13801,test
13802,train
13803,test
13804,train
13805,test
13806,test
13807,validation
13808,test
13809,train
13810,train
13811,test
13812,train
13813,train
13814,validation
13815,train
13816,validation
13817,train
13818,train
13819,test
13820,train
13821,train
13822,train
13823,train
13824,train
13825,train
13826,train
13827,train
13828,test
13829,validation
13830,train
13831,validation
13832,train
13833,train
13834,train
13835,test
13836,train
13837,train
13838,validation
13839,train
13840,train
13841,train
13842,train
13843,train
13844,test
13845,train
13846,validation
13847,validation
13848,train
13849,test
13850,test
13851,train
13852,validation
13853,test
13854,validation
13855,test
13856,test
13857,test
13858,train
13859,train
13860,train
13861,train
13862,train
13863,train
13864,train
13865,train
13866,train
13867,validation
13868,validation
13869,train
13870,validation
13871,train
13872,train
13873,validation
13874,validation
13875,train
13876,test
13877,train
13878,train
13879,test
13880,train
13881,train
13882,train
13883,train
13884,validation
13885,train
13886,train
13887,validation
13888,train
13889,validation
13890,train
13891,train
13892,train
13893,validation
13894,train
13895,test
13896,train
13897,train
13898,train
13899,train
13900,validation
13901,test
13902,train
13903,validation
13904,train
13905,train
13906,test
13907,test
13908,validation
13909,test
13910,test
13911,train
13912,train
13913,test
13914,train
13915,train
13916,train
13917,test
13918,train
13919,test
13920,test
13921,validation
13922,test
13923,train
13924,test
13925,train
13926,validation
13927,train
13928,train
13929,train
13930,train
13931,test
13932,train
13933,train
13934,validation
13935,train
13936,train
13937,test
13938,train
13939,validation
13940,train
13941,train
13942,train
13943,train
13944,validation
13945,train
13946,test
13947,train
13948,train
13949,validation
13950,train
13951,test
13952,validation
13953,train
13954,train
13955,train
13956,validation
13957,train
13958,test
13959,train
13960,train
13961,train
13962,train
13963,train
13964,train
13965,test
13966,train
13967,train
13968,train
13969,train
13970,test
13971,test
13972,train
13973,train
13974,train
13975,train
13976,train
13977,train
13978,train
13979,test
13980,train
13981,test
13982,train
13983,train
13984,train
13985,train
13986,train
13987,train
13988,train
13989,validation
13990,validation
13991,test
13992,train
13993,train
13994,validation
13995,train
13996,validation
13997,train
13998,train
13999,train
14000,test
14001,validation
14002,train
14003,test
14004,validation
14005,train
14006,validation
14007,train
14008,test
14009,train
14010,train
14011,validation
14012,train
14013,train
14014,train
14015,train
14016,validation
14017,validation
14018,test
14019,validation
14020,validation
14021,train
14022,validation
14023,validation
14024,train
14025,test
14026,test
14027,train
14028,train
14029,test
14030,train
14031,train
14032,train
14033,train
14034,train
14035,train
14036,test
14037,validation
14038,test
14039,train
14040,train
14041,train
14042,train
14043,test
14044,train
14045,test
14046,validation
14047,test
14048,train
14049,train
14050,train
14051,validation
14052,test
14053,test
14054,validation
14055,train
14056,validation
14057,train
14058,test
14059,train
14060,validation
14061,train
14062,train
14063,train
14064,test
14065,train
14066,train
14067,train
14068,train
14069,train
14070,train
14071,train
14072,train
14073,train
14074,train
14075,validation
14076,validation
14077,train
14078,validation
14079,train
14080,train
14081,train
14082,train
14083,train
14084,test
14085,train
14086,test
14087,train
14088,test
14089,train
14090,train
14091,validation
14092,train
14093,train
14094,train
14095,train
14096,train
14097,train
14098,train
14099,test
14100,validation
14101,train
14102,train
14103,test
14104,validation
14105,validation
14106,train
14107,test
14108,train
14109,test
14110,test
14111,test
14112,train
14113,train
14114,train
14115,train
14116,validation
14117,test
14118,validation
14119,train
14120,train
14121,validation
14122,validation
14123,train
14124,train
14125,validation
14126,validation
14127,train
14128,train
14129,train
14130,train
14131,validation
14132,train
14133,train
14134,validation
14135,train
14136,train
14137,validation
14138,train
14139,train
14140,validation
14141,test
14142,train
14143,train
14144,train
14145,validation
14146,train
14147,train
14148,test
14149,train
14150,train
14151,train
14152,train
14153,train
14154,test
14155,train
14156,test
14157,validation
14158,train
14159,test
14160,train
14161,train
14162,train
14163,validation
14164,validation
14165,train
14166,train
14167,validation
14168,train
14169,validation
14170,train
14171,train
14172,train
14173,test
14174,train
14175,train
14176,train
14177,validation
14178,test
14179,train
14180,train
14181,train
14182,validation
14183,validation
14184,test
14185,validation
14186,validation
14187,train
14188,train
14189,train
14190,validation
14191,train
14192,test
14193,test
14194,train
14195,test
14196,validation
14197,test
14198,validation
14199,test
14200,train
14201,train
14202,train
14203,train
14204,validation
14205,train
14206,train
14207,train
14208,train
14209,train
14210,validation
14211,test
14212,test
14213,test
14214,test
14215,validation
14216,train
14217,train
14218,test
14219,train
14220,test
14221,train
14222,train
14223,train
14224,validation
14225,train
14226,train
14227,test
14228,train
14229,test
14230,train
14231,train
14232,train
14233,test
14234,train
14235,train
14236,test
14237,validation
14238,train
14239,train
14240,train
14241,train
14242,train
14243,train
14244,train
14245,train
14246,train
14247,test
14248,train
14249,validation
14250,validation
14251,test
14252,test
14253,train
14254,train
14255,train
14256,test
14257,train
14258,train
14259,train
14260,train
14261,train
14262,validation
14263,train
14264,train
14265,test
14266,validation
14267,test
14268,validation
14269,train
14270,test
14271,validation
14272,train
14273,train
14274,validation
14275,train
14276,train
14277,train
14278,validation
14279,train
14280,train
14281,test
14282,train
14283,test
14284,validation
14285,train
14286,validation
14287,test
14288,validation
14289,train
14290,validation
14291,train
14292,train
14293,test
14294,validation
14295,train
14296,test
14297,train
14298,validation
14299,test
14300,train
14301,train
14302,train
14303,train
14304,train
14305,train
14306,train
14307,test
14308,train
14309,train
14310,test
14311,train
14312,test
14313,train
14314,validation
14315,validation
14316,train
14317,train
14318,test
14319,train
14320,validation
14321,validation
14322,train
14323,train
14324,test
14325,train
14326,validation
14327,train
14328,train
14329,test
14330,test
14331,test
14332,train
14333,test
14334,validation
14335,validation
14336,validation
14337,validation
14338,train
14339,train
14340,train
14341,validation
14342,train
14343,train
14344,validation
14345,test
14346,train
14347,train
14348,validation
14349,train
14350,test
14351,test
14352,train
14353,train
14354,train
14355,train
14356,train
14357,train
14358,train
14359,train
14360,test
14361,train
14362,validation
14363,train
14364,train
14365,train
14366,train
14367,train
14368,train
14369,train
14370,train
14371,train
14372,train
14373,train
14374,train
14375,train
14376,train
14377,validation
14378,train
14379,train
14380,train
14381,test
14382,validation
14383,validation
14384,train
14385,train
14386,train
14387,test
14388,test
14389,train
14390,train
14391,validation
14392,train
14393,train
14394,test
14395,test
14396,train
14397,test
14398,test
14399,train
14400,validation
14401,train
14402,train
14403,train
14404,train
14405,test
14406,validation
14407,test
14408,test
14409,validation
14410,validation
14411,validation
14412,validation
14413,train
14414,test
14415,train
14416,test
14417,validation
14418,train
14419,train
14420,test
14421,validation
14422,train
14423,validation
14424,test
14425,test
14426,train
14427,train
14428,validation
14429,validation
14430,train
14431,validation
14432,train
14433,validation
14434,test
14435,train
14436,validation
14437,train
14438,train
14439,validation
14440,train
14441,train
14442,train
14443,train
14444,validation
14445,train
14446,train
14447,train
14448,validation
14449,test
14450,train
14451,train
14452,train
14453,train
14454,train
14455,train
14456,test
14457,validation
14458,train
14459,train
14460,train
14461,validation
14462,validation
14463,test
14464,validation
14465,validation
14466,train
14467,validation
14468,train
14469,train
14470,validation
14471,train
14472,train
14473,train
14474,test
14475,test
14476,test
14477,test
14478,test
14479,test
14480,train
14481,train
14482,test
14483,validation
14484,train
14485,train
14486,train
14487,train
14488,train
14489,test
14490,train
14491,train
14492,train
14493,validation
14494,train
14495,train
14496,train
14497,train
14498,test
14499,validation
14500,train
14501,train
14502,train
14503,train
14504,train
14505,test
14506,test
14507,test
14508,test
14509,train
14510,train
14511,train
14512,train
14513,train
14514,train
14515,train
14516,train
14517,train
14518,train
14519,train
14520,train
14521,train
14522,validation
14523,train
14524,train
14525,train
14526,validation
14527,train
14528,train
14529,train
14530,test
14531,test
14532,train
14533,train
14534,test
14535,train
14536,validation
14537,train
14538,test
14539,train
14540,train
14541,validation
14542,test
14543,train
14544,train
14545,validation
14546,test
14547,train
14548,validation
14549,test
14550,train
14551,train
14552,train
14553,test
14554,train
14555,train
14556,validation
14557,train
14558,train
14559,test
14560,train
14561,train
14562,train
14563,test
14564,train
14565,train
14566,validation
14567,train
14568,train
14569,train
14570,train
14571,train
14572,train
14573,train
14574,validation
14575,validation
14576,test
14577,test
14578,validation
14579,train
14580,train
14581,validation
14582,train
14583,train
14584,test
14585,train
14586,train
14587,validation
14588,test
14589,test
14590,train
14591,train
14592,train
14593,train
14594,test
14595,test
14596,test
14597,train
14598,train
14599,train
14600,train
14601,train
14602,validation
14603,validation
14604,test
14605,validation
14606,train
14607,validation
14608,train
14609,train
14610,test
14611,test
14612,test
14613,train
14614,validation
14615,test
14616,test
14617,validation
14618,train
14619,test
14620,validation
14621,train
14622,train
14623,validation
14624,train
14625,validation
14626,train
14627,train
14628,train
14629,train
14630,test
14631,test
14632,train
14633,train
14634,train
14635,test
14636,train
14637,test
14638,train
14639,validation
14640,test
14641,train
14642,train
14643,validation
14644,validation
14645,test
14646,validation
14647,train
14648,train
14649,train
14650,train
14651,train
14652,train
14653,train
14654,validation
14655,test
14656,train
14657,train
14658,validation
14659,test
14660,train
14661,validation
14662,test
14663,test
14664,train
14665,train
14666,train
14667,train
14668,train
14669,train
14670,train
14671,train
14672,train
14673,validation
14674,test
14675,train
14676,train
14677,train
14678,train
14679,train
14680,train
14681,validation
14682,train
14683,validation
14684,validation
14685,train
14686,train
14687,test
14688,validation
14689,validation
14690,train
14691,test
14692,train
14693,test
14694,validation
14695,train
14696,train
14697,train
14698,train
14699,test
14700,train
14701,train
14702,test
14703,train
14704,train
14705,train
14706,train
14707,validation
14708,validation
14709,validation
14710,test
14711,train
14712,train
14713,train
14714,test
14715,validation
14716,train
14717,test
14718,validation
14719,train
14720,test
14721,test
14722,test
14723,test
14724,train
14725,train
14726,train
14727,train
14728,validation
14729,train
14730,train
14731,validation
14732,train
14733,train
14734,train
14735,train
14736,test
14737,test
14738,train
14739,train
14740,test
14741,validation
14742,train
14743,validation
14744,train
14745,test
14746,train
14747,validation
14748,train
14749,train
14750,test
14751,train
14752,validation
14753,train
14754,train
14755,train
14756,validation
14757,validation
14758,train
14759,train
14760,test
14761,train
14762,train
14763,test
14764,train
14765,train
14766,train
14767,train
14768,train
14769,train
14770,train
14771,train
14772,train
14773,train
14774,train
14775,train
14776,train
14777,test
14778,train
14779,train
14780,validation
14781,validation
14782,train
14783,train
14784,train
14785,test
14786,validation
14787,test
14788,test
14789,train
14790,train
14791,train
14792,train
14793,train
14794,train
14795,validation
14796,validation
14797,train
14798,train
14799,test
14800,test
14801,test
14802,validation
14803,train
14804,train
14805,train
14806,validation
14807,test
14808,validation
14809,validation
14810,train
14811,train
14812,test
14813,validation
14814,train
14815,validation
14816,train
14817,validation
14818,train
14819,test
14820,train
14821,train
14822,train
14823,validation
14824,validation
14825,test
14826,test
14827,train
14828,train
14829,test
14830,train
14831,train
14832,validation
14833,validation
14834,train
14835,train
14836,validation
14837,train
14838,train
14839,validation
14840,train
14841,test
14842,validation
14843,train
14844,test
14845,validation
14846,train
14847,test
14848,train
14849,test
14850,validation
14851,train
14852,test
14853,test
14854,train
14855,test
14856,test
14857,train
14858,validation
14859,validation
14860,train
14861,train
14862,train
14863,train
14864,train
14865,validation
14866,train
14867,test
14868,test
14869,train
14870,train
14871,validation
14872,validation
14873,validation
14874,train
14875,train
14876,train
14877,train
14878,train
14879,validation
14880,train
14881,test
14882,train
14883,train
14884,train
14885,test
14886,train
14887,test
14888,test
14889,train
14890,test
14891,train
14892,test
14893,train
14894,validation
14895,train
14896,validation
14897,train
14898,test
14899,train
14900,train
14901,validation
14902,validation
14903,train
14904,train
14905,validation
14906,validation
14907,validation
14908,train
14909,validation
14910,test
14911,validation
14912,train
14913,train
14914,test
14915,validation
14916,validation
14917,train
14918,validation
14919,train
14920,train
14921,test
14922,train
14923,train
14924,train
14925,train
14926,train
14927,train
14928,train
14929,train
14930,test
14931,train
14932,train
14933,test
14934,train
14935,train
14936,test
14937,test
14938,validation
14939,train
14940,train
14941,validation
14942,train
14943,train
14944,train
14945,validation
14946,test
14947,test
14948,validation
14949,train
14950,train
14951,test
14952,test
14953,train
14954,train
14955,train
14956,train
14957,train
14958,validation
14959,train
14960,test
14961,test
14962,train
14963,train
14964,validation
14965,train
14966,validation
14967,train
14968,train
14969,test
14970,train
14971,validation
14972,validation
14973,test
14974,train
14975,train
14976,train
14977,test
14978,train
14979,validation
14980,test
14981,train
14982,train
14983,train
14984,test
14985,validation
14986,test
14987,train
14988,train
14989,train
14990,train
14991,test
14992,test
14993,test
14994,test
14995,test
14996,train
14997,validation
14998,test
14999,train
15000,train
15001,test
15002,train
15003,validation
15004,train
15005,train
15006,train
15007,train
15008,train
15009,train
15010,train
15011,validation
15012,test
15013,train
15014,validation
15015,train
15016,train
15017,train
15018,train
15019,test
15020,train
15021,validation
15022,train
15023,train
15024,train
15025,train
15026,train
15027,train
15028,validation
15029,train
15030,train
15031,train
15032,train
15033,validation
15034,validation
15035,train
15036,train
15037,train
15038,train
15039,train
15040,train
15041,test
15042,test
15043,train
15044,train
15045,validation
15046,train
15047,train
15048,validation
15049,train
15050,test
15051,validation
15052,train
15053,validation
15054,test
15055,train
15056,train
15057,train
15058,train
15059,train
15060,train
15061,train
15062,test
15063,validation
15064,validation
15065,validation
15066,train
15067,validation
15068,train
15069,validation
15070,train
15071,train
15072,test
15073,validation
15074,train
15075,train
15076,validation
15077,train
15078,test
15079,validation
15080,train
15081,train
15082,validation
15083,train
15084,validation
15085,train
15086,train
15087,validation
15088,test
15089,train
15090,test
15091,validation
15092,validation
15093,validation
15094,train
15095,train
15096,test
15097,train
15098,validation
15099,validation
15100,train
15101,validation
15102,train
15103,validation
15104,train
15105,train
15106,validation
15107,validation
15108,train
15109,test
15110,train
15111,validation
15112,train
15113,validation
15114,test
15115,train
15116,validation
15117,train
15118,train
15119,train
15120,validation
15121,train
15122,train
15123,validation
15124,validation
15125,validation
15126,train
15127,validation
15128,validation
15129,train
15130,test
15131,test
15132,train
15133,validation
15134,test
15135,train
15136,train
15137,train
15138,test
15139,train
15140,train
15141,train
15142,test
15143,validation
15144,train
15145,test
15146,train
15147,test
15148,test
15149,validation
15150,train
15151,train
15152,test
15153,train
15154,validation
15155,validation
15156,train
15157,train
15158,train
15159,test
15160,train
15161,train
15162,train
15163,train
15164,validation
15165,validation
15166,validation
15167,train
15168,train
15169,validation
15170,train
15171,test
15172,train
15173,test
15174,test
15175,train
15176,validation
15177,validation
15178,test
15179,test
15180,validation
15181,train
15182,train
15183,test
15184,test
15185,train
15186,train
15187,train
15188,train
15189,train
15190,train
15191,validation
15192,train
15193,train
15194,train
15195,train
15196,validation
15197,train
15198,train
15199,validation
15200,train
15201,train
15202,test
15203,train
15204,train
15205,train
15206,train
15207,validation
15208,train
15209,train
15210,validation
15211,validation
15212,test
15213,validation
15214,test
15215,test
15216,train
15217,validation
15218,test
15219,train
15220,test
15221,train
15222,validation
15223,train
15224,train
15225,test
15226,test
15227,validation
15228,validation
15229,train
15230,train
15231,train
15232,validation
15233,train
15234,train
15235,train
15236,test
15237,train
15238,train
15239,train
15240,train
15241,train
15242,test
15243,validation
15244,train
15245,train
15246,test
15247,validation
15248,validation
15249,train
15250,test
15251,validation
15252,validation
15253,train
15254,validation
15255,train
15256,test
15257,validation
15258,train
15259,train
15260,train
15261,train
15262,train
15263,train
15264,test
15265,train
15266,test
15267,validation
15268,train
15269,train
15270,train
15271,train
15272,validation
15273,train
15274,train
15275,train
15276,validation
15277,train
15278,train
15279,train
15280,validation
15281,validation
15282,train
15283,validation
15284,train
15285,test
15286,train
15287,test
15288,train
15289,train
15290,train
15291,train
15292,validation
15293,test
15294,train
15295,train
15296,train
15297,train
15298,validation
15299,train
15300,validation
15301,test
15302,train
15303,test
15304,train
15305,train
15306,test
15307,train
15308,train
15309,train
15310,train
15311,validation
15312,train
15313,train
15314,train
15315,train
15316,test
15317,train
15318,test
15319,train
15320,validation
15321,train
15322,train
15323,train
15324,test
15325,train
15326,validation
15327,validation
15328,train
15329,train
15330,validation
15331,train
15332,train
15333,train
15334,validation
15335,train
15336,train
15337,train
15338,train
15339,train
15340,train
15341,test
15342,test
15343,validation
15344,train
15345,validation
15346,train
15347,train
15348,test
15349,validation
15350,test
15351,train
15352,validation
15353,train
15354,test
15355,train
15356,validation
15357,train
15358,validation
15359,validation
15360,train
15361,train
15362,train
15363,validation
15364,train
15365,validation
15366,train
15367,train
15368,train
15369,test
15370,train
15371,train
15372,train
15373,train
15374,train
15375,test
15376,validation
15377,test
15378,train
15379,train
15380,train
15381,train
15382,validation
15383,validation
15384,train
15385,validation
15386,validation
15387,train
15388,train
15389,train
15390,train
15391,train
15392,test
15393,train
15394,train
15395,train
15396,train
15397,validation
15398,train
15399,train
15400,validation
15401,train
15402,validation
15403,train
15404,train
15405,train
15406,train
15407,validation
15408,validation
15409,validation
15410,train
15411,train
15412,train
15413,train
15414,train
15415,train
15416,validation
15417,validation
15418,train
15419,train
15420,test
15421,train
15422,test
15423,validation
15424,train
15425,validation
15426,train
15427,train
15428,train
15429,train
15430,validation
15431,validation
15432,train
15433,validation
15434,validation
15435,validation
15436,train
15437,train
15438,train
15439,train
15440,validation
15441,train
15442,validation
15443,train
15444,test
15445,train
15446,train
15447,train
15448,train
15449,train
15450,train
15451,validation
15452,train
15453,train
15454,validation
15455,train
15456,validation
15457,validation
15458,validation
15459,test
15460,train
15461,test
15462,test
15463,train
15464,validation
15465,test
15466,train
15467,train
15468,train
15469,validation
15470,train
15471,train
15472,train
15473,train
15474,train
15475,validation
15476,train
15477,train
15478,train
15479,test
15480,train
15481,train
15482,train
15483,train
15484,train
15485,train
15486,validation
15487,train
15488,train
15489,validation
15490,test
15491,train
15492,train
15493,train
15494,test
15495,validation
15496,train
15497,test
15498,train
15499,train
15500,train
15501,train
15502,train
15503,train
15504,train
15505,train
15506,test
15507,train
15508,train
15509,train
15510,test
15511,validation
15512,validation
15513,train
15514,train
15515,train
15516,test
15517,train
15518,train
15519,train
15520,train
15521,test
15522,validation
15523,validation
15524,train
15525,test
15526,train
15527,test
15528,validation
15529,train
15530,validation
15531,train
15532,validation
15533,train
15534,test
15535,train
15536,train
15537,train
15538,train
15539,train
15540,train
15541,test
15542,validation
15543,test
15544,train
15545,train
15546,train
15547,train
15548,test
15549,test
15550,test
15551,train
15552,train
15553,test
15554,train
15555,train
15556,train
15557,test
15558,train
15559,train
15560,train
15561,train
15562,train
15563,test
15564,validation
15565,test
15566,validation
15567,validation
15568,test
15569,train
15570,validation
15571,validation
15572,train
15573,validation
15574,test
15575,test
15576,train
15577,validation
15578,train
15579,train
15580,train
15581,train
15582,train
15583,train
15584,train
15585,validation
15586,train
15587,train
15588,validation
15589,train
15590,train
15591,validation
15592,validation
15593,test
15594,train
15595,validation
15596,train
15597,train
15598,validation
15599,train
15600,train
15601,train
15602,train
15603,train
15604,train
15605,train
15606,train
15607,validation
15608,train
15609,test
15610,validation
15611,train
15612,validation
15613,train
15614,train
15615,train
15616,train
15617,train
15618,train
15619,validation
15620,validation
15621,train
15622,train
15623,train
15624,validation
15625,train
15626,train
15627,train
15628,test
15629,train
15630,validation
15631,train
15632,train
15633,train
15634,train
15635,train
15636,validation
15637,validation
15638,train
15639,validation
15640,validation
15641,train
15642,train
15643,train
15644,train
15645,train
15646,train
15647,train
15648,train
15649,train
15650,train
15651,test
15652,test
15653,test
15654,test
15655,train
15656,train
15657,train
15658,train
15659,train
15660,train
15661,train
15662,train
15663,train
15664,train
15665,train
15666,validation
15667,train
15668,train
15669,train
15670,train
15671,train
15672,train
15673,train
15674,validation
15675,train
15676,train
15677,validation
15678,train
15679,train
15680,test
15681,train
15682,train
15683,train
15684,validation
15685,validation
15686,test
15687,train
15688,validation
15689,test
15690,test
15691,test
15692,validation
15693,test
15694,test
15695,test
15696,validation
15697,train
15698,train
15699,test
15700,validation
15701,train
15702,validation
15703,train
15704,test
15705,test
15706,train
15707,train
15708,validation
15709,train
15710,train
15711,train
15712,train
15713,train
15714,train
15715,train
15716,train
15717,train
15718,train
15719,train
15720,validation
15721,train
15722,validation
15723,train
15724,train
15725,train
15726,train
15727,train
15728,train
15729,train
15730,validation
15731,test
15732,train
15733,train
15734,train
15735,validation
15736,train
15737,test
15738,train
15739,train
15740,train
15741,train
15742,train
15743,train
15744,train
15745,train
15746,test
15747,test
15748,test
15749,train
15750,validation
15751,train
15752,train
15753,validation
15754,validation
15755,validation
15756,validation
15757,train
15758,train
15759,train
15760,validation
15761,train
15762,train
15763,train
15764,train
15765,train
15766,test
15767,train
15768,train
15769,test
15770,train
15771,train
15772,train
15773,train
15774,validation
15775,validation
15776,train
15777,train
15778,validation
15779,test
15780,train
15781,test
15782,validation
15783,train
15784,train
15785,validation
15786,train
15787,train
15788,train
15789,train
15790,test
15791,test
15792,train
15793,test
15794,train
15795,test
15796,train
15797,test
15798,train
15799,validation
15800,validation
15801,validation
15802,train
15803,train
15804,train
15805,train
15806,train
15807,train
15808,train
15809,train
15810,train
15811,validation
15812,train
15813,train
15814,validation
15815,train
15816,validation
15817,test
15818,train
15819,validation
15820,test
15821,train
15822,test
15823,test
15824,test
15825,validation
15826,test
15827,test
15828,validation
15829,train
15830,train
15831,validation
15832,train
15833,test
15834,test
15835,train
15836,train
15837,train
15838,train
15839,test
15840,train
15841,train
15842,train
15843,validation
15844,train
15845,train
15846,train
15847,validation
15848,train
15849,train
15850,train
15851,validation
15852,test
15853,train
15854,train
15855,validation
15856,test
15857,train
15858,validation
15859,train
15860,test
15861,validation
15862,validation
15863,validation
15864,train
15865,train
15866,test
15867,train
15868,test
15869,validation
15870,train
15871,train
15872,test
15873,train
15874,train
15875,train
15876,test
15877,validation
15878,train
15879,train
15880,test
15881,test
15882,validation
15883,train
15884,validation
15885,train
15886,train
15887,validation
15888,train
15889,train
15890,test
15891,validation
15892,train
15893,train
15894,train
15895,train
15896,train
15897,train
15898,validation
15899,test
15900,test
15901,train
15902,validation
15903,validation
15904,train
15905,test
15906,test
15907,train
15908,train
15909,train
15910,test
15911,validation
15912,test
15913,train
15914,train
15915,validation
15916,train
15917,train
15918,test
15919,train
15920,validation
15921,train
15922,train
15923,validation
15924,train
15925,train
15926,train
15927,train
15928,validation
15929,train
15930,test
15931,train
15932,validation
15933,test
15934,validation
15935,train
15936,validation
15937,train
15938,train
15939,train
15940,validation
15941,validation
15942,test
15943,validation
15944,train
15945,validation
15946,train
15947,validation
15948,validation
15949,validation
15950,train
15951,train
15952,train
15953,test
15954,train
15955,train
15956,train
15957,test
15958,train
15959,train
15960,train
15961,train
15962,train
15963,train
15964,test
15965,train
15966,test
15967,train
15968,train
15969,train
15970,train
15971,validation
15972,validation
15973,train
15974,validation
15975,validation
15976,train
15977,train
15978,train
15979,train
15980,train
15981,train
15982,test
15983,validation
15984,train
15985,train
15986,validation
15987,test
15988,train
15989,train
15990,validation
15991,validation
15992,test
15993,validation
15994,train
15995,test
15996,test
15997,validation
15998,train
15999,train
16000,test
16001,train
16002,train
16003,train
16004,train
16005,train
16006,test
16007,validation
16008,validation
16009,train
16010,test
16011,test
16012,validation
16013,train
16014,train
16015,train
16016,validation
16017,train
16018,train
16019,train
16020,train
16021,train
16022,test
16023,test
16024,train
16025,train
16026,train
16027,test
16028,train
16029,validation
16030,validation
16031,train
16032,train
16033,train
16034,test
16035,validation
16036,train
16037,test
16038,validation
16039,train
16040,train
16041,validation
16042,train
16043,test
16044,train
16045,test
16046,validation
16047,train
16048,train
16049,validation
16050,train
16051,train
16052,test
16053,validation
16054,train
16055,test
16056,train
16057,train
16058,train
16059,train
16060,test
16061,test
16062,test
16063,train
16064,train
16065,train
16066,test
16067,test
16068,train
16069,train
16070,validation
16071,train
16072,train
16073,train
16074,test
16075,validation
16076,train
16077,train
16078,train
16079,train
16080,train
16081,validation
16082,validation
16083,train
16084,validation
16085,train
16086,train
16087,test
16088,validation
16089,train
16090,validation
16091,train
16092,train
16093,train
16094,train
16095,test
16096,train
16097,test
16098,train
16099,validation
16100,train
16101,train
16102,train
16103,train
16104,validation
16105,train
16106,test
16107,validation
16108,train
16109,train
16110,train
16111,test
16112,train
16113,test
16114,train
16115,train
16116,train
16117,train
16118,train
16119,train
16120,train
16121,train
16122,train
16123,test
16124,train
16125,train
16126,train
16127,test
16128,train
16129,train
16130,train
16131,train
16132,validation
16133,validation
16134,validation
16135,train
16136,train
16137,validation
16138,train
16139,test
16140,train
16141,test
16142,train
16143,train
16144,test
16145,validation
16146,validation
16147,validation
16148,validation
16149,train
16150,train
16151,validation
16152,train
16153,train
16154,train
16155,train
16156,test
16157,validation
16158,train
16159,train
16160,train
16161,validation
16162,test
16163,train
16164,test
16165,validation
16166,train
16167,test
16168,test
16169,train
16170,train
16171,train
16172,test
16173,train
16174,train
16175,train
16176,train
16177,train
16178,test
16179,train
16180,train
16181,train
16182,test
16183,train
16184,validation
16185,validation
16186,validation
16187,test
16188,train
16189,train
16190,train
16191,train
16192,train
16193,validation
16194,validation
16195,train
16196,train
16197,train
16198,test
16199,train
16200,train
16201,train
16202,train
16203,train
16204,validation
16205,train
16206,test
16207,train
16208,validation
16209,test
16210,test
16211,validation
16212,train
16213,train
16214,test
16215,train
16216,train
16217,train
16218,test
16219,test
16220,test
16221,train
16222,validation
16223,train
16224,train
16225,validation
16226,train
16227,train
16228,train
16229,test
16230,train
16231,train
16232,validation
16233,train
16234,train
16235,test
16236,train
16237,train
16238,train
16239,train
16240,validation
16241,train
16242,train
16243,train
16244,test
16245,train
16246,train
16247,train
16248,test
16249,train
16250,validation
16251,train
16252,validation
16253,train
16254,train
16255,train
16256,test
16257,train
16258,train
16259,test
16260,validation
16261,train
16262,validation
16263,train
16264,train
16265,validation
16266,train
16267,train
16268,train
16269,validation
16270,validation
16271,validation
16272,test
16273,test
16274,validation
16275,train
16276,train
16277,train
16278,test
16279,train
16280,validation
16281,train
16282,validation
16283,test
16284,validation
16285,train
16286,test
16287,train
16288,validation
16289,train
16290,test
16291,validation
16292,validation
16293,validation
16294,test
16295,train
16296,train
16297,train
16298,train
16299,train
16300,validation
16301,train
16302,train
16303,train
16304,train
16305,train
16306,validation
16307,train
16308,train
16309,train
16310,train
16311,test
16312,train
16313,train
16314,validation
16315,train
16316,train
16317,train
16318,train
16319,train
16320,train
16321,test
16322,train
16323,train
16324,train
16325,validation
16326,test
16327,test
16328,train
16329,train
16330,test
16331,train
16332,test
16333,train
16334,train
16335,train
16336,validation
16337,train
16338,train
16339,train
16340,train
16341,train
16342,test
16343,train
16344,train
16345,validation
16346,train
16347,test
16348,train
16349,train
16350,test
16351,test
16352,validation
16353,train
16354,train
16355,test
16356,train
16357,train
16358,train
16359,train
16360,validation
16361,train
16362,train
16363,train
16364,train
16365,train
16366,train
16367,validation
16368,train
16369,train
16370,train
16371,train
16372,train
16373,train
16374,train
16375,train
16376,test
16377,test
16378,train
16379,validation
16380,train
16381,train
16382,train
16383,test
16384,train
16385,train
16386,train
16387,train
16388,train
16389,validation
16390,train
16391,test
16392,validation
16393,train
16394,validation
16395,train
16396,validation
16397,validation
16398,validation
16399,train
16400,test
16401,validation
16402,train
16403,test
16404,validation
16405,train
16406,train
16407,train
16408,train
16409,train
16410,test
16411,test
16412,test
16413,train
16414,train
16415,train
16416,train
16417,validation
16418,train
16419,train
16420,train
16421,test
16422,train
16423,validation
16424,train
16425,test
16426,train
16427,train
16428,train
16429,train
16430,train
16431,train
16432,train
16433,test
16434,validation
16435,train
16436,validation
16437,test
16438,train
16439,train
16440,test
16441,test
16442,validation
16443,train
16444,validation
16445,train
16446,train
16447,train
16448,train
16449,train
16450,train
16451,train
16452,validation
16453,train
16454,train
16455,train
16456,test
16457,train
16458,validation
16459,train
16460,train
16461,validation
16462,train
16463,train
16464,train
16465,train
16466,train
16467,train
16468,test
16469,train
16470,validation
16471,train
16472,train
16473,train
16474,train
16475,train
16476,train
16477,train
16478,train
16479,train
16480,train
16481,train
16482,train
16483,train
16484,train
16485,train
16486,train
16487,train
16488,test
16489,train
16490,train
16491,test
16492,train
16493,train
16494,test
16495,train
16496,train
16497,test
16498,validation
16499,test
16500,train
16501,train
16502,test
16503,validation
16504,train
16505,train
16506,train
16507,train
16508,validation
16509,test
16510,train
16511,test
16512,validation
16513,train
16514,train
16515,validation
16516,validation
16517,test
16518,train
16519,test
16520,train
16521,train
16522,train
16523,train
16524,validation
16525,train
16526,train
16527,train
16528,train
16529,train
16530,train
16531,test
16532,train
16533,train
16534,validation
16535,validation
16536,train
16537,validation
16538,train
16539,test
16540,validation
16541,validation
16542,test
16543,validation
16544,train
16545,train
16546,train
16547,train
16548,train
16549,train
16550,train
16551,train
16552,validation
16553,train
16554,train
16555,validation
16556,train
16557,test
16558,test
16559,test
16560,validation
16561,test
16562,validation
16563,train
16564,train
16565,test
16566,validation
16567,train
16568,train
16569,test
16570,train
16571,test
16572,train
16573,train
16574,train
16575,train
16576,train
16577,train
16578,train
16579,train
16580,train
16581,test
16582,train
16583,train
16584,train
16585,train
16586,test
16587,train
16588,train
16589,test
16590,train
16591,train
16592,test
16593,test
16594,validation
16595,train
16596,validation
16597,test
16598,test
16599,train
16600,train
16601,train
16602,validation
16603,test
16604,train
16605,train
16606,train
16607,train
16608,test
16609,test
16610,validation
16611,test
16612,train
16613,test
16614,train
16615,train
16616,train
16617,test
16618,test
16619,train
16620,train
16621,validation
16622,train
16623,validation
16624,train
16625,validation
16626,test
16627,train
16628,test
16629,train
16630,test
16631,train
16632,train
16633,train
16634,train
16635,train
16636,train
16637,train
16638,train
16639,train
16640,train
16641,validation
16642,test
16643,train
16644,train
16645,train
16646,train
16647,train
16648,train
16649,test
16650,test
16651,train
16652,validation
16653,train
16654,train
16655,validation
16656,train
16657,train
16658,train
16659,train
16660,train
16661,train
16662,train
16663,validation
16664,test
16665,train
16666,train
16667,train
16668,train
16669,test
16670,train
16671,train
16672,train
16673,test
16674,train
16675,train
16676,train
16677,test
16678,train
16679,test
16680,train
16681,train
16682,validation
16683,train
16684,test
16685,train
16686,validation
16687,test
16688,validation
16689,train
16690,train
16691,train
16692,train
16693,test
16694,train
16695,validation
16696,train
16697,train
16698,train
16699,train
16700,test
16701,train
16702,train
16703,train
16704,train
16705,train
16706,validation
16707,train
16708,train
16709,train
16710,train
16711,train
16712,validation
16713,test
16714,train
16715,train
16716,validation
16717,train
16718,validation
16719,test
16720,test
16721,test
16722,train
16723,test
16724,validation
16725,train
16726,test
16727,validation
16728,train
16729,train
16730,train
16731,train
16732,train
16733,train
16734,validation
16735,train
16736,validation
16737,test
16738,train
16739,train
16740,test
16741,validation
16742,validation
16743,test
16744,test
16745,train
16746,train
16747,test
16748,train
16749,test
16750,train
16751,train
16752,train
16753,train
16754,train
16755,test
16756,validation
16757,validation
16758,test
16759,train
16760,test
16761,test
16762,train
16763,train
16764,train
16765,validation
16766,validation
16767,train
16768,validation
16769,train
16770,test
16771,train
16772,train
16773,train
16774,train
16775,train
16776,train
16777,train
16778,test
16779,test
16780,train
16781,train
16782,train
16783,validation
16784,train
16785,train
16786,train
16787,test
16788,validation
16789,train
16790,train
16791,train
16792,train
16793,test
16794,train
16795,validation
16796,validation
16797,validation
16798,train
16799,train
16800,train
16801,train
16802,validation
16803,test
16804,train
16805,train
16806,train
16807,test
16808,train
16809,test
16810,test
16811,train
16812,train
16813,train
16814,train
16815,test
16816,train
16817,train
16818,validation
16819,train
16820,train
16821,train
16822,train
16823,validation
16824,train
16825,validation
16826,train
16827,test
16828,train
16829,train
16830,train
16831,test
16832,train
16833,train
16834,train
16835,validation
16836,validation
16837,train
16838,train
16839,train
16840,validation
16841,train
16842,train
16843,validation
16844,train
16845,validation
16846,test
16847,train
16848,train
16849,train
16850,test
16851,test
16852,train
16853,validation
16854,train
16855,train
16856,train
16857,validation
16858,train
16859,validation
16860,test
16861,train
16862,validation
16863,train
16864,train
16865,test
16866,train
16867,train
16868,test
16869,train
16870,train
16871,train
16872,train
16873,train
16874,validation
16875,train
16876,train
16877,train
16878,train
16879,test
16880,train
16881,validation
16882,test
16883,train
16884,test
16885,train
16886,train
16887,test
16888,train
16889,train
16890,validation
16891,validation
16892,train
16893,train
16894,test
16895,train
16896,train
16897,train
16898,train
16899,train
16900,train
16901,train
16902,train
16903,test
16904,test
16905,validation
16906,validation
16907,train
16908,train
16909,train
16910,test
16911,validation
16912,train
16913,train
16914,train
16915,test
16916,validation
16917,train
16918,validation
16919,train
16920,train
16921,test
16922,train
16923,train
16924,train
16925,train
16926,validation
16927,test
16928,train
16929,test
16930,test
16931,validation
16932,validation
16933,test
16934,test
16935,validation
16936,train
16937,train
16938,train
16939,validation
16940,validation
16941,train
16942,train
16943,train
16944,test
16945,validation
16946,test
16947,train
16948,train
16949,train
16950,train
16951,train
16952,train
16953,train
16954,validation
16955,train
16956,train
16957,train
16958,test
16959,train
16960,train
16961,train
16962,test
16963,validation
16964,validation
16965,train
16966,train
16967,train
16968,validation
16969,test
16970,train
16971,test
16972,train
16973,validation
16974,test
16975,train
16976,train
16977,train
16978,test
16979,validation
16980,validation
16981,test
16982,train
16983,train
16984,validation
16985,validation
16986,validation
16987,train
16988,train
16989,test
16990,train
16991,train
16992,train
16993,train
16994,train
16995,validation
16996,train
16997,test
16998,train
16999,validation
17000,validation
17001,train
17002,validation
17003,train
17004,train
17005,test
17006,train
17007,train
17008,train
17009,train
17010,train
17011,train
17012,validation
17013,validation
17014,train
17015,train
17016,train
17017,test
17018,test
17019,train
17020,test
17021,train
17022,test
17023,train
17024,train
17025,train
17026,test
17027,train
17028,validation
17029,train
17030,train
17031,validation
17032,train
17033,train
17034,train
17035,train
17036,test
17037,validation
17038,train
17039,test
17040,validation
17041,test
17042,train
17043,train
17044,validation
17045,train
17046,train
17047,train
17048,train
17049,train
17050,test
17051,train
17052,validation
17053,train
17054,train
17055,train
17056,train
17057,train
17058,train
17059,train
17060,train
17061,train
17062,validation
17063,train
17064,test
17065,train
17066,validation
17067,train
17068,train
17069,train
17070,validation
17071,test
17072,train
17073,train
17074,train
17075,train
17076,validation
17077,train
17078,train
17079,test
17080,train
17081,validation
17082,validation
17083,validation
17084,train
17085,train
17086,validation
17087,train
17088,train
17089,train
17090,test
17091,train
17092,train
17093,test
17094,test
17095,train
17096,validation
17097,train
17098,train
17099,test
17100,train
17101,test
17102,train
17103,train
17104,validation
17105,validation
17106,validation
17107,validation
17108,train
17109,train
17110,train
17111,train
17112,validation
17113,test
17114,train
17115,train
17116,train
17117,validation
17118,test
17119,test
17120,test
17121,train
17122,validation
17123,test
17124,train
17125,test
17126,train
17127,test
17128,train
17129,train
17130,train
17131,validation
17132,validation
17133,train
17134,validation
17135,train
17136,train
17137,test
17138,test
17139,test
17140,train
17141,train
17142,test
17143,train
17144,test
17145,validation
17146,train
17147,train
17148,train
17149,train
17150,train
17151,validation
17152,test
17153,train
17154,train
17155,test
17156,test
17157,train
17158,validation
17159,train
17160,test
17161,train
17162,train
17163,train
17164,train
17165,train
17166,train
17167,train
17168,validation
17169,train
17170,validation
17171,train
17172,test
17173,train
17174,train
17175,train
17176,train
17177,validation
17178,test
17179,train
17180,train
17181,train
17182,test
17183,validation
17184,train
17185,train
17186,train
17187,test
17188,train
17189,test
17190,train
17191,train
17192,train
17193,validation
17194,train
17195,validation
17196,train
17197,test
17198,train
17199,validation
17200,train
17201,train
17202,train
17203,train
17204,test
17205,validation
17206,test
17207,test
17208,train
17209,test
17210,test
17211,train
17212,train
17213,train
17214,train
17215,train
17216,train
17217,validation
17218,train
17219,validation
17220,train
17221,train
17222,validation
17223,validation
17224,validation
17225,train
17226,test
17227,test
17228,validation
17229,train
17230,train
17231,test
17232,validation
17233,train
17234,validation
17235,test
17236,train
17237,train
17238,validation
17239,validation
17240,train
17241,validation
17242,train
17243,train
17244,train
17245,train
17246,train
17247,validation
17248,validation
17249,train
17250,validation
17251,train
17252,validation
17253,test
17254,train
17255,train
17256,train
17257,train
17258,train
17259,train
17260,validation
17261,train
17262,test
17263,validation
17264,train
17265,train
17266,train
17267,test
17268,test
17269,test
17270,test
17271,train
17272,validation
17273,train
17274,train
17275,train
17276,train
17277,train
17278,train
17279,test
17280,test
17281,test
17282,train
17283,test
17284,test
17285,test
17286,validation
17287,train
17288,train
17289,test
17290,train
17291,train
17292,train
17293,train
17294,train
17295,train
17296,train
17297,validation
17298,test
17299,train
17300,train
17301,train
17302,validation
17303,train
17304,test
17305,train
17306,train
17307,train
17308,test
17309,test
17310,train
17311,train
17312,train
17313,train
17314,train
17315,validation
17316,train
17317,test
17318,train
17319,train
17320,train
17321,train
17322,train
17323,train
17324,test
17325,train
17326,train
17327,train
17328,test
17329,test
17330,train
17331,validation
17332,train
17333,train
17334,train
17335,validation
17336,test
17337,validation
17338,test
17339,test
17340,test
17341,train
17342,validation
17343,train
17344,train
17345,validation
17346,validation
17347,train
17348,train
17349,test
17350,train
17351,test
17352,train
17353,train
17354,train
17355,train
17356,train
17357,train
17358,validation
17359,train
17360,validation
17361,train
17362,train
17363,validation
17364,train
17365,train
17366,validation
17367,validation
17368,train
17369,train
17370,validation
17371,validation
17372,train
17373,validation
17374,test
17375,train
17376,validation
17377,train
17378,train
17379,validation
17380,validation
17381,train
17382,test
17383,validation
17384,test
17385,validation
17386,train
17387,train
17388,train
17389,train
17390,train
17391,train
17392,train
17393,train
17394,train
17395,test
17396,validation
17397,train
17398,train
17399,test
17400,test
17401,validation
17402,validation
17403,test
17404,test
17405,validation
17406,train
17407,validation
17408,train
17409,train
17410,train
17411,train
17412,validation
17413,train
17414,test
17415,test
17416,test
17417,train
17418,train
17419,train
17420,train
17421,train
17422,train
17423,test
17424,test
17425,test
17426,test
17427,train
17428,validation
17429,train
17430,train
17431,train
17432,test
17433,train
17434,test
17435,train
17436,validation
17437,validation
17438,test
17439,train
17440,test
17441,validation
17442,train
17443,train
17444,test
17445,validation
17446,train
17447,train
17448,train
17449,test
17450,validation
17451,train
17452,test
17453,train
17454,validation
17455,train
17456,train
17457,validation
17458,test
17459,train
17460,train
17461,train
17462,train
17463,validation
17464,train
17465,train
17466,test
17467,test
17468,train
17469,validation
17470,validation
17471,train
17472,validation
17473,test
17474,train
17475,train
17476,train
17477,train
17478,train
17479,train
17480,train
17481,train
17482,train
17483,validation
17484,test
17485,train
17486,train
17487,train
17488,train
17489,train
17490,test
17491,train
17492,train
17493,train
17494,train
17495,validation
17496,train
17497,train
17498,train
17499,test
17500,validation
17501,test
17502,train
17503,test
17504,train
17505,train
17506,train
17507,train
17508,test
17509,train
17510,train
17511,train
17512,train
17513,train
17514,train
17515,validation
17516,train
17517,validation
17518,train
17519,validation
17520,test
17521,train
17522,validation
17523,train
17524,train
17525,test
17526,train
17527,train
17528,train
17529,validation
17530,test
17531,train
17532,test
17533,test
17534,train
17535,train
17536,train
17537,train
17538,train
17539,train
17540,train
17541,test
17542,train
17543,train
17544,validation
17545,test
17546,test
17547,train
17548,train
17549,train
17550,train
17551,validation
17552,train
17553,validation
17554,test
17555,validation
17556,train
17557,validation
17558,train
17559,test
17560,train
17561,test
17562,validation
17563,train
17564,train
17565,train
17566,train
17567,train
17568,test
17569,test
17570,validation
17571,train
17572,train
17573,validation
17574,train
17575,train
17576,validation
17577,validation
17578,validation
17579,validation
17580,train
17581,train
17582,train
17583,test
17584,train
17585,train
17586,train
17587,test
17588,train
17589,train
17590,train
17591,train
17592,train
17593,train
17594,train
17595,train
17596,validation
17597,train
17598,train
17599,train
17600,train
17601,validation
17602,test
17603,train
17604,train
17605,train
17606,test
17607,validation
17608,validation
17609,train
17610,train
17611,test
17612,train
17613,validation
17614,test
17615,train
17616,train
17617,test
17618,test
17619,validation
17620,train
17621,train
17622,train
17623,train
17624,train
17625,test
17626,train
17627,train
17628,train
17629,train
17630,test
17631,train
17632,test
17633,train
17634,train
17635,train
17636,train
17637,test
17638,train
17639,validation
17640,train
17641,train
17642,test
17643,train
17644,train
17645,test
17646,train
17647,train
17648,train
17649,validation
17650,train
17651,train
17652,train
17653,validation
17654,train
17655,validation
17656,train
17657,test
17658,train
17659,train
17660,train
17661,train
17662,test
17663,train
17664,validation
17665,test
17666,train
17667,train
17668,train
17669,validation
17670,train
17671,train
17672,train
17673,train
17674,test
17675,train
17676,train
17677,train
17678,validation
17679,train
17680,test
17681,validation
17682,train
17683,validation
17684,train
17685,test
17686,validation
17687,train
17688,train
17689,test
17690,train
17691,test
17692,train
17693,train
17694,validation
17695,train
17696,train
17697,test
17698,train
17699,train
17700,train
17701,train
17702,train
17703,train
17704,test
17705,train
17706,validation
17707,test
17708,train
17709,train
17710,train
17711,validation
17712,test
17713,test
17714,validation
17715,test
17716,test
17717,validation
17718,train
17719,test
17720,train
17721,test
17722,train
17723,train
17724,train
17725,train
17726,test
17727,train
17728,train
17729,train
17730,validation
17731,train
17732,train
17733,train
17734,validation
17735,train
17736,train
17737,validation
17738,train
17739,validation
17740,train
17741,test
17742,test
17743,train
17744,train
17745,test
17746,train
17747,train
17748,train
17749,test
17750,train
17751,test
17752,validation
17753,train
17754,test
17755,test
17756,test
17757,train
17758,train
17759,train
17760,test
17761,train
17762,train
17763,test
17764,train
17765,train
17766,test
17767,validation
17768,train
17769,test
17770,validation
17771,train
17772,train
17773,test
17774,train
17775,test
17776,train
17777,validation
17778,train
17779,train
17780,test
17781,train
17782,train
17783,test
17784,train
17785,validation
17786,validation
17787,test
17788,test
17789,test
17790,train
17791,train
17792,train
17793,validation
17794,train
17795,test
17796,train
17797,train
17798,validation
17799,test
17800,train
17801,validation
17802,train
17803,test
17804,test
17805,validation
17806,train
17807,validation
17808,test
17809,train
17810,train
17811,train
17812,test
17813,train
17814,validation
17815,test
17816,train
17817,test
17818,train
17819,test
17820,test
17821,validation
17822,train
17823,test
17824,train
17825,validation
17826,train
17827,train
17828,train
17829,validation
17830,train
17831,train
17832,train
17833,train
17834,train
17835,train
17836,test
17837,train
17838,train
17839,train
17840,validation
17841,train
17842,train
17843,train
17844,train
17845,train
17846,train
17847,train
17848,test
17849,train
17850,train
17851,train
17852,train
17853,train
17854,train
17855,test
17856,validation
17857,train
17858,train
17859,test
17860,train
17861,test
17862,test
17863,train
17864,test
17865,train
17866,validation
17867,test
17868,train
17869,train
17870,train
17871,train
17872,test
17873,test
17874,test
17875,train
17876,validation
17877,train
17878,validation
17879,test
17880,train
17881,train
17882,train
17883,train
17884,train
17885,validation
17886,validation
17887,validation
17888,train
17889,train
17890,train
17891,train
17892,test
17893,test
17894,train
17895,train
17896,train
17897,train
17898,test
17899,test
17900,validation
17901,test
17902,train
17903,train
17904,train
17905,train
17906,train
17907,train
17908,validation
17909,validation
17910,test
17911,validation
17912,train
17913,validation
17914,train
17915,train
17916,train
17917,train
17918,train
17919,test
17920,train
17921,test
17922,train
17923,train
17924,test
17925,train
17926,train
17927,train
17928,validation
17929,train
17930,train
17931,train
17932,train
17933,train
17934,validation
17935,validation
17936,test
17937,train
17938,test
17939,test
17940,train
17941,train
17942,validation
17943,validation
17944,train
17945,test
17946,train
17947,train
17948,train
17949,test
17950,test
17951,train
17952,train
17953,validation
17954,train
17955,test
17956,test
17957,train
17958,train
17959,train
17960,train
17961,train
17962,train
17963,train
17964,train
17965,train
17966,train
17967,train
17968,train
17969,validation
17970,test
17971,test
17972,train
17973,train
17974,train
17975,train
17976,train
17977,train
17978,validation
17979,train
17980,train
17981,train
17982,test
17983,train
17984,train
17985,train
17986,train
17987,validation
17988,train
17989,train
17990,train
17991,train
17992,train
17993,test
17994,train
17995,test
17996,test
17997,validation
17998,train
17999,train
18000,train
18001,train
18002,validation
18003,train
18004,validation
18005,test
18006,train
18007,train
18008,validation
18009,validation
18010,test
18011,train
18012,train
18013,train
18014,train
18015,validation
18016,train
18017,train
18018,train
18019,train
18020,train
18021,validation
18022,train
18023,train
18024,test
18025,train
18026,train
18027,train
18028,train
18029,test
18030,validation
18031,validation
18032,train
18033,train
18034,validation
18035,train
18036,validation
18037,train
18038,train
18039,test
18040,train
18041,train
18042,test
18043,train
18044,test
18045,train
18046,train
18047,train
18048,test
18049,validation
18050,train
18051,train
18052,validation
18053,train
18054,train
18055,train
18056,train
18057,validation
18058,train
18059,validation
18060,test
18061,validation
18062,test
18063,train
18064,test
18065,train
18066,test
18067,validation
18068,train
18069,validation
18070,test
18071,train
18072,test
18073,train
18074,test
18075,test
18076,train
18077,train
18078,validation
18079,validation
18080,test
18081,validation
18082,train
18083,train
18084,train
18085,test
18086,validation
18087,train
18088,train
18089,validation
18090,train
18091,train
18092,validation
18093,train
18094,train
18095,validation
18096,test
18097,test
18098,train
18099,train
18100,train
18101,train
18102,test
18103,test
18104,test
18105,test
18106,train
18107,train
18108,validation
18109,test
18110,train
18111,test
18112,validation
18113,test
18114,train
18115,validation
18116,validation
18117,test
18118,train
18119,train
18120,train
18121,train
18122,train
18123,test
18124,train
18125,train
18126,train
18127,train
18128,train
18129,train
18130,train
18131,test
18132,train
18133,validation
18134,train
18135,train
18136,train
18137,train
18138,test
18139,train
18140,validation
18141,test
18142,validation
18143,train
18144,train
18145,validation
18146,train
18147,test
18148,test
18149,train
18150,test
18151,train
18152,train
18153,test
18154,train
18155,train
18156,validation
18157,validation
18158,train
18159,train
18160,test
18161,train
18162,train
18163,test
18164,train
18165,test
18166,test
18167,train
18168,validation
18169,train
18170,train
18171,train
18172,train
18173,train
18174,train
18175,test
18176,validation
18177,test
18178,test
18179,train
18180,train
18181,train
18182,test
18183,test
18184,test
18185,test
18186,test
18187,train
18188,validation
18189,train
18190,test
18191,train
18192,train
18193,train
18194,train
18195,train
18196,train
18197,test
18198,validation
18199,train
18200,train
18201,train
18202,test
18203,train
18204,train
18205,validation
18206,test
18207,validation
18208,train
18209,train
18210,test
18211,validation
18212,train
18213,train
18214,train
18215,train
18216,train
18217,train
18218,train
18219,train
18220,validation
18221,validation
18222,test
18223,test
18224,train
18225,train
18226,validation
18227,test
18228,test
18229,train
18230,train
18231,test
18232,train
18233,train
18234,train
18235,train
18236,validation
18237,train
18238,validation
18239,train
18240,test
18241,train
18242,train
18243,train
18244,train
18245,test
18246,validation
18247,validation
18248,train
18249,test
18250,train
18251,validation
18252,validation
18253,test
18254,train
18255,validation
18256,train
18257,validation
18258,validation
18259,validation
18260,train
18261,test
18262,test
18263,test
18264,test
18265,test
18266,train
18267,test
18268,train
18269,train
18270,train
18271,test
18272,train
18273,train
18274,train
18275,train
18276,train
18277,validation
18278,validation
18279,validation
18280,validation
18281,train
18282,train
18283,train
18284,validation
18285,test
18286,train
18287,train
18288,train
18289,train
18290,train
18291,train
18292,validation
18293,validation
18294,validation
18295,test
18296,train
18297,test
18298,train
18299,test
18300,test
18301,train
18302,train
18303,train
18304,train
18305,test
18306,train
18307,train
18308,test
18309,validation
18310,train
18311,train
18312,train
18313,train
18314,train
18315,train
18316,validation
18317,train
18318,train
18319,train
18320,train
18321,train
18322,validation
18323,train
18324,train
18325,test
18326,train
18327,test
18328,test
18329,validation
18330,train
18331,train
18332,train
18333,train
18334,train
18335,test
18336,test
18337,validation
18338,test
18339,validation
18340,test
18341,validation
18342,train
18343,train
18344,train
18345,test
18346,train
18347,train
18348,validation
18349,train
18350,train
18351,train
18352,train
18353,train
18354,train
18355,train
18356,train
18357,train
18358,train
18359,train
18360,train
18361,validation
18362,validation
18363,validation
18364,test
18365,validation
18366,train
18367,train
18368,train
18369,train
18370,train
18371,train
18372,test
18373,train
18374,validation
18375,train
18376,train
18377,train
18378,train
18379,train
18380,test
18381,validation
18382,train
18383,validation
18384,train
18385,validation
18386,train
18387,train
18388,train
18389,train
18390,train
18391,test
18392,test
18393,test
18394,train
18395,test
18396,test
18397,train
18398,train
18399,train
18400,test
18401,test
18402,train
18403,train
18404,validation
18405,train
18406,train
18407,train
18408,train
18409,validation
18410,train
18411,test
18412,test
18413,validation
18414,train
18415,validation
18416,validation
18417,train
18418,train
18419,train
18420,train
18421,train
18422,validation
18423,train
18424,train
18425,test
18426,train
18427,test
18428,train
18429,train
18430,train
18431,train
18432,test
18433,validation
18434,validation
18435,train
18436,test
18437,train
18438,train
18439,train
18440,test
18441,train
18442,validation
18443,test
18444,train
18445,train
18446,train
18447,test
18448,validation
18449,validation
18450,test
18451,train
18452,test
18453,train
18454,train
18455,test
18456,train
18457,validation
18458,test
18459,test
18460,train
18461,train
18462,train
18463,train
18464,train
18465,train
18466,test
18467,train
18468,test
18469,validation
18470,train
18471,train
18472,train
18473,train
18474,train
18475,validation
18476,test
18477,validation
18478,train
18479,test
18480,train
18481,train
18482,validation
18483,train
18484,test
18485,validation
18486,validation
18487,validation
18488,train
18489,train
18490,train
18491,train
18492,train
18493,train
18494,test
18495,train
18496,train
18497,train
18498,train
18499,train
18500,train
18501,test
18502,test
18503,train
18504,train
18505,train
18506,train
18507,validation
18508,train
18509,validation
18510,train
18511,validation
18512,test
18513,train
18514,train
18515,validation
18516,test
18517,train
18518,validation
18519,validation
18520,train
18521,train
18522,train
18523,train
18524,test
18525,test
18526,validation
18527,train
18528,validation
18529,train
18530,validation
18531,train
18532,validation
18533,train
18534,train
18535,train
18536,train
18537,train
18538,test
18539,train
18540,train
18541,train
18542,train
18543,train
18544,test
18545,train
18546,train
18547,test
18548,test
18549,validation
18550,train
18551,train
18552,train
18553,test
18554,train
18555,train
18556,test
18557,test
18558,validation
18559,train
18560,train
18561,train
18562,train
18563,validation
18564,validation
18565,validation
18566,train
18567,test
18568,validation
18569,train
18570,train
18571,train
18572,test
18573,test
18574,train
18575,train
18576,train
18577,train
18578,validation
18579,train
18580,train
18581,test
18582,test
18583,test
18584,train
18585,train
18586,train
18587,test
18588,test
18589,validation
18590,train
18591,train
18592,validation
18593,validation
18594,test
18595,train
18596,train
18597,test
18598,train
18599,validation
18600,train
18601,train
18602,validation
18603,validation
18604,train
18605,test
18606,test
18607,test
18608,test
18609,train
18610,validation
18611,train
18612,test
18613,validation
18614,train
18615,train
18616,train
18617,train
18618,train
18619,train
18620,train
18621,train
18622,train
18623,train
18624,train
18625,train
18626,train
18627,test
18628,test
18629,train
18630,test
18631,train
18632,train
18633,train
18634,train
18635,train
18636,train
18637,train
18638,train
18639,validation
18640,train
18641,train
18642,validation
18643,train
18644,validation
18645,train
18646,train
18647,train
18648,train
18649,validation
18650,train
18651,train
18652,train
18653,train
18654,train
18655,train
18656,train
18657,train
18658,test
18659,train
18660,test
18661,train
18662,train
18663,validation
18664,train
18665,test
18666,train
18667,test
18668,train
18669,train
18670,train
18671,validation
18672,train
18673,test
18674,validation
18675,train
18676,train
18677,validation
18678,train
18679,train
18680,train
18681,train
18682,test
18683,test
18684,test
18685,train
18686,validation
18687,validation
18688,train
18689,train
18690,validation
18691,test
18692,test
18693,train
18694,validation
18695,train
18696,test
18697,validation
18698,test
18699,validation
18700,train
18701,train
18702,train
18703,train
18704,train
18705,train
18706,train
18707,train
18708,test
18709,validation
18710,train
18711,validation
18712,train
18713,train
18714,train
18715,validation
18716,train
18717,test
18718,train
18719,validation
18720,train
18721,train
18722,test
18723,test
18724,validation
18725,validation
18726,validation
18727,train
18728,validation
18729,train
18730,train
18731,train
18732,test
18733,validation
18734,train
18735,test
18736,train
18737,train
18738,train
18739,test
18740,train
18741,validation
18742,test
18743,train
18744,train
18745,train
18746,train
18747,train
18748,train
18749,train
18750,test
18751,train
18752,train
18753,validation
18754,validation
18755,test
18756,train
18757,validation
18758,test
18759,train
18760,validation
18761,train
18762,train
18763,test
18764,train
18765,train
18766,train
18767,train
18768,train
18769,train
18770,validation
18771,test
18772,train
18773,train
18774,train
18775,train
18776,validation
18777,validation
18778,train
18779,validation
18780,train
18781,train
18782,train
18783,train
18784,test
18785,train
18786,train
18787,train
18788,validation
18789,validation
18790,train
18791,test
18792,validation
18793,train
18794,test
18795,train
18796,train
18797,train
18798,train
18799,train
18800,train
18801,test
18802,validation
18803,train
18804,train
18805,validation
18806,train
18807,validation
18808,train
18809,train
18810,test
18811,train
18812,train
18813,train
18814,validation
18815,train
18816,validation
18817,train
18818,validation
18819,train
18820,train
18821,test
18822,train
18823,train
18824,test
18825,validation
18826,train
18827,validation
18828,train
18829,train
18830,train
18831,train
18832,train
18833,train
18834,train
18835,validation
18836,train
18837,validation
18838,train
18839,train
18840,test
18841,validation
18842,train
18843,train
18844,validation
18845,train
18846,test
18847,train
18848,train
18849,train
18850,train
18851,train
18852,train
18853,train
18854,test
18855,train
18856,test
18857,test
18858,validation
18859,validation
18860,test
18861,test
18862,train
18863,train
18864,train
18865,test
18866,validation
18867,test
18868,test
18869,train
18870,train
18871,train
18872,validation
18873,train
18874,test
18875,train
18876,train
18877,train
18878,validation
18879,train
18880,train
18881,train
18882,validation
18883,train
18884,test
18885,train
18886,train
18887,test
18888,train
18889,test
18890,train
18891,train
18892,train
18893,train
18894,train
18895,test
18896,validation
18897,test
18898,test
18899,test
18900,train
18901,test
18902,train
18903,validation
18904,train
18905,train
18906,train
18907,test
18908,test
18909,train
18910,test
18911,test
18912,train
18913,train
18914,train
18915,test
18916,train
18917,train
18918,train
18919,validation
18920,train
18921,validation
18922,train
18923,train
18924,validation
18925,train
18926,test
18927,validation
18928,train
18929,validation
18930,validation
18931,train
18932,train
18933,train
18934,train
18935,validation
18936,train
18937,test
18938,test
18939,validation
18940,train
18941,test
18942,train
18943,train
18944,train
18945,train
18946,test
18947,train
18948,train
18949,train
18950,train
18951,train
18952,train
18953,train
18954,train
18955,train
18956,train
18957,train
18958,train
18959,train
18960,test
18961,train
18962,train
18963,validation
18964,train
18965,train
18966,validation
18967,train
18968,train
18969,train
18970,validation
18971,test
18972,train
18973,test
18974,train
18975,train
18976,test
18977,train
18978,train
18979,test
18980,validation
18981,train
18982,train
18983,train
18984,validation
18985,train
18986,test
18987,test
18988,validation
18989,train
18990,train
18991,train
18992,train
18993,train
18994,train
18995,test
18996,test
18997,test
18998,train
18999,train
19000,train
19001,validation
19002,validation
19003,train
19004,validation
19005,train
19006,validation
19007,train
19008,validation
19009,train
19010,train
19011,validation
19012,train
19013,train
19014,train
19015,validation
19016,train
19017,train
19018,test
19019,test
19020,validation
19021,validation
19022,train
19023,validation
19024,train
19025,validation
19026,train
19027,train
19028,validation
19029,train
19030,validation
19031,train
19032,train
19033,test
19034,train
19035,validation
19036,validation
19037,validation
19038,validation
19039,validation
19040,test
19041,train
19042,train
19043,train
19044,test
19045,train
19046,train
19047,validation
19048,test
19049,validation
19050,train
19051,train
19052,test
19053,validation
19054,train
19055,train
19056,train
19057,train
19058,validation
19059,train
19060,test
19061,train
19062,validation
19063,train
19064,train
19065,train
19066,train
19067,train
19068,train
19069,train
19070,train
19071,train
19072,validation
19073,train
19074,train
19075,train
19076,train
19077,test
19078,validation
19079,train
19080,test
19081,test
19082,validation
19083,train
19084,train
19085,validation
19086,validation
19087,validation
19088,train
19089,train
19090,train
19091,train
19092,validation
19093,test
19094,test
19095,train
19096,validation
19097,validation
19098,train
19099,train
19100,validation
19101,train
19102,train
19103,test
19104,train
19105,validation
19106,test
19107,train
19108,test
19109,train
19110,train
19111,train
19112,test
19113,train
19114,train
19115,test
19116,train
19117,train
19118,test
19119,train
19120,train
19121,test
19122,train
19123,train
19124,train
19125,test
19126,train
19127,train
19128,train
19129,train
19130,train
19131,train
19132,train
19133,test
19134,test
19135,train
19136,train
19137,train
19138,validation
19139,test
19140,train
19141,test
19142,test
19143,train
19144,validation
19145,train
19146,test
19147,validation
19148,test
19149,validation
19150,validation
19151,test
19152,test
19153,train
19154,train
19155,train
19156,train
19157,test
19158,test
19159,train
19160,validation
19161,train
19162,train
19163,train
19164,train
19165,train
19166,test
19167,train
19168,test
19169,train
19170,train
19171,test
19172,train
19173,train
19174,train
19175,train
19176,train
19177,train
19178,train
19179,train
19180,train
19181,test
19182,test
19183,test
19184,train
19185,train
19186,train
19187,validation
19188,validation
19189,train
19190,train
19191,train
19192,train
19193,test
19194,train
19195,train
19196,train
19197,train
19198,validation
19199,validation
19200,test
19201,train
19202,train
19203,train
19204,train
19205,test
19206,train
19207,train
19208,train
19209,train
19210,validation
19211,validation
19212,train
19213,train
19214,test
19215,test
19216,train
19217,train
19218,test
19219,train
19220,train
19221,train
19222,train
19223,train
19224,train
19225,train
19226,train
19227,validation
19228,train
19229,train
19230,validation
19231,train
19232,train
19233,train
19234,test
19235,validation
19236,validation
19237,validation
19238,train
19239,test
19240,train
19241,test
19242,test
19243,train
19244,validation
19245,train
19246,train
19247,test
19248,test
19249,train
19250,train
19251,validation
19252,test
19253,train
19254,test
19255,train
19256,train
19257,train
19258,train
19259,train
19260,validation
19261,validation
19262,train
19263,test
19264,test
19265,validation
19266,validation
19267,validation
19268,train
19269,train
19270,validation
19271,train
19272,train
19273,validation
19274,train
19275,validation
19276,train
19277,validation
19278,train
19279,validation
19280,train
19281,validation
19282,validation
19283,test
19284,train
19285,train
19286,validation
19287,train
19288,validation
19289,train
19290,validation
19291,validation
19292,train
19293,train
19294,validation
19295,train
19296,test
19297,train
19298,validation
19299,train
19300,validation
19301,train
19302,test
19303,train
19304,test
19305,validation
19306,train
19307,validation
19308,train
19309,test
19310,train
19311,validation
19312,test
19313,train
19314,train
19315,test
19316,train
19317,test
19318,train
19319,train
19320,train
19321,test
19322,test
19323,train
19324,test
19325,test
19326,train
19327,train
19328,train
19329,train
19330,train
19331,train
19332,train
19333,train
19334,train
19335,train
19336,train
19337,train
19338,validation
19339,train
19340,train
19341,train
19342,train
19343,validation
19344,train
19345,train
19346,train
19347,test
19348,train
19349,train
19350,train
19351,validation
19352,train
19353,train
19354,validation
19355,train
19356,validation
19357,train
19358,test
19359,train
19360,train
19361,train
19362,test
19363,train
19364,train
19365,validation
19366,train
19367,validation
19368,train
19369,validation
19370,train
19371,train
19372,validation
19373,train
19374,train
19375,train
19376,train
19377,validation
19378,train
19379,train
19380,test
19381,train
19382,validation
19383,train
19384,train
19385,test
19386,validation
19387,train
19388,validation
19389,train
19390,test
19391,train
19392,train
19393,train
19394,train
19395,test
19396,test
19397,train
19398,train
19399,validation
19400,train
19401,test
19402,train
19403,train
19404,validation
19405,train
19406,train
19407,train
19408,train
19409,test
19410,train
19411,train
19412,train
19413,train
19414,test
19415,train
19416,test
19417,test
19418,train
19419,test
19420,validation
19421,test
19422,train
19423,test
19424,train
19425,train
19426,train
19427,train
19428,train
19429,train
19430,validation
19431,test
19432,train
19433,test
19434,test
19435,train
19436,validation
19437,train
19438,train
19439,train
19440,train
19441,test
19442,validation
19443,train
19444,train
19445,test
19446,train
19447,train
19448,train
19449,validation
19450,train
19451,train
19452,train
19453,train
19454,validation
19455,test
19456,validation
19457,train
19458,validation
19459,train
19460,train
19461,train
19462,test
19463,train
19464,train
19465,train
19466,train
19467,train
19468,train
19469,train
19470,test
19471,validation
19472,train
19473,test
19474,validation
19475,train
19476,test
19477,train
19478,train
19479,validation
19480,train
19481,train
19482,train
19483,validation
19484,train
19485,test
19486,train
19487,validation
19488,test
19489,train
19490,train
19491,test
19492,train
19493,train
19494,test
19495,validation
19496,train
19497,test
19498,train
19499,train
19500,train
19501,train
19502,train
19503,train
19504,train
19505,test
19506,train
19507,train
19508,test
19509,train
19510,test
19511,test
19512,test
19513,validation
19514,train
19515,train
19516,train
19517,validation
19518,train
19519,train
19520,train
19521,train
19522,train
19523,train
19524,validation
19525,validation
19526,test
19527,test
19528,validation
19529,validation
19530,train
19531,test
19532,train
19533,train
19534,test
19535,test
19536,test
19537,train
19538,train
19539,train
19540,train
19541,train
19542,train
19543,train
19544,validation
19545,train
19546,train
19547,test
19548,train
19549,test
19550,validation
19551,validation
19552,train
19553,train
19554,validation
19555,train
19556,test
19557,test
19558,validation
19559,train
19560,validation
19561,validation
19562,train
19563,train
19564,train
19565,train
19566,train
19567,test
19568,validation
19569,test
19570,test
19571,validation
19572,train
19573,train
19574,train
19575,train
19576,train
19577,validation
19578,test
19579,test
19580,test
19581,train
19582,test
19583,train
19584,train
19585,validation
19586,train
19587,train
19588,train
19589,train
19590,validation
19591,train
19592,validation
19593,train
19594,train
19595,train
19596,train
19597,test
19598,train
19599,test
19600,test
19601,train
19602,validation
19603,test
19604,validation
19605,train
19606,validation
19607,train
19608,train
19609,train
19610,train
19611,train
19612,validation
19613,train
19614,test
19615,train
19616,test
19617,train
19618,train
19619,train
19620,train
19621,train
19622,train
19623,validation
19624,test
19625,test
19626,train
19627,train
19628,train
19629,train
19630,train
19631,train
19632,validation
19633,validation
19634,test
19635,validation
19636,test
19637,validation
19638,validation
19639,test
19640,test
19641,train
19642,train
19643,test
19644,test
19645,train
19646,test
19647,train
19648,validation
19649,validation
19650,train
19651,train
19652,train
19653,train
19654,validation
19655,validation
19656,test
19657,train
19658,train
19659,train
19660,train
19661,train
19662,train
19663,test
19664,train
19665,validation
19666,train
19667,train
19668,train
19669,test
19670,train
19671,train
19672,train
19673,train
19674,validation
19675,test
19676,train
19677,validation
19678,train
19679,train
19680,test
19681,train
19682,validation
19683,validation
19684,train
19685,test
19686,test
19687,train
19688,train
19689,train
19690,validation
19691,validation
19692,test
19693,test
19694,train
19695,train
19696,train
19697,train
19698,train
19699,train
19700,train
19701,train
19702,validation
19703,train
19704,train
19705,train
19706,validation
19707,train
19708,train
19709,test
19710,train
19711,test
19712,train
19713,train
19714,train
19715,train
19716,train
19717,train
19718,train
19719,train
19720,train
19721,train
19722,validation
19723,train
19724,train
19725,train
19726,test
19727,train
19728,validation
19729,train
19730,validation
19731,train
19732,train
19733,train
19734,train
19735,train
19736,train
19737,train
19738,train
19739,train
19740,train
19741,test
19742,validation
19743,train
19744,train
19745,train
19746,test
19747,train
19748,test
19749,train
19750,train
19751,train
19752,validation
19753,train
19754,train
19755,validation
19756,train
19757,validation
19758,train
19759,test
19760,validation
19761,train
19762,train
19763,train
19764,train
19765,train
19766,train
19767,validation
19768,train
19769,train
19770,train
19771,train
19772,validation
19773,train
19774,train
19775,train
19776,train
19777,train
19778,validation
19779,test
19780,train
19781,validation
19782,train
19783,train
19784,train
19785,train
19786,train
19787,test
19788,test
19789,test
19790,validation
19791,test
19792,train
19793,train
19794,test
19795,train
19796,train
19797,train
19798,train
19799,train
19800,train
19801,train
19802,train
19803,train
19804,validation
19805,train
19806,train
19807,test
19808,train
19809,validation
19810,train
19811,validation
19812,train
19813,train
19814,train
19815,validation
19816,train
19817,train
19818,train
19819,test
19820,validation
19821,train
19822,train
19823,test
19824,train
19825,validation
19826,test
19827,train
19828,validation
19829,train
19830,validation
19831,train
19832,validation
19833,test
19834,train
19835,train
19836,test
19837,test
19838,train
19839,train
19840,train
19841,validation
19842,train
19843,train
19844,test
19845,train
19846,train
19847,test
19848,validation
19849,train
19850,validation
19851,train
19852,test
19853,test
19854,test
19855,test
19856,train
19857,train
19858,train
19859,validation
19860,train
19861,train
19862,validation
19863,test
19864,validation
19865,train
19866,validation
19867,train
19868,train
19869,test
19870,train
19871,train
19872,train
19873,train
19874,train
19875,test
19876,train
19877,train
19878,train
19879,validation
19880,train
19881,train
19882,test
19883,train
19884,train
19885,test
19886,test
19887,validation
19888,test
19889,train
19890,train
19891,test
19892,train
19893,train
19894,test
19895,train
19896,train
19897,train
19898,train
19899,test
19900,train
19901,validation
19902,validation
19903,train
19904,validation
19905,train
19906,train
19907,train
19908,train
19909,train
19910,validation
19911,train
19912,train
19913,test
19914,train
19915,validation
19916,train
19917,validation
19918,train
19919,train
19920,train
19921,train
19922,train
19923,validation
19924,test
19925,train
19926,validation
19927,train
19928,validation
19929,test
19930,train
19931,train
19932,train
19933,validation
19934,validation
19935,test
19936,test
19937,train
19938,train
19939,train
19940,test
19941,train
19942,train
19943,train
19944,test
19945,validation
19946,validation
19947,train
19948,test
19949,train
19950,train
19951,validation
19952,train
19953,validation
19954,validation
19955,validation
19956,train
19957,train
19958,test
19959,validation
19960,validation
19961,validation
19962,test
19963,test
19964,train
19965,validation
19966,train
19967,train
19968,train
19969,train
19970,train
19971,train
19972,train
19973,validation
19974,test
19975,validation
19976,train
19977,test
19978,train
19979,train
19980,test
19981,train
19982,validation
19983,train
19984,test
19985,train
19986,train
19987,train
19988,validation
19989,train
19990,train
19991,train
19992,train
19993,validation
19994,train
19995,validation
19996,train
19997,train
19998,train
19999,train
20000,train
20001,test
20002,test
20003,train
20004,train
20005,train
20006,validation
20007,train
20008,train
20009,test
20010,train
20011,test
20012,test
20013,train
20014,train
20015,train
20016,train
20017,validation
20018,train
20019,train
20020,test
20021,train
20022,train
20023,train
20024,train
20025,train
20026,train
20027,test
20028,train
20029,train
20030,test
20031,train
20032,train
20033,test
20034,train
20035,train
20036,train
20037,validation
20038,test
20039,test
20040,train
20041,validation
20042,train
20043,validation
20044,test
20045,test
20046,train
20047,train
20048,train
20049,train
20050,validation
20051,validation
20052,validation
20053,validation
20054,train
20055,train
20056,train
20057,train
20058,validation
20059,validation
20060,train
20061,test
20062,train
20063,validation
20064,train
20065,test
20066,validation
20067,train
20068,train
20069,train
20070,train
20071,train
20072,test
20073,train
20074,test
20075,test
20076,validation
20077,validation
20078,test
20079,train
20080,test
20081,test
20082,train
20083,test
20084,test
20085,train
20086,test
20087,train
20088,validation
20089,train
20090,test
20091,train
20092,validation
20093,train
20094,validation
20095,test
20096,validation
20097,train
20098,train
20099,test
20100,train
20101,test
20102,validation
20103,train
20104,train
20105,test
20106,train
20107,train
20108,test
20109,validation
20110,train
20111,train
20112,train
20113,test
20114,train
20115,train
20116,validation
20117,test
20118,train
20119,train
20120,test
20121,train
20122,train
20123,train
20124,test
20125,train
20126,test
20127,train
20128,train
20129,train
20130,train
20131,train
20132,test
20133,train
20134,train
20135,train
20136,test
20137,train
20138,test
20139,train
20140,validation
20141,train
20142,test
20143,train
20144,validation
20145,test
20146,test
20147,validation
20148,train
20149,test
20150,train
20151,train
20152,train
20153,train
20154,test
20155,train
20156,test
20157,train
20158,train
20159,test
20160,train
20161,train
20162,train
20163,train
20164,validation
20165,train
20166,validation
20167,train
20168,test
20169,validation
20170,train
20171,test
20172,validation
20173,train
20174,validation
20175,train
20176,train
20177,train
20178,test
20179,test
20180,test
20181,train
20182,train
20183,test
20184,validation
20185,validation
20186,test
20187,train
20188,train
20189,validation
20190,train
20191,validation
20192,test
20193,validation
20194,train
20195,train
20196,train
20197,train
20198,train
20199,train
20200,test
20201,validation
20202,train
20203,train
20204,train
20205,validation
20206,test
20207,test
20208,train
20209,validation
20210,validation
20211,train
20212,train
20213,validation
20214,train
20215,test
20216,test
20217,train
20218,train
20219,validation
20220,train
20221,train
20222,train
20223,test
20224,train
20225,validation
20226,train
20227,train
20228,train
20229,train
20230,train
20231,train
20232,train
20233,train
20234,validation
20235,validation
20236,train
20237,train
20238,test
20239,train
20240,train
20241,train
20242,validation
20243,validation
20244,validation
20245,train
20246,validation
20247,train
20248,train
20249,validation
20250,train
20251,train
20252,test
20253,test
20254,test
20255,train
20256,train
20257,validation
20258,train
20259,train
20260,train
20261,test
20262,train
20263,train
20264,test
20265,validation
20266,validation
20267,train
20268,test
20269,train
20270,validation
20271,validation
20272,train
20273,test
20274,train
20275,validation
20276,train
20277,validation
20278,train
20279,test
20280,train
20281,train
20282,train
20283,train
20284,train
20285,train
20286,train
20287,test
20288,train
20289,train
20290,train
20291,test
20292,train
20293,validation
20294,test
20295,validation
20296,train
20297,test
20298,train
20299,train
20300,train
20301,validation
20302,train
20303,train
20304,validation
20305,validation
20306,validation
20307,train
20308,validation
20309,train
20310,train
20311,train
20312,train
20313,train
20314,validation
20315,train
20316,train
20317,test
20318,train
20319,test
20320,train
20321,train
20322,train
20323,train
20324,test
20325,train
20326,validation
20327,train
20328,train
20329,train
20330,train
20331,validation
20332,train
20333,train
20334,train
20335,train
20336,train
20337,train
20338,validation
20339,test
20340,test
20341,train
20342,train
20343,train
20344,test
20345,train
20346,validation
20347,train
20348,train
20349,validation
20350,validation
20351,train
20352,validation
20353,train
20354,train
20355,train
20356,validation
20357,train
20358,train
20359,train
20360,test
20361,train
20362,validation
20363,test
20364,train
20365,train
20366,train
20367,train
20368,train
20369,train
20370,train
20371,train
20372,train
20373,train
20374,train
20375,train
20376,train
20377,validation
20378,validation
20379,test
20380,train
20381,train
20382,train
20383,validation
20384,validation
20385,train
20386,test
20387,train
20388,train
20389,train
20390,validation
20391,validation
20392,train
20393,train
20394,train
20395,train
20396,test
20397,test
20398,test
20399,train
20400,test
20401,validation
20402,train
20403,train
20404,train
20405,train
20406,test
20407,train
20408,train
20409,train
20410,validation
20411,train
20412,train
20413,train
20414,validation
20415,train
20416,validation
20417,validation
20418,train
20419,test
20420,validation
20421,train
20422,test
20423,train
20424,validation
20425,validation
20426,train
20427,train
20428,train
20429,train
20430,train
20431,test
20432,train
20433,validation
20434,validation
20435,validation
20436,test
20437,train
20438,train
20439,validation
20440,train
20441,test
20442,validation
20443,train
20444,train
20445,validation
20446,train
20447,test
20448,train
20449,train
20450,test
20451,train
20452,train
20453,test
20454,train
20455,train
20456,train
20457,validation
20458,train
20459,train
20460,train
20461,train
20462,validation
20463,validation
20464,train
20465,test
20466,train
20467,test
20468,validation
20469,train
20470,train
20471,train
20472,train
20473,train
20474,train
20475,validation
20476,test
20477,train
20478,train
20479,train
20480,train
20481,train
20482,train
20483,train
20484,validation
20485,train
20486,test
20487,test
20488,test
20489,train
20490,test
20491,train
20492,train
20493,validation
20494,train
20495,train
20496,test
20497,train
20498,train
20499,validation
20500,test
20501,train
20502,train
20503,test
20504,test
20505,test
20506,train
20507,train
20508,train
20509,train
20510,test
20511,validation
20512,train
20513,train
20514,test
20515,validation
20516,train
20517,test
20518,train
20519,train
20520,train
20521,train
20522,test
20523,validation
20524,train
20525,train
20526,train
20527,test
20528,train
20529,test
20530,train
20531,validation
20532,train
20533,test
20534,train
20535,validation
20536,test
20537,train
20538,train
20539,test
20540,train
20541,test
20542,test
20543,train
20544,train
20545,validation
20546,train
20547,validation
20548,train
20549,train
20550,train
20551,validation
20552,train
20553,train
20554,train
20555,test
20556,test
20557,train
20558,validation
20559,validation
20560,test
20561,test
20562,train
20563,validation
20564,test
20565,train
20566,train
20567,train
20568,validation
20569,train
20570,test
20571,test
20572,test
20573,train
20574,train
20575,validation
20576,test
20577,train
20578,train
20579,train
20580,train
20581,train
20582,train
20583,test
20584,validation
20585,test
20586,train
20587,test
20588,test
20589,validation
20590,train
20591,test
20592,train
20593,train
20594,test
20595,train
20596,train
20597,train
20598,train
20599,train
20600,validation
20601,train
20602,validation
20603,train
20604,train
20605,test
20606,test
20607,test
20608,validation
20609,test
20610,train
20611,train
20612,train
20613,train
20614,validation
20615,train
20616,train
20617,validation
20618,train
20619,train
20620,train
20621,train
20622,test
20623,train
20624,train
20625,test
20626,train
20627,validation
20628,train
20629,train
20630,train
20631,train
20632,validation
20633,train
20634,train
20635,train
20636,train
20637,validation
20638,train
20639,test
20640,train
20641,train
20642,train
20643,train
20644,train
20645,test
20646,validation
20647,train
20648,train
20649,train
20650,test
20651,validation
20652,train
20653,train
20654,validation
20655,validation
20656,train
20657,train
20658,validation
20659,validation
20660,train
20661,train
20662,test
20663,train
20664,test
20665,train
20666,train
20667,train
20668,train
20669,train
20670,validation
20671,train
20672,train
20673,test
20674,validation
20675,train
20676,validation
20677,train
20678,train
20679,validation
20680,validation
20681,test
20682,validation
20683,train
20684,train
20685,train
20686,test
20687,train
20688,validation
20689,train
20690,train
20691,train
20692,train
20693,train
20694,test
20695,train
20696,train
20697,train
20698,test
20699,validation
20700,train
20701,test
20702,validation
20703,validation
20704,train
20705,train
20706,test
20707,train
20708,train
20709,train
20710,train
20711,test
20712,train
20713,train
20714,test
20715,train
20716,validation
20717,train
20718,test
20719,validation
20720,train
20721,train
20722,validation
20723,validation
20724,validation
20725,train
20726,train
20727,test
20728,train
20729,train
20730,train
20731,train
20732,train
20733,validation
20734,test
20735,validation
20736,test
20737,train
20738,train
20739,train
20740,train
20741,validation
20742,train
20743,train
20744,test
20745,train
20746,train
20747,train
20748,test
20749,train
20750,train
20751,train
20752,train
20753,test
20754,train
20755,train
20756,train
20757,test
20758,train
20759,test
20760,train
20761,validation
20762,train
20763,test
20764,train
20765,train
20766,train
20767,train
20768,train
20769,train
20770,train
20771,test
20772,train
20773,train
20774,test
20775,validation
20776,train
20777,train
20778,train
20779,train
20780,train
20781,train
20782,test
20783,test
20784,train
20785,train
20786,train
20787,train
20788,train
20789,train
20790,train
20791,train
20792,train
20793,train
20794,train
20795,test
20796,train
20797,train
20798,train
20799,train
20800,validation
20801,test
20802,train
20803,train
20804,train
20805,train
20806,validation
20807,validation
20808,train
20809,test
20810,validation
20811,train
20812,train
20813,train
20814,train
20815,test
20816,validation
20817,train
20818,train
20819,train
20820,test
20821,train
20822,validation
20823,validation
20824,validation
20825,test
20826,train
20827,train
20828,test
20829,train
20830,train
20831,test
20832,train
20833,train
20834,train
20835,train
20836,train
20837,train
20838,train
20839,train
20840,train
20841,test
20842,validation
20843,validation
20844,train
20845,train
20846,train
20847,validation
20848,train
20849,train
20850,train
20851,train
20852,validation
20853,train
20854,train
20855,test
20856,train
20857,train
20858,test
20859,test
20860,train
20861,validation
20862,test
20863,test
20864,test
20865,train
20866,test
20867,test
20868,train
20869,train
20870,train
20871,validation
20872,train
20873,validation
20874,test
20875,train
20876,train
20877,train
20878,validation
20879,train
20880,test
20881,test
20882,test
20883,train
20884,train
20885,train
20886,test
20887,train
20888,test
20889,train
20890,train
20891,train
20892,train
20893,train
20894,validation
20895,test
20896,train
20897,train
20898,validation
20899,train
20900,train
20901,test
20902,train
20903,train
20904,test
20905,train
20906,train
20907,test
20908,train
20909,train
20910,train
20911,validation
20912,train
20913,train
20914,train
20915,train
20916,train
20917,validation
20918,train
20919,train
20920,test
20921,validation
20922,validation
20923,train
20924,test
20925,test
20926,train
20927,train
20928,train
20929,train
20930,test
20931,validation
20932,test
20933,test
20934,train
20935,train
20936,train
20937,train
20938,train
20939,test
20940,validation
20941,test
20942,train
20943,validation
20944,test
20945,validation
20946,train
20947,validation
20948,train
20949,train
20950,train
20951,test
20952,test
20953,train
20954,train
20955,train
20956,train
20957,train
20958,train
20959,train
20960,train
20961,train
20962,validation
20963,test
20964,train
20965,validation
20966,test
20967,train
20968,train
20969,train
20970,train
20971,test
20972,train
20973,train
20974,validation
20975,train
20976,train
20977,train
20978,train
20979,test
20980,validation
20981,test
20982,train
20983,train
20984,test
20985,train
20986,test
20987,validation
20988,train
20989,validation
20990,train
20991,train
20992,train
20993,train
20994,train
20995,train
20996,test
20997,test
20998,validation
20999,test
21000,test
21001,train
21002,train
21003,train
21004,train
21005,train
21006,test
21007,train
21008,train
21009,train
21010,test
21011,train
21012,validation
21013,train
21014,train
21015,train
21016,test
21017,train
21018,train
21019,test
21020,train
21021,train
21022,test
21023,test
21024,train
21025,validation
21026,train
21027,validation
21028,train
21029,train
21030,validation
21031,train
21032,train
21033,test
21034,train
21035,train
21036,train
21037,validation
21038,train
21039,train
21040,test
21041,test
21042,train
21043,train
21044,train
21045,test
21046,train
21047,train
21048,train
21049,validation
21050,validation
21051,train
21052,test
21053,validation
21054,test
21055,test
21056,train
21057,train
21058,train
21059,train
21060,train
21061,train
21062,train
21063,train
21064,train
21065,train
21066,train
21067,validation
21068,train
21069,train
21070,train
21071,train
21072,test
21073,train
21074,validation
21075,validation
21076,train
21077,test
21078,test
21079,train
21080,train
21081,train
21082,validation
21083,test
21084,train
21085,validation
21086,train
21087,train
21088,train
21089,validation
21090,train
21091,test
21092,validation
21093,test
21094,train
21095,train
21096,train
21097,train
21098,validation
21099,train
21100,train
21101,train
21102,train
21103,train
21104,validation
21105,test
21106,train
21107,train
21108,train
21109,train
21110,test
21111,train
21112,train
21113,validation
21114,train
21115,train
21116,validation
21117,train
21118,train
21119,train
21120,train
21121,test
21122,train
21123,test
21124,test
21125,train
21126,train
21127,train
21128,train
21129,train
21130,validation
21131,train
21132,test
21133,test
21134,train
21135,train
21136,validation
21137,test
21138,test
21139,train
21140,train
21141,validation
21142,train
21143,train
21144,train
21145,validation
21146,train
21147,train
21148,validation
21149,test
21150,test
21151,test
21152,train
21153,validation
21154,validation
21155,train
21156,train
21157,test
21158,test
21159,train
21160,train
21161,train
21162,train
21163,train
21164,train
21165,train
21166,test
21167,validation
21168,train
21169,train
21170,train
21171,train
21172,train
21173,train
21174,test
21175,train
21176,train
21177,validation
21178,train
21179,test
21180,test
21181,validation
21182,test
21183,test
21184,train
21185,train
21186,train
21187,test
21188,test
21189,validation
21190,train
21191,validation
21192,train
21193,train
21194,train
21195,validation
21196,train
21197,train
21198,test
21199,train
21200,train
21201,train
21202,train
21203,test
21204,train
21205,train
21206,validation
21207,train
21208,train
21209,validation
21210,train
21211,train
21212,train
21213,train
21214,train
21215,test
21216,test
21217,train
21218,train
21219,train
21220,validation
21221,test
21222,test
21223,test
21224,validation
21225,train
21226,train
21227,validation
21228,test
21229,train
21230,train
21231,validation
21232,validation
21233,test
21234,test
21235,train
21236,train
21237,validation
21238,validation
21239,train
21240,test
21241,train
21242,train
21243,train
21244,train
21245,validation
21246,validation
21247,test
21248,train
21249,train
21250,train
21251,train
21252,train
21253,train
21254,test
21255,train
21256,train
21257,validation
21258,train
21259,validation
21260,train
21261,validation
21262,validation
21263,validation
21264,train
21265,train
21266,train
21267,test
21268,train
21269,train
21270,train
21271,train
21272,train
21273,train
21274,train
21275,validation
21276,validation
21277,validation
21278,validation
21279,train
21280,train
21281,train
21282,train
21283,train
21284,validation
21285,train
21286,test
21287,train
21288,train
21289,train
21290,train
21291,test
21292,train
21293,test
21294,validation
21295,train
21296,train
21297,train
21298,test
21299,train
21300,train
21301,train
21302,train
21303,train
21304,validation
21305,train
21306,train
21307,validation
21308,validation
21309,train
21310,validation
21311,train
21312,train
21313,train
21314,train
21315,train
21316,train
21317,test
21318,test
21319,test
21320,test
21321,train
21322,train
21323,validation
21324,test
21325,train
21326,validation
21327,test
21328,train
21329,validation
21330,train
21331,validation
21332,train
21333,train
21334,validation
21335,test
21336,test
21337,train
21338,train
21339,validation
21340,validation
21341,train
21342,train
21343,test
21344,train
21345,train
21346,train
21347,train
21348,train
21349,test
21350,validation
21351,validation
21352,train
21353,test
21354,train
21355,train
21356,train
21357,train
21358,train
21359,validation
21360,train
21361,train
21362,validation
21363,test
21364,train
21365,train
21366,train
21367,test
21368,train
21369,train
21370,train
21371,test
21372,train
21373,test
21374,test
21375,train
21376,train
21377,train
21378,train
21379,train
21380,validation
21381,train
21382,train
21383,validation
21384,train
21385,train
21386,train
21387,validation
21388,validation
21389,test
21390,train
21391,train
21392,train
21393,train
21394,train
21395,test
21396,train
21397,train
21398,test
21399,train
21400,validation
21401,train
21402,train
21403,test
21404,train
21405,train
21406,validation
21407,train
21408,train
21409,validation
21410,train
21411,train
21412,train
21413,train
21414,test
21415,validation
21416,validation
21417,train
21418,train
21419,train
21420,train
21421,train
21422,train
21423,validation
21424,train
21425,test
21426,train
21427,train
21428,train
21429,train
21430,train
21431,train
21432,train
21433,train
21434,test
21435,test
21436,train
21437,test
21438,train
21439,test
21440,test
21441,train
21442,train
21443,train
21444,train
21445,train
21446,train
21447,train
21448,train
21449,test
21450,test
21451,validation
21452,train
21453,train
21454,validation
21455,train
21456,validation
21457,test
21458,train
21459,test
21460,train
21461,train
21462,test
21463,train
21464,validation
21465,test
21466,train
21467,test
21468,train
21469,train
21470,train
21471,test
21472,train
21473,train
21474,train
21475,test
21476,train
21477,test
21478,test
21479,validation
21480,validation
21481,test
21482,train
21483,train
21484,test
21485,test
21486,train
21487,train
21488,train
21489,validation
21490,validation
21491,train
21492,train
21493,train
21494,validation
21495,train
21496,train
21497,train
21498,validation
21499,train
21500,train
21501,validation
21502,train
21503,train
21504,train
21505,validation
21506,test
21507,train
21508,validation
21509,train
21510,train
21511,validation
21512,train
21513,train
21514,train
21515,train
21516,validation
21517,train
21518,train
21519,validation
21520,train
21521,train
21522,train
21523,train
21524,validation
21525,train
21526,train
21527,train
21528,train
21529,train
21530,test
21531,train
21532,validation
21533,train
21534,test
21535,train
21536,validation
21537,validation
21538,train
21539,train
21540,train
21541,train
21542,test
21543,test
21544,test
21545,validation
21546,test
21547,train
21548,train
21549,train
21550,train
21551,validation
21552,train
21553,test
21554,train
21555,test
21556,test
21557,train
21558,test
21559,train
21560,test
21561,train
21562,train
21563,train
21564,validation
21565,validation
21566,validation
21567,train
21568,train
21569,validation
21570,validation
21571,train
21572,train
21573,train
21574,train
21575,train
21576,test
21577,train
21578,validation
21579,train
21580,train
21581,validation
21582,train
21583,test
21584,test
21585,train
21586,validation
21587,train
21588,train
21589,train
21590,train
21591,train
21592,train
21593,validation
21594,train
21595,validation
21596,train
21597,test
21598,test
21599,train
21600,test
21601,test
21602,train
21603,validation
21604,test
21605,test
21606,train
21607,test
21608,train
21609,train
21610,train
21611,train
21612,train
21613,test
21614,test
21615,train
21616,validation
21617,train
21618,train
21619,test
21620,train
21621,train
21622,train
21623,test
21624,test
21625,train
21626,test
21627,train
21628,test
21629,train
21630,validation
21631,validation
21632,train
21633,test
21634,train
21635,test
21636,train
21637,test
21638,train
21639,train
21640,train
21641,validation
21642,validation
21643,validation
21644,train
21645,train
21646,train
21647,train
21648,train
21649,train
21650,train
21651,train
21652,train
21653,train
21654,train
21655,train
21656,train
21657,train
21658,train
21659,train
21660,train
21661,train
21662,train
21663,test
21664,validation
21665,train
21666,train
21667,train
21668,train
21669,train
21670,test
21671,test
21672,train
21673,train
21674,train
21675,validation
21676,train
21677,train
21678,test
21679,train
21680,train
21681,test
21682,train
21683,validation
21684,train
21685,test
21686,validation
21687,train
21688,test
21689,test
21690,test
21691,train
21692,train
21693,test
21694,train
21695,train
21696,test
21697,validation
21698,validation
21699,train
21700,train
21701,validation
21702,train
21703,validation
21704,train
21705,train
21706,train
21707,train
21708,validation
21709,test
21710,train
21711,train
21712,validation
21713,test
21714,test
21715,test
21716,test
21717,validation
21718,test
21719,validation
21720,test
21721,train
21722,train
21723,validation
21724,validation
21725,test
21726,test
21727,train
21728,train
21729,train
21730,validation
21731,test
21732,train
21733,train
21734,test
21735,train
21736,test
21737,validation
21738,train
21739,train
21740,train
21741,train
21742,train
21743,train
21744,train
21745,train
21746,validation
21747,train
21748,train
21749,train
21750,train
21751,train
21752,train
21753,train
21754,test
21755,train
21756,train
21757,train
21758,train
21759,train
21760,train
21761,train
21762,train
21763,validation
21764,validation
21765,validation
21766,train
21767,train
21768,test
21769,train
21770,train
21771,validation
21772,train
21773,train
21774,validation
21775,train
21776,validation
21777,train
21778,test
21779,train
21780,train
21781,validation
21782,train
21783,train
21784,validation
21785,train
21786,validation
21787,test
21788,train
21789,train
21790,train
21791,train
21792,train
21793,validation
21794,validation
21795,train
21796,validation
21797,train
21798,train
21799,train
21800,train
21801,train
21802,validation
21803,train
21804,validation
21805,validation
21806,train
21807,train
21808,train
21809,test
21810,train
21811,validation
21812,test
21813,train
21814,validation
21815,test
21816,train
21817,validation
21818,train
21819,train
21820,validation
21821,validation
21822,train
21823,train
21824,train
21825,train
21826,train
21827,train
21828,train
21829,test
21830,train
21831,test
21832,train
21833,test
21834,test
21835,train
21836,train
21837,test
21838,train
21839,train
21840,train
21841,train
21842,validation
21843,train
21844,validation
21845,validation
21846,train
21847,train
21848,train
21849,test
21850,train
21851,train
21852,test
21853,train
21854,train
21855,test
21856,train
21857,train
21858,train
21859,validation
21860,validation
21861,train
21862,test
21863,train
21864,validation
21865,train
21866,validation
21867,train
21868,train
21869,validation
21870,validation
21871,train
21872,validation
21873,validation
21874,train
21875,train
21876,train
21877,validation
21878,train
21879,train
21880,validation
21881,train
21882,train
21883,validation
21884,test
21885,validation
21886,train
21887,train
21888,train
21889,train
21890,train
21891,test
21892,test
21893,validation
21894,validation
21895,test
21896,train
21897,train
21898,validation
21899,train
21900,test
21901,train
21902,validation
21903,train
21904,train
21905,train
21906,test
21907,test
21908,train
21909,test
21910,validation
21911,train
21912,train
21913,train
21914,test
21915,train
21916,train
21917,validation
21918,validation
21919,validation
21920,train
21921,train
21922,train
21923,train
21924,train
21925,train
21926,test
21927,train
21928,train
21929,train
21930,test
21931,test
21932,test
21933,train
21934,train
21935,train
21936,train
21937,test
21938,train
21939,test
21940,train
21941,validation
21942,train
21943,train
21944,validation
21945,test
21946,train
21947,train
21948,validation
21949,test
21950,test
21951,train
21952,train
21953,train
21954,test
21955,test
21956,train
21957,validation
21958,train
21959,train
21960,validation
21961,test
21962,train
21963,train
21964,test
21965,train
21966,train
21967,train
21968,test
21969,validation
21970,train
21971,test
21972,validation
21973,train
21974,train
21975,train
21976,validation
21977,validation
21978,train
21979,test
21980,train
21981,validation
21982,test
21983,train
21984,train
21985,train
21986,test
21987,test
21988,test
21989,train
21990,train
21991,validation
21992,train
21993,validation
21994,train
21995,test
21996,validation
21997,test
21998,train
21999,train
22000,train
22001,train
22002,validation
22003,train
22004,train
22005,validation
22006,train
22007,train
22008,train
22009,train
22010,test
22011,train
22012,test
22013,train
22014,train
22015,validation
22016,test
22017,train
22018,train
22019,validation
22020,train
22021,validation
22022,validation
22023,train
22024,train
22025,train
22026,train
22027,validation
22028,train
22029,train
22030,train
22031,test
22032,train
22033,train
22034,train
22035,train
22036,train
22037,train
22038,train
22039,train
22040,test
22041,train
22042,train
22043,test
22044,test
22045,validation
22046,train
22047,train
22048,train
22049,train
22050,validation
22051,train
22052,validation
22053,train
22054,test
22055,train
22056,train
22057,train
22058,train
22059,train
22060,validation
22061,validation
22062,train
22063,validation
22064,train
22065,train
22066,train
22067,test
22068,train
22069,test
22070,train
22071,validation
22072,validation
22073,validation
22074,train
22075,validation
22076,test
22077,train
22078,train
22079,train
22080,test
22081,train
22082,train
22083,test
22084,train
22085,train
22086,train
22087,train
22088,train
22089,train
22090,validation
22091,train
22092,test
22093,train
22094,train
22095,test
22096,validation
22097,train
22098,train
22099,test
22100,test
22101,train
22102,validation
22103,train
22104,train
22105,test
22106,validation
22107,validation
22108,validation
22109,train
22110,train
22111,train
22112,test
22113,train
22114,train
22115,train
22116,train
22117,train
22118,train
22119,train
22120,train
22121,test
22122,train
22123,train
22124,train
22125,test
22126,test
22127,train
22128,train
22129,train
22130,train
22131,train
22132,train
22133,train
22134,train
22135,test
22136,train
22137,train
22138,train
22139,train
22140,train
22141,validation
22142,train
22143,validation
22144,train
22145,train
22146,train
22147,train
22148,train
22149,train
22150,train
22151,test
22152,train
22153,train
22154,test
22155,train
22156,test
22157,test
22158,validation
22159,test
22160,train
22161,train
22162,train
22163,train
22164,test
22165,train
22166,train
22167,test
22168,validation
22169,validation
22170,train
22171,train
22172,train
22173,test
22174,validation
22175,train
22176,test
22177,validation
22178,train
22179,train
22180,validation
22181,train
22182,test
22183,train
22184,validation
22185,train
22186,train
22187,train
22188,train
22189,train
22190,train
22191,train
22192,validation
22193,train
22194,test
22195,train
22196,train
22197,validation
22198,train
22199,train
22200,test
22201,validation
22202,train
22203,train
22204,test
22205,validation
22206,test
22207,validation
22208,train
22209,train
22210,test
22211,validation
22212,train
22213,train
22214,test
22215,train
22216,test
22217,validation
22218,validation
22219,train
22220,validation
22221,train
22222,train
22223,test
22224,test
22225,train
22226,train
22227,validation
22228,train
22229,train
22230,train
22231,test
22232,train
22233,train
22234,train
22235,train
22236,validation
22237,train
22238,validation
22239,train
22240,test
22241,train
22242,test
22243,train
22244,test
22245,train
22246,train
22247,train
22248,train
22249,test
22250,test
22251,validation
22252,train
22253,train
22254,test
22255,train
22256,train
22257,train
22258,train
22259,train
22260,validation
22261,validation
22262,train
22263,train
22264,train
22265,train
22266,validation
22267,train
22268,validation
22269,test
22270,train
22271,train
22272,test
22273,train
22274,validation
22275,validation
22276,train
22277,test
22278,train
22279,train
22280,test
22281,validation
22282,train
22283,train
22284,train
22285,validation
22286,train
22287,train
22288,validation
22289,train
22290,test
22291,test
22292,train
22293,train
22294,train
22295,train
22296,train
22297,validation
22298,train
22299,train
22300,train
22301,test
22302,validation
22303,validation
22304,train
22305,train
22306,train
22307,test
22308,test
22309,validation
22310,train
22311,train
22312,train
22313,train
22314,train
22315,test
22316,validation
22317,train
22318,validation
22319,test
22320,validation
22321,train
22322,train
22323,validation
22324,train
22325,train
22326,validation
22327,train
22328,validation
22329,train
22330,test
22331,train
22332,train
22333,validation
22334,train
22335,train
22336,validation
22337,test
22338,train
22339,train
22340,train
22341,validation
22342,test
22343,validation
22344,train
22345,test
22346,validation
22347,validation
22348,train
22349,train
22350,test
22351,train
22352,train
22353,validation
22354,test
22355,validation
22356,train
22357,validation
22358,train
22359,train
22360,train
22361,train
22362,train
22363,test
22364,validation
22365,train
22366,train
22367,test
22368,train
22369,train
22370,validation
22371,train
22372,validation
22373,train
22374,validation
22375,train
22376,train
22377,train
22378,train
22379,train
22380,train
22381,train
22382,train
22383,train
22384,train
22385,validation
22386,validation
22387,train
22388,train
22389,train
22390,train
22391,validation
22392,train
22393,test
22394,validation
22395,train
22396,train
22397,validation
22398,train
22399,train
22400,train
22401,validation
22402,train
22403,train
22404,validation
22405,test
22406,validation
22407,train
22408,validation
22409,validation
22410,test
22411,validation
22412,train
22413,validation
22414,train
22415,train
22416,train
22417,test
22418,validation
22419,train
22420,train
22421,train
22422,train
22423,train
22424,train
22425,train
22426,train
22427,train
22428,test
22429,validation
22430,train
22431,train
22432,test
22433,train
22434,train
22435,test
22436,validation
22437,train
22438,train
22439,train
22440,train
22441,test
22442,train
22443,test
22444,validation
22445,train
22446,test
22447,train
22448,train
22449,train
22450,train
22451,train
22452,test
22453,train
22454,train
22455,train
22456,test
22457,train
22458,test
22459,train
22460,train
22461,train
22462,validation
22463,train
22464,train
22465,validation
22466,train
22467,train
22468,validation
22469,train
22470,validation
22471,train
22472,train
22473,train
22474,train
22475,validation
22476,train
22477,train
22478,validation
22479,train
22480,test
22481,train
22482,train
22483,validation
22484,train
22485,validation
22486,test
22487,train
22488,test
22489,train
22490,validation
22491,train
22492,test
22493,train
22494,train
22495,test
22496,validation
22497,test
22498,train
22499,test
22500,train
22501,validation
22502,validation
22503,train
22504,train
22505,validation
22506,train
22507,train
22508,test
22509,train
22510,train
22511,train
22512,test
22513,test
22514,validation
22515,train
22516,train
22517,train
22518,validation
22519,train
22520,train
22521,train
22522,train
22523,validation
22524,train
22525,validation
22526,train
22527,train
22528,train
22529,train
22530,train
22531,train
22532,train
22533,validation
22534,test
22535,train
22536,test
22537,train
22538,train
22539,train
22540,validation
22541,train
22542,train
22543,train
22544,train
22545,train
22546,train
22547,train
22548,validation
22549,train
22550,train
22551,train
22552,train
22553,train
22554,train
22555,validation
22556,test
22557,validation
22558,validation
22559,train
22560,train
22561,train
22562,train
22563,train
22564,validation
22565,train
22566,train
22567,train
22568,train
22569,train
22570,train
22571,test
22572,validation
22573,test
22574,validation
22575,train
22576,train
22577,train
22578,test
22579,train
22580,validation
22581,test
22582,train
22583,test
22584,train
22585,train
22586,train
22587,validation
22588,train
22589,test
22590,train
22591,train
22592,train
22593,train
22594,validation
22595,train
22596,validation
22597,train
22598,train
22599,train
22600,train
22601,train
22602,validation
22603,validation
22604,train
22605,test
22606,train
22607,train
22608,test
22609,test
22610,train
22611,validation
22612,train
22613,train
22614,train
22615,train
22616,train
22617,validation
22618,train
22619,train
22620,test
22621,train
22622,validation
22623,validation
22624,test
22625,validation
22626,train
22627,test
22628,validation
22629,validation
22630,test
22631,train
22632,train
22633,test
22634,validation
22635,test
22636,validation
22637,train
22638,train
22639,train
22640,train
22641,validation
22642,train
22643,train
22644,train
22645,train
22646,train
22647,train
22648,test
22649,test
22650,train
22651,train
22652,train
22653,train
22654,train
22655,test
22656,test
22657,train
22658,validation
22659,train
22660,train
22661,train
22662,test
22663,train
22664,validation
22665,train
22666,train
22667,train
22668,validation
22669,train
22670,test
22671,test
22672,train
22673,train
22674,train
22675,validation
22676,train
22677,train
22678,validation
22679,test
22680,validation
22681,train
22682,train
22683,train
22684,train
22685,test
22686,validation
22687,validation
22688,train
22689,test
22690,train
22691,test
22692,test
22693,train
22694,train
22695,train
22696,train
22697,train
22698,validation
22699,train
22700,test
22701,test
22702,test
22703,test
22704,train
22705,train
22706,test
22707,train
22708,test
22709,train
22710,test
22711,train
22712,train
22713,validation
22714,test
22715,train
22716,validation
22717,train
22718,validation
22719,train
22720,train
22721,train
22722,train
22723,train
22724,test
22725,validation
22726,train
22727,train
22728,train
22729,validation
22730,validation
22731,test
22732,train
22733,train
22734,train
22735,validation
22736,train
22737,test
22738,test
22739,test
22740,train
22741,test
22742,validation
22743,test
22744,validation
22745,train
22746,train
22747,validation
22748,validation
22749,train
22750,test
22751,train
22752,train
22753,test
22754,validation
22755,test
22756,validation
22757,train
22758,test
22759,test
22760,train
22761,train
22762,test
22763,train
22764,validation
22765,train
22766,test
22767,test
22768,train
22769,train
22770,train
22771,train
22772,train
22773,train
22774,train
22775,validation
22776,train
22777,test
22778,test
22779,train
22780,train
22781,train
22782,validation
22783,train
22784,validation
22785,validation
22786,train
22787,test
22788,train
22789,validation
22790,train
22791,train
22792,train
22793,validation
22794,validation
22795,train
22796,train
22797,test
22798,train
22799,test
22800,test
22801,train
22802,test
22803,train
22804,train
22805,train
22806,train
22807,test
22808,train
22809,train
22810,train
22811,test
22812,validation
22813,train
22814,validation
22815,validation
22816,train
22817,train
22818,train
22819,train
22820,test
22821,validation
22822,test
22823,train
22824,validation
22825,train
22826,test
22827,validation
22828,train
22829,train
22830,test
22831,validation
22832,train
22833,train
22834,test
22835,validation
22836,train
22837,train
22838,train
22839,validation
22840,validation
22841,train
22842,validation
22843,train
22844,train
22845,train
22846,train
22847,train
22848,validation
22849,test
22850,test
22851,test
22852,train
22853,train
22854,train
22855,test
22856,train
22857,train
22858,train
22859,train
22860,validation
22861,train
22862,train
22863,train
22864,train
22865,train
22866,test
22867,test
22868,train
22869,train
22870,train
22871,test
22872,train
22873,train
22874,test
22875,validation
22876,validation
22877,train
22878,test
22879,train
22880,train
22881,train
22882,validation
22883,train
22884,train
22885,test
22886,train
22887,train
22888,validation
22889,train
22890,train
22891,test
22892,train
22893,train
22894,train
22895,train
22896,train
22897,validation
22898,train
22899,validation
22900,test
22901,train
22902,validation
22903,validation
22904,train
22905,validation
22906,train
22907,train
22908,test
22909,test
22910,train
22911,train
22912,validation
22913,train
22914,test
22915,validation
22916,train
22917,train
22918,train
22919,validation
22920,train
22921,validation
22922,train
22923,train
22924,train
22925,validation
22926,validation
22927,test
22928,validation
22929,validation
22930,train
22931,train
22932,train
22933,train
22934,validation
22935,train
22936,train
22937,train
22938,validation
22939,validation
22940,train
22941,test
22942,train
22943,train
22944,train
22945,test
22946,train
22947,train
22948,train
22949,validation
22950,test
22951,train
22952,test
22953,train
22954,train
22955,validation
22956,train
22957,train
22958,train
22959,train
22960,train
22961,validation
22962,train
22963,train
22964,train
22965,train
22966,test
22967,train
22968,train
22969,train
22970,train
22971,train
22972,train
22973,train
22974,train
22975,train
22976,train
22977,train
22978,train
22979,test
22980,validation
22981,test
22982,test
22983,train
22984,test
22985,train
22986,test
22987,validation
22988,validation
22989,validation
22990,train
22991,train
22992,train
22993,validation
22994,test
22995,test
22996,test
22997,validation
22998,train
22999,train
23000,train
23001,train
23002,train
23003,test
23004,train
23005,train
23006,test
23007,train
23008,train
23009,train
23010,train
23011,test
23012,train
23013,train
23014,train
23015,train
23016,train
23017,train
23018,validation
23019,test
23020,validation
23021,validation
23022,validation
23023,train
23024,test
23025,validation
23026,train
23027,train
23028,validation
23029,train
23030,train
23031,test
23032,train
23033,train
23034,test
23035,train
23036,test
23037,test
23038,validation
23039,train
23040,train
23041,train
23042,test
23043,validation
23044,train
23045,test
23046,train
23047,train
23048,validation
23049,train
23050,train
23051,train
23052,test
23053,train
23054,train
23055,test
23056,validation
23057,train
23058,train
23059,test
23060,test
23061,train
23062,train
23063,validation
23064,validation
23065,train
23066,train
23067,train
23068,train
23069,train
23070,train
23071,train
23072,train
23073,train
23074,test
23075,train
23076,validation
23077,validation
23078,validation
23079,train
23080,train
23081,validation
23082,test
23083,train
23084,validation
23085,test
23086,validation
23087,train
23088,test
23089,validation
23090,train
23091,train
23092,test
23093,test
23094,validation
23095,validation
23096,train
23097,train
23098,test
23099,train
23100,train
23101,test
23102,train
23103,train
23104,train
23105,train
23106,train
23107,validation
23108,train
23109,train
23110,validation
23111,train
23112,test
23113,train
23114,test
23115,train
23116,train
23117,validation
23118,train
23119,train
23120,validation
23121,train
23122,train
23123,train
23124,train
23125,test
23126,train
23127,train
23128,train
23129,train
23130,test
23131,train
23132,train
23133,validation
23134,train
23135,test
23136,train
23137,test
23138,validation
23139,test
23140,test
23141,train
23142,test
23143,train
23144,train
23145,train
23146,test
23147,validation
23148,train
23149,train
23150,train
23151,validation
23152,train
23153,train
23154,validation
23155,train
23156,train
23157,train
23158,train
23159,train
23160,train
23161,train
23162,train
23163,test
23164,train
23165,train
23166,train
23167,train
23168,train
23169,train
23170,train
23171,train
23172,train
23173,train
23174,test
23175,validation
23176,train
23177,test
23178,validation
23179,train
23180,train
23181,train
23182,train
23183,train
23184,train
23185,train
23186,validation
23187,test
23188,train
23189,test
23190,train
23191,validation
23192,validation
23193,validation
23194,train
23195,train
23196,train
23197,train
23198,train
23199,validation
23200,test
23201,test
23202,train
23203,train
23204,train
23205,train
23206,train
23207,train
23208,train
23209,train
23210,train
23211,validation
23212,train
23213,train
23214,train
23215,train
23216,train
23217,train
23218,train
23219,validation
23220,train
23221,train
23222,train
23223,train
23224,validation
23225,train
23226,train
23227,train
23228,train
23229,train
23230,train
23231,validation
23232,train
23233,train
23234,validation
23235,validation
23236,test
23237,train
23238,train
23239,train
23240,train
23241,validation
23242,train
23243,train
23244,train
23245,train
23246,train
23247,train
23248,test
23249,validation
23250,validation
23251,test
23252,train
23253,train
23254,train
23255,train
23256,test
23257,validation
23258,train
23259,train
23260,validation
23261,train
23262,test
23263,train
23264,train
23265,train
23266,train
23267,train
23268,test
23269,train
23270,test
23271,validation
23272,train
23273,train
23274,validation
23275,train
23276,train
23277,validation
23278,validation
23279,validation
23280,test
23281,test
23282,test
23283,train
23284,test
23285,test
23286,train
23287,train
23288,train
23289,train
23290,train
23291,validation
23292,test
23293,test
23294,train
23295,validation
23296,test
23297,train
23298,test
23299,validation
23300,train
23301,train
23302,train
23303,validation
23304,train
23305,train
23306,train
23307,train
23308,train
23309,train
23310,train
23311,validation
23312,train
23313,validation
23314,train
23315,test
23316,train
23317,train
23318,train
23319,train
23320,train
23321,validation
23322,train
23323,train
23324,validation
23325,validation
23326,train
23327,validation
23328,train
23329,train
23330,validation
23331,train
23332,validation
23333,train
23334,test
23335,train
23336,validation
23337,train
23338,train
23339,train
23340,train
23341,validation
23342,validation
23343,train
23344,test
23345,train
23346,validation
23347,test
23348,train
23349,train
23350,train
23351,train
23352,test
23353,train
23354,test
23355,train
23356,train
23357,test
23358,train
23359,validation
23360,train
23361,train
23362,validation
23363,train
23364,train
23365,validation
23366,validation
23367,train
23368,validation
23369,validation
23370,validation
23371,train
23372,test
23373,validation
23374,validation
23375,train
23376,train
23377,train
23378,train
23379,train
23380,validation
23381,test
23382,train
23383,train
23384,test
23385,train
23386,train
23387,train
23388,train
23389,train
23390,train
23391,train
23392,train
23393,train
23394,test
23395,train
23396,test
23397,train
23398,train
23399,test
23400,train
23401,validation
23402,train
23403,train
23404,train
23405,train
23406,train
23407,train
23408,validation
23409,validation
23410,test
23411,train
23412,validation
23413,train
23414,validation
23415,train
23416,test
23417,test
23418,validation
23419,train
23420,train
23421,validation
23422,train
23423,train
23424,train
23425,train
23426,validation
23427,train
23428,validation
23429,train
23430,validation
23431,train
23432,train
23433,test
23434,train
23435,test
23436,train
23437,train
23438,train
23439,validation
23440,train
23441,train
23442,validation
23443,train
23444,train
23445,train
23446,train
23447,train
23448,test
23449,train
23450,validation
23451,validation
23452,validation
23453,train
23454,test
23455,test
23456,validation
23457,test
23458,test
23459,test
23460,train
23461,test
23462,train
23463,train
23464,test
23465,train
23466,train
23467,validation
23468,train
23469,train
23470,train
23471,train
23472,validation
23473,validation
23474,train
23475,train
23476,validation
23477,validation
23478,train
23479,validation
23480,train
23481,train
23482,train
23483,train
23484,validation
23485,test
23486,test
23487,test
23488,train
23489,validation
23490,train
23491,train
23492,test
23493,test
23494,train
23495,train
23496,validation
23497,train
23498,test
23499,train
23500,train
23501,train
23502,test
23503,validation
23504,validation
23505,test
23506,train
23507,train
23508,train
23509,validation
23510,train
23511,test
23512,validation
23513,test
23514,train
23515,train
23516,test
23517,validation
23518,validation
23519,test
23520,test
23521,test
23522,validation
23523,test
23524,test
23525,test
23526,validation
23527,validation
23528,train
23529,train
23530,train
23531,train
23532,test
23533,test
23534,test
23535,validation
23536,train
23537,test
23538,train
23539,train
23540,test
23541,test
23542,train
23543,train
23544,test
23545,test
23546,train
23547,train
23548,test
23549,validation
23550,test
23551,train
23552,validation
23553,train
23554,train
23555,train
23556,validation
23557,train
23558,validation
23559,train
23560,validation
23561,train
23562,train
23563,train
23564,test
23565,train
23566,train
23567,train
23568,validation
23569,train
23570,validation
23571,test
23572,train
23573,validation
23574,train
23575,test
23576,validation
23577,train
23578,train
23579,validation
23580,train
23581,train
23582,train
23583,train
23584,train
23585,train
23586,train
23587,train
23588,test
23589,train
23590,test
23591,validation
23592,train
23593,train
23594,test
23595,train
23596,train
23597,validation
23598,validation
23599,test
23600,validation
23601,train
23602,validation
23603,test
23604,train
23605,train
23606,train
23607,train
23608,test
23609,train
23610,train
23611,train
23612,train
23613,validation
23614,train
23615,train
23616,train
23617,validation
23618,train
23619,train
23620,train
23621,train
23622,train
23623,validation
23624,train
23625,test
23626,train
23627,train
23628,test
23629,validation
23630,train
23631,validation
23632,validation
23633,train
23634,validation
23635,train
23636,validation
23637,train
23638,train
23639,validation
23640,test
23641,validation
23642,validation
23643,train
23644,test
23645,test
23646,validation
23647,train
23648,train
23649,train
23650,validation
23651,train
23652,validation
23653,test
23654,validation
23655,train
23656,validation
23657,train
23658,validation
23659,test
23660,train
23661,train
23662,test
23663,validation
23664,train
23665,test
23666,train
23667,train
23668,train
23669,train
23670,train
23671,train
23672,validation
23673,validation
23674,validation
23675,validation
23676,train
23677,train
23678,train
23679,validation
23680,test
23681,train
23682,train
23683,validation
23684,train
23685,train
23686,train
23687,train
23688,train
23689,train
23690,train
23691,train
23692,train
23693,train
23694,test
23695,train
23696,train
23697,train
23698,train
23699,train
23700,train
23701,train
23702,train
23703,train
23704,train
23705,train
23706,validation
23707,test
23708,train
23709,test
23710,train
23711,validation
23712,train
23713,train
23714,train
23715,train
23716,train
23717,train
23718,test
23719,train
23720,test
23721,test
23722,test
23723,test
23724,train
23725,train
23726,train
23727,train
23728,test
23729,train
23730,train
23731,test
23732,test
23733,train
23734,train
23735,validation
23736,train
23737,train
23738,train
23739,train
23740,test
23741,train
23742,train
23743,train
23744,validation
23745,train
23746,test
23747,test
23748,train
23749,train
23750,train
23751,train
23752,train
23753,test
23754,validation
23755,test
23756,train
23757,train
23758,train
23759,test
23760,train
23761,train
23762,validation
23763,test
23764,train
23765,train
23766,train
23767,train
23768,train
23769,test
23770,test
23771,test
23772,train
23773,validation
23774,train
23775,test
23776,test
23777,train
23778,test
23779,validation
23780,test
23781,train
23782,train
23783,train
23784,test
23785,train
23786,train
23787,validation
23788,train
23789,train
23790,train
23791,train
23792,train
23793,validation
23794,test
23795,train
23796,train
23797,train
23798,validation
23799,test
23800,test
23801,train
23802,train
23803,train
23804,train
23805,validation
23806,train
23807,test
23808,train
23809,train
23810,train
23811,test
23812,validation
23813,test
23814,train
23815,test
23816,train
23817,train
23818,test
23819,train
23820,train
23821,train
23822,train
23823,train
23824,train
23825,validation
23826,validation
23827,train
23828,test
23829,train
23830,validation
23831,train
23832,validation
23833,train
23834,train
23835,validation
23836,train
23837,train
23838,train
23839,train
23840,test
23841,validation
23842,validation
23843,test
23844,train
23845,test
23846,train
23847,test
23848,train
23849,test
23850,train
23851,test
23852,validation
23853,test
23854,train
23855,train
23856,validation
23857,train
23858,train
23859,train
23860,train
23861,validation
23862,train
23863,train
23864,validation
23865,validation
23866,validation
23867,test
23868,train
23869,train
23870,train
23871,train
23872,test
23873,test
23874,train
23875,train
23876,train
23877,train
23878,train
23879,validation
23880,train
23881,train
23882,validation
23883,validation
23884,train
23885,test
23886,train
23887,train
23888,validation
23889,train
23890,train
23891,validation
23892,test
23893,validation
23894,train
23895,train
23896,train
23897,train
23898,validation
23899,train
23900,train
23901,test
23902,train
23903,train
23904,test
23905,train
23906,train
23907,test
23908,validation
23909,train
23910,train
23911,test
23912,validation
23913,train
23914,train
23915,train
23916,train
23917,validation
23918,train
23919,train
23920,test
23921,test
23922,train
23923,validation
23924,train
23925,train
23926,train
23927,train
23928,test
23929,train
23930,train
23931,train
23932,train
23933,validation
23934,train
23935,validation
23936,train
23937,validation
23938,test
23939,test
23940,train
23941,test
23942,train
23943,train
23944,test
23945,validation
23946,validation
23947,validation
23948,train
23949,train
23950,validation
23951,train
23952,validation
23953,validation
23954,validation
23955,train
23956,train
23957,train
23958,train
23959,test
23960,train
23961,train
23962,train
23963,train
23964,train
23965,train
23966,validation
23967,train
23968,test
23969,train
23970,train
23971,validation
23972,test
23973,train
23974,test
23975,train
23976,train
23977,train
23978,train
23979,train
23980,train
23981,train
23982,train
23983,train
23984,train
23985,train
23986,validation
23987,test
23988,train
23989,train
23990,train
23991,test
23992,validation
23993,test
23994,train
23995,train
23996,train
23997,test
23998,train
23999,validation
24000,train
24001,validation
24002,train
24003,validation
24004,train
24005,train
24006,train
24007,validation
24008,validation
24009,train
24010,test
24011,train
24012,test
24013,train
24014,train
24015,train
24016,train
24017,test
24018,train
24019,train
24020,train
24021,train
24022,train
24023,train
24024,validation
24025,train
24026,validation
24027,train
24028,train
24029,train
24030,train
24031,train
24032,train
24033,validation
24034,validation
24035,test
24036,train
24037,train
24038,test
24039,train
24040,test
24041,train
24042,train
24043,validation
24044,train
24045,train
24046,test
24047,train
24048,validation
24049,test
24050,train
24051,test
24052,train
24053,train
24054,test
24055,train
24056,validation
24057,test
24058,train
24059,train
24060,train
24061,train
24062,train
24063,train
24064,test
24065,train
24066,train
24067,test
24068,validation
24069,test
24070,train
24071,test
24072,train
24073,validation
24074,validation
24075,validation
24076,train
24077,validation
24078,test
24079,validation
24080,train
24081,validation
24082,train
24083,test
24084,train
24085,test
24086,train
24087,train
24088,train
24089,validation
24090,train
24091,test
24092,train
24093,train
24094,train
24095,validation
24096,validation
24097,train
24098,validation
24099,train
24100,train
24101,test
24102,train
24103,train
24104,train
24105,train
24106,train
24107,train
24108,validation
24109,validation
24110,validation
24111,validation
24112,train
24113,train
24114,train
24115,train
24116,test
24117,train
24118,train
24119,train
24120,validation
24121,train
24122,validation
24123,train
24124,train
24125,validation
24126,train
24127,train
24128,train
24129,validation
24130,train
24131,validation
24132,train
24133,train
24134,test
24135,train
24136,train
24137,test
24138,test
24139,train
24140,train
24141,validation
24142,test
24143,train
24144,test
24145,validation
24146,train
24147,validation
24148,train
24149,train
24150,validation
24151,train
24152,train
24153,train
24154,train
24155,validation
24156,train
24157,train
24158,test
24159,test
24160,train
24161,train
24162,train
24163,validation
24164,validation
24165,train
24166,train
24167,train
24168,train
24169,train
24170,test
24171,train
24172,train
24173,train
24174,train
24175,test
24176,train
24177,train
24178,train
24179,validation
24180,train
24181,validation
24182,validation
24183,train
24184,validation
24185,train
24186,validation
24187,train
24188,test
24189,train
24190,test
24191,validation
24192,train
24193,train
24194,test
24195,train
24196,train
24197,train
24198,train
24199,validation
24200,train
24201,test
24202,train
24203,train
24204,train
24205,train
24206,train
24207,validation
24208,test
24209,validation
24210,train
24211,test
24212,test
24213,train
24214,train
24215,test
24216,train
24217,validation
24218,train
24219,train
24220,train
24221,test
24222,train
24223,test
24224,train
24225,test
24226,train
24227,train
24228,train
24229,train
24230,train
24231,test
24232,validation
24233,validation
24234,train
24235,test
24236,test
24237,validation
24238,test
24239,test
24240,train
24241,test
24242,train
24243,train
24244,train
24245,test
24246,validation
24247,train
24248,validation
24249,validation
24250,validation
24251,validation
24252,test
24253,train
24254,train
24255,validation
24256,train
24257,train
24258,validation
24259,train
24260,train
24261,train
24262,train
24263,train
24264,train
24265,test
24266,validation
24267,test
24268,validation
24269,train
24270,train
24271,validation
24272,train
24273,test
24274,train
24275,validation
24276,train
24277,train
24278,validation
24279,train
24280,train
24281,train
24282,validation
24283,validation
24284,test
24285,train
24286,validation
24287,validation
24288,validation
24289,validation
24290,test
24291,train
24292,train
24293,train
24294,train
24295,test
24296,test
24297,train
24298,train
24299,validation
24300,validation
24301,train
24302,train
24303,test
24304,train
24305,validation
24306,test
24307,test
24308,train
24309,validation
24310,train
24311,train
24312,validation
24313,train
24314,validation
24315,train
24316,train
24317,train
24318,train
24319,train
24320,test
24321,train
24322,train
24323,validation
24324,train
24325,test
24326,train
24327,train
24328,validation
24329,train
24330,test
24331,test
24332,validation
24333,validation
24334,train
24335,train
24336,train
24337,train
24338,validation
24339,train
24340,test
24341,test
24342,test
24343,train
24344,train
24345,train
24346,validation
24347,test
24348,test
24349,test
24350,train
24351,train
24352,validation
24353,test
24354,train
24355,train
24356,validation
24357,test
24358,validation
24359,train
24360,train
24361,test
24362,train
24363,train
24364,train
24365,train
24366,test
24367,train
24368,validation
24369,train
24370,train
24371,test
24372,test
24373,test
24374,train
24375,test
24376,train
24377,train
24378,train
24379,train
24380,validation
24381,train
24382,test
24383,train
24384,validation
24385,train
24386,train
24387,train
24388,train
24389,validation
24390,train
24391,train
24392,train
24393,train
24394,train
24395,train
24396,train
24397,train
24398,train
24399,train
24400,validation
24401,train
24402,train
24403,train
24404,test
24405,train
24406,validation
24407,train
24408,validation
24409,train
24410,validation
24411,train
24412,train
24413,train
24414,train
24415,test
24416,train
24417,test
24418,train
24419,train
24420,train
24421,train
24422,train
24423,validation
24424,train
24425,train
24426,test
24427,test
24428,train
24429,train
24430,train
24431,test
24432,test
24433,train
24434,test
24435,train
24436,train
24437,train
24438,validation
24439,train
24440,train
24441,train
24442,train
24443,train
24444,test
24445,train
24446,train
24447,train
24448,train
24449,train
24450,train
24451,train
24452,train
24453,train
24454,test
24455,train
24456,validation
24457,train
24458,test
24459,validation
24460,test
24461,train
24462,test
24463,test
24464,validation
24465,validation
24466,validation
24467,train
24468,test
24469,train
24470,train
24471,test
24472,validation
24473,train
24474,train
24475,train
24476,test
24477,train
24478,validation
24479,train
24480,test
24481,train
24482,validation
24483,train
24484,test
24485,train
24486,train
24487,validation
24488,train
24489,test
24490,test
24491,train
24492,train
24493,train
24494,test
24495,train
24496,train
24497,train
24498,train
24499,train
24500,train
24501,validation
24502,train
24503,train
24504,test
24505,test
24506,validation
24507,test
24508,test
24509,validation
24510,test
24511,test
24512,validation
24513,train
24514,test
24515,train
24516,test
24517,validation
24518,validation
24519,train
24520,validation
24521,validation
24522,train
24523,train
24524,train
24525,train
24526,validation
24527,test
24528,test
24529,train
24530,train
24531,test
24532,test
24533,train
24534,train
24535,validation
24536,train
24537,train
24538,test
24539,train
24540,train
24541,test
24542,validation
24543,test
24544,train
24545,validation
24546,train
24547,train
24548,train
24549,train
24550,validation
24551,validation
24552,validation
24553,train
24554,train
24555,train
24556,train
24557,train
24558,validation
24559,train
24560,validation
24561,test
24562,validation
24563,train
24564,test
24565,train
24566,test
24567,test
24568,test
24569,validation
24570,test
24571,test
24572,validation
24573,validation
24574,train
24575,train
24576,train
24577,test
24578,validation
24579,train
24580,validation
24581,validation
24582,test
24583,train
24584,train
24585,test
24586,train
24587,validation
24588,validation
24589,train
24590,train
24591,train
24592,validation
24593,test
24594,train
24595,train
24596,test
24597,train
24598,train
24599,train
24600,train
24601,train
24602,train
24603,train
24604,test
24605,test
24606,train
24607,train
24608,train
24609,validation
24610,validation
24611,train
24612,train
24613,train
24614,train
24615,test
24616,train
24617,validation
24618,train
24619,train
24620,validation
24621,train
24622,train
24623,train
24624,train
24625,test
24626,train
24627,train
24628,train
24629,train
24630,validation
24631,train
24632,train
24633,train
24634,train
24635,validation
24636,train
24637,train
24638,train
24639,test
24640,validation
24641,train
24642,test
24643,train
24644,train
24645,validation
24646,train
24647,train
24648,train
24649,validation
24650,train
24651,test
24652,train
24653,test
24654,train
24655,validation
24656,train
24657,test
24658,train
24659,test
24660,train
24661,test
24662,train
24663,train
24664,validation
24665,test
24666,validation
24667,validation
24668,test
24669,validation
24670,test
24671,train
24672,validation
24673,test
24674,train
24675,test
24676,train
24677,train
24678,train
24679,train
24680,train
24681,validation
24682,train
24683,train
24684,train
24685,train
24686,test
24687,train
24688,test
24689,train
24690,train
24691,train
24692,train
24693,train
24694,train
24695,test
24696,test
24697,test
24698,test
24699,train
24700,train
24701,test
24702,train
24703,validation
24704,train
24705,train
24706,train
24707,train
24708,validation
24709,train
24710,train
24711,validation
24712,train
24713,test
24714,train
24715,train
24716,test
24717,train
24718,validation
24719,train
24720,train
24721,train
24722,train
24723,train
24724,validation
24725,train
24726,train
24727,train
24728,train
24729,validation
24730,train
24731,train
24732,train
24733,train
24734,test
24735,test
24736,train
24737,train
24738,train
24739,test
24740,train
24741,train
24742,test
24743,train
24744,train
24745,test
24746,train
24747,train
24748,train
24749,train
24750,test
24751,train
24752,test
24753,train
24754,test
24755,validation
24756,train
24757,train
24758,test
24759,train
24760,test
24761,test
24762,train
24763,train
24764,validation
24765,test
24766,train
24767,test
24768,validation
24769,train
24770,train
24771,test
24772,train
24773,train
24774,train
24775,train
24776,train
24777,train
24778,train
24779,test
24780,test
24781,train
24782,train
24783,train
24784,train
24785,test
24786,train
24787,test
24788,test
24789,train
24790,train
24791,train
24792,test
24793,train
24794,test
24795,train
24796,train
24797,validation
24798,train
24799,train
24800,validation
24801,validation
24802,train
24803,train
24804,train
24805,train
24806,train
24807,validation
24808,train
24809,validation
24810,test
24811,train
24812,train
24813,train
24814,test
24815,validation
24816,train
24817,train
24818,test
24819,test
24820,train
24821,validation
24822,test
24823,train
24824,test
24825,train
24826,train
24827,validation
24828,train
24829,validation
24830,train
24831,train
24832,validation
24833,train
24834,train
24835,test
24836,train
24837,train
24838,train
24839,validation
24840,train
24841,train
24842,test
24843,test
24844,test
24845,train
24846,train
24847,train
24848,train
24849,train
24850,validation
24851,train
24852,train
24853,validation
24854,validation
24855,train
24856,train
24857,validation
24858,test
24859,train
24860,test
24861,train
24862,train
24863,test
24864,train
24865,train
24866,train
24867,train
24868,train
24869,test
24870,train
24871,train
24872,train
24873,train
24874,train
24875,train
24876,validation
24877,test
24878,train
24879,train
24880,validation
24881,train
24882,validation
24883,train
24884,train
24885,train
24886,train
24887,validation
24888,validation
24889,validation
24890,test
24891,train
24892,train
24893,train
24894,validation
24895,train
24896,train
24897,test
24898,train
24899,train
24900,test
24901,test
24902,train
24903,train
24904,validation
24905,test
24906,test
24907,test
24908,train
24909,test
24910,test
24911,test
24912,train
24913,train
24914,test
24915,train
24916,train
24917,train
24918,test
24919,train
24920,train
24921,train
24922,train
24923,train
24924,train
24925,test
24926,train
24927,test
24928,validation
24929,validation
24930,validation
24931,train
24932,train
24933,train
24934,test
24935,validation
24936,train
24937,validation
24938,train
24939,train
24940,test
24941,train
24942,train
24943,train
24944,train
24945,train
24946,validation
24947,validation
24948,train
24949,test
24950,train
24951,train
24952,test
24953,validation
24954,train
24955,train
24956,train
24957,train
24958,train
24959,validation
24960,test
24961,train
24962,test
24963,validation
24964,train
24965,train
24966,validation
24967,train
24968,train
24969,train
24970,train
24971,train
24972,validation
24973,train
24974,train
24975,train
24976,test
24977,test
24978,train
24979,train
24980,test
24981,validation
24982,test
24983,train
24984,train
24985,train
24986,train
24987,validation
24988,validation
24989,train
24990,train
24991,validation
24992,train
24993,validation
24994,validation
24995,test
24996,train
24997,test
24998,train
24999,train
25000,train
25001,test
25002,train
25003,train
25004,validation
25005,test
25006,validation
25007,train
25008,test
25009,train
25010,train
25011,validation
25012,train
25013,validation
25014,train
25015,validation
25016,train
25017,train
25018,test
25019,test
25020,train
25021,train
25022,train
25023,test
25024,validation
25025,validation
25026,test
25027,train
25028,validation
25029,train
25030,train
25031,test
25032,train
25033,train
25034,train
25035,test
25036,test
25037,train
25038,train
25039,validation
25040,train
25041,train
25042,train
25043,train
25044,train
25045,validation
25046,train
25047,train
25048,validation
25049,train
25050,train
25051,test
25052,train
25053,test
25054,test
25055,test
25056,test
25057,validation
25058,validation
25059,test
25060,train
25061,validation
25062,train
25063,train
25064,test
25065,test
25066,test
25067,test
25068,train
25069,test
25070,train
25071,validation
25072,train
25073,train
25074,train
25075,validation
25076,test
25077,train
25078,train
25079,train
25080,train
25081,train
25082,train
25083,train
25084,train
25085,train
25086,test
25087,train
25088,validation
25089,validation
25090,test
25091,test
25092,train
25093,validation
25094,train
25095,train
25096,validation
25097,test
25098,train
25099,test
25100,train
25101,train
25102,train
25103,train
25104,train
25105,train
25106,train
25107,validation
25108,test
25109,train
25110,train
25111,train
25112,train
25113,test
25114,train
25115,train
25116,train
25117,test
25118,train
25119,train
25120,train
25121,train
25122,train
25123,train
25124,test
25125,train
25126,validation
25127,train
25128,test
25129,test
25130,test
25131,test
25132,test
25133,train
25134,train
25135,train
25136,train
25137,validation
25138,train
25139,train
25140,test
25141,test
25142,train
25143,train
25144,validation
25145,validation
25146,test
25147,train
25148,validation
25149,train
25150,train
25151,train
25152,validation
25153,validation
25154,test
25155,test
25156,test
25157,train
25158,test
25159,validation
25160,validation
25161,test
25162,test
25163,validation
25164,validation
25165,test
25166,train
25167,validation
25168,train
25169,validation
25170,train
25171,train
25172,train
25173,train
25174,train
25175,train
25176,validation
25177,train
25178,train
25179,train
25180,train
25181,train
25182,train
25183,train
25184,train
25185,train
25186,train
25187,train
25188,test
25189,validation
25190,test
25191,test
25192,train
25193,test
25194,train
25195,test
25196,train
25197,train
25198,train
25199,train
25200,train
25201,validation
25202,test
25203,train
25204,train
25205,train
25206,train
25207,train
25208,train
25209,train
25210,validation
25211,train
25212,validation
25213,train
25214,train
25215,train
25216,train
25217,validation
25218,validation
25219,train
25220,train
25221,validation
25222,train
25223,train
25224,test
25225,validation
25226,train
25227,validation
25228,validation
25229,test
25230,validation
25231,train
25232,train
25233,test
25234,train
25235,train
25236,test
25237,test
25238,validation
25239,train
25240,train
25241,train
25242,train
25243,train
25244,test
25245,test
25246,validation
25247,train
25248,test
25249,train
25250,train
25251,validation
25252,train
25253,train
25254,train
25255,test
25256,train
25257,test
25258,train
25259,train
25260,train
25261,test
25262,test
25263,train
25264,validation
25265,test
25266,test
25267,test
25268,train
25269,train
25270,validation
25271,validation
25272,validation
25273,test
25274,test
25275,train
25276,train
25277,train
25278,train
25279,train
25280,test
25281,train
25282,train
25283,train
25284,train
25285,train
25286,train
25287,train
25288,train
25289,train
25290,test
25291,train
25292,test
25293,test
25294,validation
25295,train
25296,validation
25297,train
25298,validation
25299,train
25300,train
25301,validation
25302,train
25303,test
25304,validation
25305,train
25306,validation
25307,train
25308,train
25309,validation
25310,train
25311,test
25312,train
25313,train
25314,train
25315,test
25316,train
25317,train
25318,train
25319,train
25320,train
25321,train
25322,validation
25323,train
25324,train
25325,validation
25326,test
25327,train
25328,test
25329,validation
25330,train
25331,validation
25332,train
25333,train
25334,train
25335,validation
25336,validation
25337,train
25338,train
25339,train
25340,validation
25341,train
25342,train
25343,train
25344,test
25345,train
25346,train
25347,test
25348,train
25349,train
25350,train
25351,train
25352,train
25353,train
25354,train
25355,test
25356,train
25357,train
25358,validation
25359,train
25360,validation
25361,validation
25362,train
25363,train
25364,train
25365,test
25366,validation
25367,test
25368,train
25369,train
25370,train
25371,train
25372,train
25373,train
25374,train
25375,validation
25376,test
25377,train
25378,validation
25379,test
25380,train
25381,train
25382,validation
25383,train
25384,validation
25385,train
25386,validation
25387,train
25388,train
25389,validation
25390,train
25391,train
25392,validation
25393,train
25394,train
25395,train
25396,train
25397,train
25398,train
25399,train
25400,train
25401,validation
25402,train
25403,train
25404,train
25405,train
25406,train
25407,train
25408,train
25409,train
25410,train
25411,train
25412,train
25413,train
25414,validation
25415,train
25416,train
25417,test
25418,train
25419,train
25420,train
25421,train
25422,train
25423,test
25424,train
25425,train
25426,test
25427,validation
25428,train
25429,train
25430,validation
25431,validation
25432,train
25433,train
25434,train
25435,test
25436,train
25437,train
25438,test
25439,train
25440,train
25441,train
25442,train
25443,test
25444,train
25445,train
25446,train
25447,validation
25448,train
25449,validation
25450,train
25451,train
25452,validation
25453,train
25454,validation
25455,test
25456,train
25457,train
25458,train
25459,train
25460,train
25461,validation
25462,validation
25463,validation
25464,test
25465,train
25466,test
25467,train
25468,validation
25469,train
25470,test
25471,train
25472,train
25473,test
25474,validation
25475,test
25476,train
25477,validation
25478,validation
25479,train
25480,train
25481,train
25482,validation
25483,test
25484,train
25485,validation
25486,test
25487,test
25488,test
25489,train
25490,train
25491,train
25492,train
25493,test
25494,validation
25495,train
25496,test
25497,test
25498,train
25499,train
25500,train
25501,train
25502,validation
25503,validation
25504,train
25505,test
25506,train
25507,validation
25508,test
25509,validation
25510,test
25511,test
25512,train
25513,train
25514,train
25515,train
25516,train
25517,test
25518,validation
25519,train
25520,test
25521,validation
25522,train
25523,validation
25524,validation
25525,train
25526,train
25527,train
25528,test
25529,validation
25530,train
25531,train
25532,train
25533,validation
25534,train
25535,train
25536,validation
25537,test
25538,test
25539,validation
25540,train
25541,test
25542,test
25543,train
25544,train
25545,validation
25546,train
25547,train
25548,train
25549,validation
25550,test
25551,test
25552,train
25553,test
25554,train
25555,train
25556,validation
25557,train
25558,train
25559,train
25560,validation
25561,test
25562,test
25563,validation
25564,train
25565,train
25566,train
25567,test
25568,train
25569,test
25570,train
25571,train
25572,test
25573,validation
25574,train
25575,train
25576,train
25577,train
25578,validation
25579,train
25580,train
25581,train
25582,train
25583,test
25584,test
25585,train
25586,test
25587,train
25588,test
25589,train
25590,test
25591,train
25592,validation
25593,train
25594,train
25595,train
25596,test
25597,validation
25598,train
25599,validation
25600,validation
25601,train
25602,train
25603,train
25604,validation
25605,train
25606,train
25607,train
25608,validation
25609,train
25610,validation
25611,train
25612,train
25613,validation
25614,train
25615,test
25616,validation
25617,validation
25618,train
25619,train
25620,validation
25621,train
25622,train
25623,train
25624,train
25625,train
25626,train
25627,test
25628,train
25629,train
25630,train
25631,train
25632,validation
25633,train
25634,train
25635,train
25636,train
25637,test
25638,test
25639,train
25640,test
25641,validation
25642,train
25643,validation
25644,train
25645,train
25646,test
25647,validation
25648,validation
25649,test
25650,test
25651,test
25652,train
25653,train
25654,train
25655,test
25656,train
25657,train
25658,validation
25659,train
25660,test
25661,train
25662,validation
25663,train
25664,train
25665,train
25666,test
25667,train
25668,validation
25669,train
25670,validation
25671,train
25672,validation
25673,train
25674,train
25675,train
25676,train
25677,train
25678,test
25679,train
25680,train
25681,train
25682,train
25683,train
25684,train
25685,train
25686,validation
25687,train
25688,train
25689,train
25690,validation
25691,test
25692,test
25693,train
25694,train
25695,train
25696,train
25697,train
25698,train
25699,test
25700,test
25701,test
25702,train
25703,test
25704,validation
25705,train
25706,validation
25707,test
25708,train
25709,validation
25710,validation
25711,test
25712,train
25713,test
25714,test
25715,train
25716,train
25717,test
25718,train
25719,train
25720,train
25721,train
25722,train
25723,validation
25724,train
25725,train
25726,test
25727,train
25728,train
25729,train
25730,validation
25731,validation
25732,train
25733,validation
25734,train
25735,test
25736,test
25737,test
25738,train
25739,train
25740,train
25741,train
25742,train
25743,train
25744,train
25745,train
25746,train
25747,validation
25748,train
25749,train
25750,train
25751,test
25752,test
25753,train
25754,validation
25755,train
25756,train
25757,train
25758,train
25759,train
25760,test
25761,train
25762,validation
25763,validation
25764,train
25765,test
25766,train
25767,train
25768,test
25769,train
25770,train
25771,test
25772,validation
25773,train
25774,train
25775,validation
25776,train
25777,train
25778,train
25779,validation
25780,validation
25781,test
25782,validation
25783,train
25784,train
25785,train
25786,train
25787,validation
25788,validation
25789,train
25790,test
25791,train
25792,train
25793,validation
25794,train
25795,train
25796,train
25797,train
25798,test
25799,test
25800,train
25801,train
25802,train
25803,test
25804,train
25805,train
25806,train
25807,test
25808,train
25809,validation
25810,validation
25811,test
25812,train
25813,train
25814,validation
25815,train
25816,train
25817,train
25818,train
25819,train
25820,train
25821,validation
25822,train
25823,validation
25824,validation
25825,train
25826,train
25827,test
25828,train
25829,test
25830,train
25831,train
25832,train
25833,train
25834,test
25835,validation
25836,train
25837,train
25838,test
25839,train
25840,train
25841,train
25842,train
25843,train
25844,validation
25845,test
25846,train
25847,validation
25848,validation
25849,train
25850,validation
25851,train
25852,test
25853,train
25854,validation
25855,test
25856,validation
25857,validation
25858,train
25859,train
25860,train
25861,validation
25862,train
25863,train
25864,train
25865,train
25866,train
25867,validation
25868,train
25869,validation
25870,train
25871,train
25872,validation
25873,train
25874,train
25875,train
25876,train
25877,train
25878,train
25879,train
25880,train
25881,validation
25882,test
25883,test
25884,train
25885,validation
25886,validation
25887,train
25888,train
25889,train
25890,validation
25891,train
25892,validation
25893,test
25894,train
25895,test
25896,train
25897,test
25898,train
25899,train
25900,train
25901,train
25902,train
25903,train
25904,test
25905,train
25906,train
25907,train
25908,train
25909,validation
25910,train
25911,train
25912,validation
25913,train
25914,train
25915,train
25916,train
25917,validation
25918,train
25919,train
25920,train
25921,validation
25922,validation
25923,test
25924,test
25925,train
25926,validation
25927,train
25928,test
25929,train
25930,train
25931,train
25932,validation
25933,validation
25934,train
25935,validation
25936,train
25937,validation
25938,train
25939,test
25940,train
25941,validation
25942,train
25943,test
25944,test
25945,test
25946,train
25947,train
25948,train
25949,train
25950,train
25951,train
25952,train
25953,train
25954,train
25955,train
25956,train
25957,train
25958,validation
25959,validation
25960,validation
25961,test
25962,validation
25963,test
25964,train
25965,validation
25966,train
25967,validation
25968,train
25969,validation
25970,train
25971,validation
25972,test
25973,validation
25974,train
25975,train
25976,train
25977,test
25978,train
25979,test
25980,train
25981,train
25982,validation
25983,train
25984,train
25985,train
25986,train
25987,train
25988,train
25989,train
25990,test
25991,train
25992,train
25993,train
25994,train
25995,train
25996,train
25997,train
25998,train
25999,train
26000,train
26001,train
26002,validation
26003,train
26004,train
26005,test
26006,train
26007,test
26008,train
26009,validation
26010,test
26011,train
26012,test
26013,train
26014,validation
26015,test
26016,train
26017,test
26018,test
26019,train
26020,validation
26021,train
26022,train
26023,train
26024,train
26025,train
26026,validation
26027,train
26028,train
26029,train
26030,train
26031,train
26032,validation
26033,train
26034,validation
26035,train
26036,train
26037,validation
26038,test
26039,train
26040,train
26041,validation
26042,train
26043,test
26044,validation
26045,train
26046,train
26047,train
26048,validation
26049,train
26050,train
26051,train
26052,validation
26053,validation
26054,train
26055,train
26056,train
26057,train
26058,validation
26059,validation
26060,train
26061,validation
26062,validation
26063,train
26064,test
26065,train
26066,train
26067,test
26068,test
26069,test
26070,test
26071,test
26072,train
26073,validation
26074,train
26075,train
26076,train
26077,test
26078,train
26079,train
26080,validation
26081,train
26082,test
26083,train
26084,test
26085,train
26086,validation
26087,train
26088,test
26089,train
26090,train
26091,test
26092,validation
26093,test
26094,train
26095,train
26096,train
26097,test
26098,train
26099,test
26100,test
26101,validation
26102,train
26103,train
26104,test
26105,validation
26106,train
26107,train
26108,validation
26109,test
26110,validation
26111,train
26112,test
26113,test
26114,train
26115,validation
26116,train
26117,train
26118,train
26119,validation
26120,train
26121,train
26122,train
26123,train
26124,train
26125,train
26126,train
26127,train
26128,train
26129,validation
26130,train
26131,train
26132,validation
26133,test
26134,validation
26135,train
26136,train
26137,test
26138,train
26139,validation
26140,test
26141,validation
26142,train
26143,train
26144,train
26145,train
26146,train
26147,train
26148,train
26149,train
26150,train
26151,validation
26152,test
26153,validation
26154,test
26155,train
26156,test
26157,train
26158,validation
26159,train
26160,validation
26161,train
26162,train
26163,train
26164,validation
26165,train
26166,train
26167,train
26168,test
26169,test
26170,test
26171,train
26172,test
26173,train
26174,validation
26175,train
26176,train
26177,train
26178,train
26179,train
26180,train
26181,train
26182,train
26183,train
26184,train
26185,test
26186,validation
26187,test
26188,validation
26189,train
26190,test
26191,validation
26192,train
26193,test
26194,test
26195,train
26196,test
26197,validation
26198,train
26199,train
26200,test
26201,train
26202,test
26203,test
26204,validation
26205,validation
26206,train
26207,validation
26208,test
26209,train
26210,train
26211,train
26212,train
26213,train
26214,train
26215,train
26216,train
26217,validation
26218,train
26219,train
26220,test
26221,validation
26222,validation
26223,train
26224,test
26225,train
26226,train
26227,validation
26228,train
26229,train
26230,train
26231,train
26232,train
26233,test
26234,train
26235,train
26236,train
26237,train
26238,train
26239,train
26240,train
26241,train
26242,validation
26243,train
26244,train
26245,train
26246,train
26247,train
26248,train
26249,test
26250,train
26251,train
26252,validation
26253,test
26254,test
26255,test
26256,train
26257,test
26258,validation
26259,validation
26260,test
26261,validation
26262,train
26263,test
26264,train
26265,train
26266,test
26267,train
26268,train
26269,train
26270,train
26271,train
26272,train
26273,test
26274,train
26275,validation
26276,train
26277,train
26278,train
26279,train
26280,train
26281,validation
26282,train
26283,test
26284,test
26285,train
26286,train
26287,validation
26288,test
26289,train
26290,validation
26291,validation
26292,validation
26293,train
26294,train
26295,train
26296,train
26297,train
26298,train
26299,train
26300,train
26301,train
26302,train
26303,validation
26304,train
26305,train
26306,train
26307,test
26308,train
26309,test
26310,train
26311,train
26312,test
26313,train
26314,validation
26315,validation
26316,train
26317,validation
26318,validation
26319,train
26320,train
26321,train
26322,train
26323,test
26324,train
26325,train
26326,validation
26327,train
26328,test
26329,test
26330,train
26331,train
26332,train
26333,train
26334,test
26335,train
26336,validation
26337,train
26338,train
26339,train
26340,train
26341,train
26342,test
26343,train
26344,train
26345,validation
26346,train
26347,train
26348,validation
26349,train
26350,train
26351,train
26352,train
26353,train
26354,train
26355,train
26356,validation
26357,test
26358,train
26359,test
26360,train
26361,train
26362,train
26363,train
26364,validation
26365,train
26366,train
26367,train
26368,validation
26369,test
26370,validation
26371,train
26372,train
26373,validation
26374,train
26375,train
26376,test
26377,train
26378,train
26379,train
26380,test
26381,train
26382,train
26383,train
26384,train
26385,train
26386,test
26387,test
26388,train
26389,train
26390,train
26391,train
26392,train
26393,train
26394,validation
26395,validation
26396,validation
26397,train
26398,validation
26399,train
26400,train
26401,train
26402,train
26403,train
26404,train
26405,train
26406,train
26407,validation
26408,train
26409,test
26410,train
26411,train
26412,test
26413,train
26414,train
26415,train
26416,validation
26417,test
26418,train
26419,validation
26420,validation
26421,train
26422,train
26423,validation
26424,train
26425,validation
26426,test
26427,train
26428,test
26429,train
26430,test
26431,validation
26432,train
26433,validation
26434,train
26435,train
26436,test
26437,train
26438,test
26439,train
26440,validation
26441,test
26442,validation
26443,train
26444,train
26445,train
26446,train
26447,train
26448,train
26449,train
26450,train
26451,train
26452,test
26453,test
26454,validation
26455,test
26456,train
26457,test
26458,train
26459,validation
26460,train
26461,validation
26462,train
26463,train
26464,validation
26465,train
26466,test
26467,train
26468,validation
26469,test
26470,train
26471,train
26472,train
26473,train
26474,train
26475,train
26476,validation
26477,train
26478,validation
26479,train
26480,train
26481,train
26482,train
26483,train
26484,train
26485,validation
26486,test
26487,test
26488,validation
26489,test
26490,train
26491,validation
26492,train
26493,train
26494,train
26495,validation
26496,train
26497,train
26498,test
26499,train
26500,train
26501,validation
26502,validation
26503,test
26504,test
26505,validation
26506,test
26507,train
26508,train
26509,train
26510,validation
26511,train
26512,train
26513,test
26514,test
26515,train
26516,train
26517,train
26518,test
26519,train
26520,validation
26521,test
26522,validation
26523,train
26524,test
26525,validation
26526,train
26527,train
26528,validation
26529,train
26530,test
26531,train
26532,train
26533,train
26534,train
26535,train
26536,train
26537,train
26538,train
26539,train
26540,train
26541,train
26542,train
26543,validation
26544,train
26545,train
26546,train
26547,train
26548,validation
26549,validation
26550,test
26551,test
26552,validation
26553,train
26554,validation
26555,test
26556,test
26557,train
26558,train
26559,train
26560,train
26561,train
26562,train
26563,train
26564,train
26565,test
26566,train
26567,test
26568,train
26569,validation
26570,validation
26571,validation
26572,train
26573,validation
26574,train
26575,validation
26576,train
26577,validation
26578,train
26579,validation
26580,validation
26581,validation
26582,train
26583,train
26584,test
26585,train
26586,train
26587,train
26588,validation
26589,train
26590,validation
26591,test
26592,train
26593,train
26594,train
26595,test
26596,train
26597,validation
26598,train
26599,train
26600,train
26601,validation
26602,test
26603,train
26604,train
26605,train
26606,train
26607,train
26608,test
26609,train
26610,test
26611,train
26612,validation
26613,validation
26614,train
26615,validation
26616,train
26617,train
26618,train
26619,validation
26620,test
26621,train
26622,validation
26623,test
26624,train
26625,test
26626,test
26627,test
26628,train
26629,train
26630,train
26631,validation
26632,train
26633,train
26634,validation
26635,train
26636,test
26637,train
26638,validation
26639,test
26640,test
26641,validation
26642,train
26643,train
26644,test
26645,test
26646,train
26647,validation
26648,test
26649,test
26650,train
26651,train
26652,validation
26653,train
26654,train
26655,train
26656,train
26657,test
26658,train
26659,test
26660,train
26661,train
26662,test
26663,train
26664,train
26665,train
26666,test
26667,train
26668,validation
26669,train
26670,validation
26671,train
26672,train
26673,train
26674,train
26675,train
26676,validation
26677,validation
26678,validation
26679,validation
26680,test
26681,train
26682,test
26683,validation
26684,test
26685,train
26686,test
26687,train
26688,validation
26689,train
26690,validation
26691,train
26692,train
26693,train
26694,train
26695,train
26696,train
26697,validation
26698,validation
26699,train
26700,train
26701,validation
26702,validation
26703,validation
26704,train
26705,train
26706,test
26707,train
26708,train
26709,test
26710,train
26711,train
26712,train
26713,train
26714,test
26715,test
26716,test
26717,test
26718,train
26719,train
26720,validation
26721,test
26722,train
26723,train
26724,train
26725,validation
26726,validation
26727,train
26728,train
26729,train
26730,train
26731,test
26732,validation
26733,train
26734,train
26735,validation
26736,test
26737,train
26738,train
26739,train
26740,validation
26741,test
26742,train
26743,train
26744,train
26745,train
26746,validation
26747,train
26748,test
26749,train
26750,train
26751,validation
26752,train
26753,validation
26754,test
26755,test
26756,train
26757,validation
26758,train
26759,train
26760,test
26761,test
26762,train
26763,test
26764,train
26765,train
26766,test
26767,train
26768,validation
26769,train
26770,test
26771,train
26772,train
26773,train
26774,test
26775,train
26776,validation
26777,train
26778,train
26779,train
26780,test
26781,test
26782,train
26783,train
26784,test
26785,train
26786,validation
26787,test
26788,validation
26789,test
26790,train
26791,test
26792,train
26793,test
26794,test
26795,validation
26796,validation
26797,train
26798,train
26799,train
26800,train
26801,train
26802,train
26803,test
26804,train
26805,train
26806,train
26807,train
26808,test
26809,validation
26810,test
26811,test
26812,test
26813,test
26814,test
26815,test
26816,train
26817,train
26818,test
26819,validation
26820,train
26821,train
26822,train
26823,test
26824,train
26825,validation
26826,train
26827,validation
26828,train
26829,train
26830,test
26831,test
26832,validation
26833,train
26834,train
26835,train
26836,train
26837,train
26838,validation
26839,train
26840,test
26841,train
26842,validation
26843,train
26844,validation
26845,test
26846,test
26847,train
26848,train
26849,test
26850,train
26851,train
26852,test
26853,train
26854,train
26855,train
26856,train
26857,validation
26858,validation
26859,test
26860,train
26861,train
26862,train
26863,train
26864,train
26865,train
26866,validation
26867,train
26868,train
26869,train
26870,train
26871,train
26872,validation
26873,validation
26874,train
26875,test
26876,train
26877,train
26878,train
26879,train
26880,train
26881,train
26882,train
26883,train
26884,train
26885,train
26886,validation
26887,test
26888,train
26889,train
26890,train
26891,train
26892,validation
26893,train
26894,test
26895,train
26896,train
26897,train
26898,train
26899,train
26900,validation
26901,validation
26902,train
26903,validation
26904,validation
26905,train
26906,test
26907,train
26908,test
26909,train
26910,train
26911,test
26912,validation
26913,train
26914,test
26915,train
26916,train
26917,train
26918,train
26919,train
26920,test
26921,train
26922,train
26923,validation
26924,train
26925,validation
26926,train
26927,train
26928,train
26929,train
26930,test
26931,train
26932,train
26933,train
26934,test
26935,validation
26936,train
26937,test
26938,validation
26939,train
26940,validation
26941,test
26942,validation
26943,train
26944,train
26945,train
26946,train
26947,train
26948,train
26949,validation
26950,test
26951,validation
26952,train
26953,train
26954,train
26955,train
26956,train
26957,validation
26958,test
26959,train
26960,validation
26961,train
26962,test
26963,train
26964,train
26965,train
26966,train
26967,train
26968,validation
26969,train
26970,validation
26971,train
26972,train
26973,train
26974,train
26975,test
26976,train
26977,train
26978,test
26979,validation
26980,test
26981,train
26982,train
26983,test
26984,test
26985,validation
26986,train
26987,train
26988,train
26989,train
26990,train
26991,validation
26992,train
26993,train
26994,test
26995,train
26996,train
26997,validation
26998,train
26999,validation
27000,train
27001,validation
27002,validation
27003,train
27004,validation
27005,train
27006,validation
27007,train
27008,train
27009,test
27010,train
27011,test
27012,validation
27013,test
27014,test
27015,validation
27016,train
27017,validation
27018,validation
27019,train
27020,train
27021,train
27022,train
27023,validation
27024,train
27025,train
27026,train
27027,train
27028,validation
27029,train
27030,train
27031,train
27032,train
27033,test
27034,train
27035,train
27036,test
27037,train
27038,train
27039,train
27040,validation
27041,test
27042,test
27043,train
27044,train
27045,validation
27046,train
27047,train
27048,train
27049,validation
27050,train
27051,train
27052,train
27053,train
27054,train
27055,train
27056,test
27057,train
27058,train
27059,train
27060,train
27061,validation
27062,train
27063,test
27064,train
27065,train
27066,train
27067,train
27068,test
27069,train
27070,test
27071,test
27072,train
27073,validation
27074,train
27075,validation
27076,train
27077,train
27078,train
27079,train
27080,validation
27081,train
27082,train
27083,validation
27084,train
27085,train
27086,test
27087,train
27088,train
27089,validation
27090,train
27091,train
27092,test
27093,train
27094,test
27095,validation
27096,validation
27097,train
27098,train
27099,validation
27100,train
27101,test
27102,train
27103,test
27104,train
27105,train
27106,train
27107,train
27108,train
27109,train
27110,test
27111,train
27112,train
27113,train
27114,train
27115,train
27116,train
27117,train
27118,test
27119,validation
27120,validation
27121,train
27122,train
27123,validation
27124,test
27125,train
27126,train
27127,train
27128,train
27129,train
27130,test
27131,validation
27132,train
27133,test
27134,test
27135,train
27136,train
27137,validation
27138,train
27139,test
27140,train
27141,validation
27142,validation
27143,train
27144,train
27145,test
27146,test
27147,validation
27148,train
27149,train
27150,train
27151,train
27152,train
27153,validation
27154,train
27155,validation
27156,train
27157,train
27158,train
27159,train
27160,train
27161,train
27162,validation
27163,validation
27164,validation
27165,train
27166,test
27167,train
27168,test
27169,train
27170,validation
27171,train
27172,test
27173,train
27174,train
27175,train
27176,train
27177,test
27178,train
27179,train
27180,train
27181,train
27182,train
27183,test
27184,train
27185,train
27186,train
27187,test
27188,train
27189,train
27190,validation
27191,train
27192,validation
27193,train
27194,train
27195,test
27196,train
27197,train
27198,test
27199,train
27200,train
27201,train
27202,test
27203,validation
27204,validation
27205,validation
27206,test
27207,train
27208,validation
27209,train
27210,train
27211,test
27212,validation
27213,validation
27214,train
27215,train
27216,train
27217,train
27218,validation
27219,train
27220,test
27221,train
27222,test
27223,validation
27224,train
27225,train
27226,train
27227,validation
27228,train
27229,train
27230,train
27231,validation
27232,train
27233,train
27234,validation
27235,train
27236,train
27237,validation
27238,test
27239,train
27240,validation
27241,test
27242,train
27243,validation
27244,test
27245,train
27246,validation
27247,train
27248,validation
27249,train
27250,train
27251,train
27252,train
27253,test
27254,train
27255,test
27256,test
27257,validation
27258,train
27259,train
27260,test
27261,test
27262,train
27263,train
27264,train
27265,train
27266,train
27267,test
27268,train
27269,train
27270,train
27271,train
27272,train
27273,train
27274,train
27275,train
27276,test
27277,train
27278,validation
27279,train
27280,train
27281,train
27282,train
27283,train
27284,validation
27285,validation
27286,test
27287,validation
27288,validation
27289,test
27290,train
27291,test
27292,train
27293,train
27294,validation
27295,train
27296,train
27297,train
27298,test
27299,train
27300,train
27301,train
27302,validation
27303,validation
27304,train
27305,train
27306,validation
27307,train
27308,validation
27309,validation
27310,train
27311,test
27312,test
27313,train
27314,train
27315,validation
27316,test
27317,validation
27318,train
27319,train
27320,validation
27321,validation
27322,train
27323,train
27324,train
27325,validation
27326,train
27327,train
27328,train
27329,validation
27330,validation
27331,train
27332,train
27333,train
27334,train
27335,train
27336,train
27337,train
27338,train
27339,train
27340,validation
27341,test
27342,validation
27343,test
27344,train
27345,test
27346,train
27347,validation
27348,validation
27349,train
27350,train
27351,test
27352,test
27353,test
27354,train
27355,test
27356,train
27357,train
27358,train
27359,validation
27360,train
27361,test
27362,train
27363,train
27364,test
27365,test
27366,validation
27367,train
27368,train
27369,validation
27370,train
27371,validation
27372,train
27373,train
27374,train
27375,train
27376,test
27377,validation
27378,test
27379,validation
27380,train
27381,train
27382,train
27383,train
27384,train
27385,validation
27386,validation
27387,train
27388,test
27389,test
27390,train
27391,train
27392,train
27393,train
27394,validation
27395,train
27396,test
27397,validation
27398,train
27399,train
27400,validation
27401,train
27402,train
27403,train
27404,validation
27405,train
27406,validation
27407,train
27408,train
27409,train
27410,test
27411,train
27412,validation
27413,validation
27414,train
27415,test
27416,train
27417,validation
27418,validation
27419,validation
27420,train
27421,train
27422,test
27423,test
27424,train
27425,train
27426,test
27427,train
27428,test
27429,train
27430,train
27431,train
27432,validation
27433,test
27434,train
27435,train
27436,test
27437,train
27438,train
27439,train
27440,train
27441,validation
27442,test
27443,train
27444,test
27445,train
27446,validation
27447,test
27448,test
27449,train
27450,train
27451,train
27452,train
27453,test
27454,test
27455,validation
27456,train
27457,train
27458,train
27459,test
27460,train
27461,train
27462,validation
27463,test
27464,train
27465,train
27466,train
27467,train
27468,validation
27469,validation
27470,train
27471,train
27472,validation
27473,train
27474,test
27475,train
27476,train
27477,test
27478,test
27479,train
27480,train
27481,test
27482,validation
27483,test
27484,train
27485,train
27486,validation
27487,train
27488,validation
27489,test
27490,train
27491,train
27492,train
27493,train
27494,test
27495,validation
27496,validation
27497,validation
27498,validation
27499,validation
27500,train
27501,test
27502,validation
27503,train
27504,test
27505,train
27506,test
27507,train
27508,train
27509,train
27510,train
27511,test
27512,train
27513,train
27514,train
27515,test
27516,validation
27517,test
27518,train
27519,validation
27520,train
27521,train
27522,train
27523,test
27524,test
27525,validation
27526,train
27527,train
27528,train
27529,train
27530,train
27531,validation
27532,train
27533,train
27534,train
27535,test
27536,test
27537,train
27538,validation
27539,train
27540,validation
27541,test
27542,train
27543,train
27544,train
27545,validation
27546,train
27547,test
27548,test
27549,test
27550,train
27551,test
27552,train
27553,train
27554,train
27555,train
27556,test
27557,validation
27558,train
27559,train
27560,validation
27561,validation
27562,train
27563,validation
27564,validation
27565,train
27566,train
27567,train
27568,validation
27569,train
27570,validation
27571,validation
27572,train
27573,validation
27574,train
27575,train
27576,train
27577,validation
27578,train
27579,train
27580,validation
27581,train
27582,validation
27583,train
27584,validation
27585,validation
27586,train
27587,test
27588,train
27589,validation
27590,train
27591,validation
27592,train
27593,validation
27594,train
27595,test
27596,train
27597,test
27598,train
27599,train
27600,train
27601,train
27602,train
27603,validation
27604,train
27605,train
27606,train
27607,validation
27608,train
27609,test
27610,train
27611,validation
27612,train
27613,train
27614,train
27615,train
27616,train
27617,train
27618,validation
27619,train
27620,train
27621,test
27622,train
27623,test
27624,validation
27625,train
27626,test
27627,validation
27628,test
27629,train
27630,train
27631,test
27632,test
27633,train
27634,train
27635,train
27636,validation
27637,train
27638,test
27639,train
27640,train
27641,validation
27642,train
27643,train
27644,train
27645,validation
27646,train
27647,validation
27648,test
27649,train
27650,validation
27651,test
27652,train
27653,train
27654,train
27655,train
27656,train
27657,train
27658,validation
27659,train
27660,validation
27661,validation
27662,train
27663,validation
27664,train
27665,train
27666,test
27667,validation
27668,test
27669,train
27670,test
27671,validation
27672,train
27673,train
27674,train
27675,train
27676,test
27677,train
27678,train
27679,train
27680,train
27681,test
27682,test
27683,train
27684,test
27685,validation
27686,test
27687,validation
27688,validation
27689,validation
27690,train
27691,train
27692,test
27693,train
27694,train
27695,validation
27696,validation
27697,test
27698,train
27699,train
27700,validation
27701,train
27702,test
27703,validation
27704,train
27705,test
27706,train
27707,train
27708,train
27709,validation
27710,train
27711,train
27712,test
27713,train
27714,validation
27715,validation
27716,train
27717,train
27718,validation
27719,train
27720,train
27721,train
27722,validation
27723,test
27724,validation
27725,train
27726,train
27727,train
27728,validation
27729,train
27730,train
27731,validation
27732,test
27733,train
27734,train
27735,test
27736,validation
27737,train
27738,test
27739,train
27740,test
27741,train
27742,train
27743,validation
27744,validation
27745,train
27746,train
27747,test
27748,train
27749,test
27750,train
27751,validation
27752,train
27753,train
27754,validation
27755,train
27756,test
27757,test
27758,train
27759,train
27760,test
27761,train
27762,train
27763,train
27764,validation
27765,validation
27766,train
27767,train
27768,train
27769,validation
27770,validation
27771,test
27772,validation
27773,validation
27774,train
27775,train
27776,train
27777,validation
27778,test
27779,validation
27780,validation
27781,train
27782,train
27783,train
27784,test
27785,test
27786,test
27787,train
27788,test
27789,train
27790,validation
27791,test
27792,validation
27793,validation
27794,train
27795,test
27796,validation
27797,test
27798,validation
27799,train
27800,train
27801,validation
27802,validation
27803,train
27804,train
27805,train
27806,train
27807,train
27808,train
27809,train
27810,train
27811,validation
27812,train
27813,train
27814,validation
27815,test
27816,train
27817,train
27818,validation
27819,train
27820,train
27821,train
27822,train
27823,train
27824,train
27825,validation
27826,train
27827,test
27828,validation
27829,train
27830,test
27831,test
27832,validation
27833,train
27834,train
27835,test
27836,train
27837,train
27838,train
27839,train
27840,train
27841,test
27842,test
27843,train
27844,train
27845,train
27846,validation
27847,train
27848,train
27849,train
27850,train
27851,test
27852,test
27853,validation
27854,train
27855,train
27856,validation
27857,train
27858,validation
27859,validation
27860,validation
27861,train
27862,validation
27863,validation
27864,train
27865,test
27866,test
27867,train
27868,train
27869,validation
27870,train
27871,train
27872,train
27873,train
27874,test
27875,train
27876,train
27877,train
27878,train
27879,train
27880,validation
27881,validation
27882,train
27883,validation
27884,test
27885,test
27886,validation
27887,train
27888,validation
27889,train
27890,train
27891,test
27892,test
27893,train
27894,train
27895,train
27896,train
27897,train
27898,train
27899,train
27900,test
27901,test
27902,train
27903,train
27904,validation
27905,train
27906,validation
27907,validation
27908,train
27909,train
27910,train
27911,validation
27912,train
27913,train
27914,train
27915,train
27916,train
27917,train
27918,train
27919,validation
27920,test
27921,train
27922,train
27923,validation
27924,train
27925,test
27926,test
27927,train
27928,validation
27929,test
27930,train
27931,train
27932,validation
27933,validation
27934,train
27935,train
27936,validation
27937,test
27938,train
27939,train
27940,test
27941,train
27942,test
27943,train
27944,test
27945,train
27946,train
27947,train
27948,test
27949,validation
27950,train
27951,train
27952,train
27953,train
27954,test
27955,train
27956,validation
27957,train
27958,train
27959,test
27960,train
27961,train
27962,train
27963,train
27964,train
27965,test
27966,train
27967,test
27968,train
27969,train
27970,train
27971,validation
27972,train
27973,train
27974,train
27975,train
27976,validation
27977,train
27978,train
27979,test
27980,train
27981,test
27982,test
27983,validation
27984,train
27985,train
27986,train
27987,test
27988,train
27989,train
27990,validation
27991,validation
27992,train
27993,test
27994,train
27995,train
27996,train
27997,test
27998,validation
27999,validation
28000,validation
28001,train
28002,test
28003,test
28004,test
28005,train
28006,train
28007,test
28008,test
28009,test
28010,test
28011,train
28012,train
28013,validation
28014,train
28015,train
28016,validation
28017,train
28018,test
28019,train
28020,train
28021,train
28022,train
28023,train
28024,train
28025,train
28026,test
28027,train
28028,test
28029,train
28030,train
28031,validation
28032,test
28033,validation
28034,train
28035,train
28036,train
28037,validation
28038,train
28039,train
28040,test
28041,train
28042,train
28043,train
28044,validation
28045,validation
28046,train
28047,test
28048,train
28049,validation
28050,test
28051,train
28052,test
28053,train
28054,train
28055,train
28056,train
28057,train
28058,train
28059,train
28060,train
28061,validation
28062,train
28063,validation
28064,train
28065,test
28066,train
28067,test
28068,test
28069,validation
28070,train
28071,train
28072,validation
28073,validation
28074,validation
28075,train
28076,validation
28077,validation
28078,train
28079,validation
28080,train
28081,validation
28082,train
28083,validation
28084,train
28085,train
28086,train
28087,train
28088,validation
28089,validation
28090,train
28091,validation
28092,validation
28093,validation
28094,validation
28095,test
28096,test
28097,train
28098,test
28099,train
28100,validation
28101,test
28102,train
28103,train
28104,train
28105,train
28106,validation
28107,train
28108,train
28109,test
28110,train
28111,test
28112,test
28113,train
28114,test
28115,validation
28116,train
28117,train
28118,train
28119,test
28120,train
28121,train
28122,train
28123,train
28124,validation
28125,test
28126,train
28127,train
28128,train
28129,validation
28130,test
28131,train
28132,train
28133,validation
28134,test
28135,test
28136,validation
28137,train
28138,train
28139,train
28140,test
28141,test
28142,validation
28143,test
28144,train
28145,validation
28146,test
28147,test
28148,train
28149,train
28150,train
28151,test
28152,validation
28153,train
28154,train
28155,validation
28156,validation
28157,test
28158,test
28159,test
28160,train
28161,train
28162,validation
28163,train
28164,validation
28165,train
28166,train
28167,train
28168,train
28169,train
28170,train
28171,train
28172,test
28173,train
28174,validation
28175,train
28176,test
28177,train
28178,train
28179,train
28180,train
28181,validation
28182,train
28183,train
28184,train
28185,validation
28186,test
28187,train
28188,train
28189,validation
28190,validation
28191,test
28192,validation
28193,test
28194,train
28195,validation
28196,test
28197,train
28198,train
28199,test
28200,train
28201,train
28202,train
28203,validation
28204,train
28205,train
28206,test
28207,train
28208,validation
28209,train
28210,train
28211,test
28212,validation
28213,train
28214,validation
28215,test
28216,validation
28217,train
28218,train
28219,validation
28220,test
28221,test
28222,train
28223,train
28224,train
28225,test
28226,train
28227,train
28228,train
28229,train
28230,test
28231,train
28232,test
28233,train
28234,test
28235,test
28236,validation
28237,train
28238,train
28239,train
28240,train
28241,train
28242,train
28243,test
28244,train
28245,train
28246,train
28247,validation
28248,train
28249,validation
28250,validation
28251,train
28252,train
28253,train
28254,train
28255,train
28256,validation
28257,train
28258,train
28259,train
28260,train
28261,train
28262,train
28263,test
28264,test
28265,train
28266,train
28267,train
28268,train
28269,train
28270,validation
28271,train
28272,train
28273,train
28274,train
28275,train
28276,validation
28277,validation
28278,validation
28279,train
28280,validation
28281,train
28282,validation
28283,train
28284,train
28285,validation
28286,test
28287,train
28288,train
28289,train
28290,train
28291,validation
28292,test
28293,validation
28294,train
28295,test
28296,train
28297,train
28298,train
28299,train
28300,train
28301,train
28302,train
28303,validation
28304,validation
28305,train
28306,train
28307,train
28308,train
28309,test
28310,validation
28311,train
28312,train
28313,test
28314,train
28315,train
28316,validation
28317,test
28318,train
28319,validation
28320,train
28321,validation
28322,test
28323,train
28324,validation
28325,train
28326,validation
28327,train
28328,train
28329,train
28330,train
28331,test
28332,train
28333,train
28334,test
28335,validation
28336,validation
28337,train
28338,train
28339,train
28340,validation
28341,train
28342,train
28343,test
28344,validation
28345,validation
28346,test
28347,train
28348,train
28349,train
28350,test
28351,test
28352,validation
28353,test
28354,train
28355,validation
28356,test
28357,train
28358,train
28359,train
28360,validation
28361,train
28362,validation
28363,train
28364,train
28365,train
28366,train
28367,train
28368,train
28369,train
28370,validation
28371,test
28372,test
28373,test
28374,train
28375,train
28376,train
28377,validation
28378,train
28379,test
28380,train
28381,train
28382,train
28383,train
28384,train
28385,train
28386,validation
28387,validation
28388,train
28389,validation
28390,train
28391,train
28392,train
28393,validation
28394,test
28395,train
28396,validation
28397,train
28398,train
28399,test
28400,test
28401,train
28402,validation
28403,train
28404,train
28405,validation
28406,train
28407,train
28408,test
28409,train
28410,train
28411,train
28412,test
28413,train
28414,train
28415,train
28416,train
28417,train
28418,train
28419,validation
28420,train
28421,test
28422,train
28423,train
28424,train
28425,validation
28426,train
28427,train
28428,validation
28429,train
28430,train
28431,test
28432,train
28433,test
28434,validation
28435,train
28436,train
28437,train
28438,train
28439,train
28440,test
28441,train
28442,test
28443,test
28444,train
28445,test
28446,test
28447,train
28448,train
28449,train
28450,validation
28451,validation
28452,test
28453,test
28454,train
28455,train
28456,train
28457,test
28458,train
28459,train
28460,train
28461,train
28462,validation
28463,train
28464,validation
28465,validation
28466,test
28467,train
28468,validation
28469,test
28470,train
28471,train
28472,test
28473,train
28474,validation
28475,train
28476,validation
28477,test
28478,train
28479,train
28480,validation
28481,train
28482,test
28483,validation
28484,validation
28485,validation
28486,train
28487,train
28488,train
28489,train
28490,test
28491,validation
28492,test
28493,train
28494,train
28495,test
28496,test
28497,train
28498,validation
28499,test
28500,test
28501,train
28502,test
28503,train
28504,validation
28505,validation
28506,train
28507,train
28508,train
28509,train
28510,train
28511,test
28512,test
28513,test
28514,train
28515,test
28516,test
28517,train
28518,train
28519,train
28520,train
28521,test
28522,train
28523,test
28524,validation
28525,train
28526,train
28527,test
28528,validation
28529,validation
28530,validation
28531,train
28532,test
28533,validation
28534,train
28535,train
28536,validation
28537,train
28538,train
28539,validation
28540,train
28541,train
28542,train
28543,validation
28544,train
28545,train
28546,validation
28547,train
28548,validation
28549,train
28550,train
28551,train
28552,test
28553,train
28554,test
28555,test
28556,train
28557,train
28558,test
28559,train
28560,train
28561,train
28562,validation
28563,validation
28564,validation
28565,train
28566,train
28567,train
28568,validation
28569,train
28570,train
28571,train
28572,train
28573,test
28574,test
28575,test
28576,train
28577,train
28578,validation
28579,train
28580,train
28581,train
28582,train
28583,train
28584,validation
28585,train
28586,validation
28587,train
28588,train
28589,train
28590,train
28591,train
28592,validation
28593,train
28594,train
28595,train
28596,train
28597,validation
28598,train
28599,train
28600,test
28601,train
28602,validation
28603,train
28604,train
28605,train
28606,train
28607,validation
28608,test
28609,train
28610,validation
28611,train
28612,train
28613,train
28614,validation
28615,train
28616,train
28617,train
28618,train
28619,train
28620,validation
28621,test
28622,validation
28623,test
28624,train
28625,test
28626,train
28627,validation
28628,train
28629,train
28630,train
28631,test
28632,test
28633,test
28634,train
28635,test
28636,test
28637,test
28638,train
28639,validation
28640,train
28641,test
28642,train
28643,validation
28644,train
28645,test
28646,test
28647,train
28648,validation
28649,validation
28650,test
28651,test
28652,validation
28653,train
28654,validation
28655,validation
28656,train
28657,train
28658,train
28659,test
28660,train
28661,validation
28662,train
28663,train
28664,test
28665,train
28666,train
28667,train
28668,train
28669,validation
28670,test
28671,train
28672,validation
28673,train
28674,train
28675,test
28676,test
28677,validation
28678,test
28679,train
28680,train
28681,train
28682,train
28683,train
28684,train
28685,train
28686,train
28687,validation
28688,validation
28689,test
28690,train
28691,train
28692,train
28693,validation
28694,train
28695,validation
28696,train
28697,test
28698,train
28699,test
28700,test
28701,test
28702,test
28703,train
28704,train
28705,validation
28706,train
28707,train
28708,validation
28709,train
28710,train
28711,train
28712,train
28713,train
28714,test
28715,validation
28716,train
28717,validation
28718,train
28719,train
28720,test
28721,train
28722,validation
28723,test
28724,validation
28725,train
28726,test
28727,train
28728,test
28729,test
28730,train
28731,train
28732,validation
28733,validation
28734,validation
28735,validation
28736,train
28737,train
28738,train
28739,train
28740,test
28741,train
28742,train
28743,validation
28744,test
28745,train
28746,train
28747,train
28748,train
28749,validation
28750,train
28751,validation
28752,train
28753,test
28754,validation
28755,test
28756,train
28757,validation
28758,validation
28759,test
28760,train
28761,train
28762,train
28763,train
28764,test
28765,train
28766,train
28767,train
28768,train
28769,validation
28770,train
28771,train
28772,test
28773,train
28774,test
28775,train
28776,validation
28777,test
28778,validation
28779,train
28780,train
28781,train
28782,validation
28783,train
28784,train
28785,validation
28786,train
28787,validation
28788,train
28789,train
28790,validation
28791,train
28792,validation
28793,train
28794,train
28795,validation
28796,validation
28797,train
28798,test
28799,train
28800,train
28801,train
28802,train
28803,test
28804,test
28805,train
28806,train
28807,test
28808,train
28809,test
28810,validation
28811,train
28812,train
28813,train
28814,validation
28815,test
28816,train
28817,validation
28818,train
28819,train
28820,test
28821,train
28822,validation
28823,test
28824,train
28825,train
28826,validation
28827,validation
28828,train
28829,train
28830,test
28831,train
28832,train
28833,test
28834,train
28835,train
28836,test
28837,train
28838,test
28839,train
28840,validation
28841,train
28842,train
28843,test
28844,train
28845,train
28846,test
28847,train
28848,test
28849,train
28850,validation
28851,test
28852,train
28853,train
28854,validation
28855,test
28856,train
28857,train
28858,train
28859,train
28860,train
28861,test
28862,train
28863,test
28864,train
28865,train
28866,train
28867,train
28868,train
28869,validation
28870,train
28871,test
28872,train
28873,train
28874,train
28875,train
28876,validation
28877,train
28878,test
28879,train
28880,validation
28881,train
28882,train
28883,test
28884,train
28885,train
28886,validation
28887,train
28888,train
28889,validation
28890,train
28891,train
28892,train
28893,train
28894,test
28895,train
28896,validation
28897,validation
28898,test
28899,test
28900,train
28901,validation
28902,validation
28903,train
28904,validation
28905,train
28906,train
28907,train
28908,train
28909,validation
28910,train
28911,validation
28912,test
28913,train
28914,validation
28915,validation
28916,test
28917,validation
28918,train
28919,test
28920,test
28921,test
28922,train
28923,train
28924,train
28925,train
28926,train
28927,train
28928,test
28929,train
28930,train
28931,validation
28932,train
28933,train
28934,train
28935,validation
28936,train
28937,test
28938,validation
28939,test
28940,validation
28941,train
28942,validation
28943,train
28944,validation
28945,train
28946,validation
28947,test
28948,train
28949,test
28950,train
28951,validation
28952,validation
28953,validation
28954,train
28955,train
28956,test
28957,train
28958,validation
28959,train
28960,train
28961,train
28962,test
28963,train
28964,validation
28965,train
28966,train
28967,test
28968,validation
28969,train
28970,validation
28971,train
28972,test
28973,test
28974,train
28975,train
28976,validation
28977,train
28978,validation
28979,train
28980,train
28981,train
28982,validation
28983,test
28984,validation
28985,validation
28986,train
28987,train
28988,test
28989,train
28990,test
28991,train
28992,validation
28993,validation
28994,test
28995,test
28996,test
28997,validation
28998,train
28999,train
29000,train
29001,train
29002,train
29003,validation
29004,test
29005,train
29006,test
29007,validation
29008,test
29009,train
29010,validation
29011,train
29012,train
29013,validation
29014,validation
29015,validation
29016,train
29017,train
29018,validation
29019,train
29020,validation
29021,train
29022,train
29023,train
29024,train
29025,train
29026,test
29027,train
29028,train
29029,train
29030,train
29031,validation
29032,test
29033,validation
29034,validation
29035,test
29036,train
29037,validation
29038,train
29039,train
29040,test
29041,train
29042,test
29043,train
29044,train
29045,train
29046,train
29047,test
29048,test
29049,train
29050,train
29051,train
29052,train
29053,test
29054,train
29055,train
29056,train
29057,train
29058,train
29059,train
29060,test
29061,train
29062,validation
29063,train
29064,train
29065,validation
29066,train
29067,validation
29068,train
29069,train
29070,test
29071,test
29072,train
29073,train
29074,train
29075,train
29076,validation
29077,validation
29078,validation
29079,validation
29080,test
29081,train
29082,train
29083,train
29084,validation
29085,train
29086,train
29087,validation
29088,train
29089,train
29090,train
29091,test
29092,train
29093,train
29094,train
29095,train
29096,validation
29097,train
29098,validation
29099,train
29100,validation
29101,test
29102,test
29103,train
29104,train
29105,train
29106,train
29107,validation
29108,train
29109,test
29110,train
29111,train
29112,train
29113,train
29114,train
29115,validation
29116,train
29117,validation
29118,train
29119,train
29120,test
29121,test
29122,train
29123,train
29124,train
29125,train
29126,train
29127,test
29128,train
29129,train
29130,train
29131,test
29132,train
29133,validation
29134,validation
29135,train
29136,train
29137,train
29138,train
29139,validation
29140,test
29141,train
29142,train
29143,train
29144,test
29145,test
29146,validation
29147,test
29148,validation
29149,test
29150,train
29151,train
29152,test
29153,train
29154,test
29155,train
29156,train
29157,test
29158,test
29159,test
29160,train
29161,test
29162,validation
29163,train
29164,test
29165,train
29166,test
29167,train
29168,validation
29169,train
29170,train
29171,train
29172,train
29173,validation
29174,test
29175,train
29176,test
29177,test
29178,train
29179,test
29180,validation
29181,train
29182,test
29183,validation
29184,train
29185,train
29186,train
29187,validation
29188,test
29189,train
29190,train
29191,train
29192,train
29193,train
29194,test
29195,train
29196,test
29197,train
29198,train
29199,test
29200,train
29201,train
29202,train
29203,test
29204,train
29205,test
29206,test
29207,validation
29208,train
29209,validation
29210,test
29211,test
29212,train
29213,train
29214,train
29215,train
29216,validation
29217,train
29218,train
29219,train
29220,train
29221,train
29222,train
29223,train
29224,validation
29225,test
29226,train
29227,train
29228,validation
29229,test
29230,validation
29231,train
29232,train
29233,train
29234,train
29235,test
29236,train
29237,train
29238,train
29239,test
29240,train
29241,train
29242,train
29243,train
29244,train
29245,test
29246,test
29247,test
29248,train
29249,train
29250,train
29251,validation
29252,validation
29253,test
29254,train
29255,validation
29256,validation
29257,train
29258,train
29259,validation
29260,validation
29261,validation
29262,validation
29263,train
29264,validation
29265,train
29266,train
29267,test
29268,validation
29269,train
29270,train
29271,train
29272,train
29273,validation
29274,train
29275,test
29276,train
29277,validation
29278,train
29279,validation
29280,train
29281,test
29282,validation
29283,train
29284,validation
29285,test
29286,test
29287,train
29288,train
29289,test
29290,test
29291,validation
29292,validation
29293,train
29294,train
29295,train
29296,test
29297,train
29298,train
29299,train
29300,validation
29301,train
29302,train
29303,validation
29304,validation
29305,train
29306,train
29307,train
29308,train
29309,test
29310,test
29311,train
29312,validation
29313,train
29314,train
29315,train
29316,train
29317,train
29318,validation
29319,test
29320,train
29321,validation
29322,test
29323,train
29324,train
29325,train
29326,train
29327,train
29328,train
29329,train
29330,train
29331,train
29332,train
29333,train
29334,train
29335,validation
29336,train
29337,test
29338,train
29339,test
29340,train
29341,test
29342,train
29343,validation
29344,test
29345,train
29346,validation
29347,train
29348,train
29349,train
29350,validation
29351,validation
29352,train
29353,train
29354,train
29355,validation
29356,train
29357,train
29358,train
29359,validation
29360,train
29361,train
29362,test
29363,train
29364,test
29365,validation
29366,train
29367,train
29368,test
29369,train
29370,test
29371,validation
29372,train
29373,train
29374,train
29375,train
29376,train
29377,test
29378,validation
29379,train
29380,train
29381,validation
29382,test
29383,validation
29384,train
29385,train
29386,train
29387,train
29388,test
29389,test
29390,train
29391,train
29392,train
29393,train
29394,train
29395,train
29396,train
29397,train
29398,validation
29399,train
29400,validation
29401,validation
29402,train
29403,train
29404,test
29405,train
29406,validation
29407,train
29408,train
29409,train
29410,test
29411,train
29412,train
29413,train
29414,train
29415,train
29416,validation
29417,test
29418,validation
29419,train
29420,test
29421,train
29422,train
29423,train
29424,test
29425,test
29426,test
29427,train
29428,validation
29429,test
29430,train
29431,train
29432,test
29433,train
29434,test
29435,validation
29436,validation
29437,train
29438,test
29439,test
29440,test
29441,train
29442,train
29443,train
29444,train
29445,train
29446,train
29447,train
29448,train
29449,test
29450,test
29451,test
29452,train
29453,validation
29454,train
29455,train
29456,validation
29457,test
29458,train
29459,test
29460,train
29461,test
29462,train
29463,train
29464,train
29465,train
29466,validation
29467,validation
29468,train
29469,validation
29470,train
29471,train
29472,test
29473,train
29474,test
29475,train
29476,test
29477,validation
29478,train
29479,train
29480,train
29481,train
29482,train
29483,train
29484,train
29485,validation
29486,validation
29487,validation
29488,train
29489,train
29490,train
29491,train
29492,train
29493,test
29494,train
29495,validation
29496,test
29497,train
29498,train
29499,train
29500,train
29501,train
29502,train
29503,train
29504,test
29505,train
29506,test
29507,test
29508,train
29509,validation
29510,train
29511,validation
29512,validation
29513,test
29514,train
29515,validation
29516,validation
29517,train
29518,train
29519,train
29520,train
29521,validation
29522,test
29523,validation
29524,test
29525,train
29526,train
29527,test
29528,train
29529,train
29530,validation
29531,train
29532,test
29533,validation
29534,validation
29535,train
29536,validation
29537,test
29538,train
29539,train
29540,train
29541,validation
29542,train
29543,train
29544,validation
29545,test
29546,validation
29547,train
29548,train
29549,train
29550,train
29551,test
29552,train
29553,test
29554,test
29555,test
29556,train
29557,train
29558,validation
29559,test
29560,train
29561,train
29562,train
29563,validation
29564,validation
29565,train
29566,train
29567,train
29568,train
29569,test
29570,train
29571,train
29572,validation
29573,train
29574,train
29575,train
29576,validation
29577,train
29578,train
29579,validation
29580,train
29581,train
29582,validation
29583,test
29584,train
29585,test
29586,validation
29587,validation
29588,train
29589,train
29590,train
29591,train
29592,train
29593,train
29594,train
29595,test
29596,validation
29597,train
29598,train
29599,train
29600,train
29601,train
29602,train
29603,train
29604,validation
29605,test
29606,train
29607,validation
29608,test
29609,train
29610,train
29611,train
29612,train
29613,test
29614,validation
29615,test
29616,train
29617,validation
29618,train
29619,train
29620,train
29621,train
29622,validation
29623,train
29624,train
29625,train
29626,validation
29627,test
29628,train
29629,train
29630,train
29631,train
29632,validation
29633,train
29634,test
29635,test
29636,test
29637,test
29638,train
29639,test
29640,test
29641,train
29642,train
29643,train
29644,train
29645,train
29646,test
29647,train
29648,train
29649,test
29650,train
29651,train
29652,train
29653,train
29654,train
29655,validation
29656,test
29657,train
29658,train
29659,train
29660,train
29661,train
29662,validation
29663,train
29664,train
29665,train
29666,train
29667,train
29668,test
29669,train
29670,validation
29671,train
29672,train
29673,train
29674,test
29675,train
29676,test
29677,train
29678,train
29679,train
29680,train
29681,test
29682,train
29683,train
29684,train
29685,train
29686,validation
29687,train
29688,train
29689,validation
29690,train
29691,train
29692,test
29693,validation
29694,train
29695,test
29696,train
29697,test
29698,validation
29699,test
29700,train
29701,train
29702,test
29703,test
29704,train
29705,test
29706,validation
29707,train
29708,train
29709,train
29710,train
29711,train
29712,train
29713,train
29714,train
29715,validation
29716,train
29717,train
29718,train
29719,validation
29720,train
29721,test
29722,train
29723,train
29724,train
29725,train
29726,train
29727,train
29728,test
29729,train
29730,validation
29731,test
29732,test
29733,train
29734,train
29735,train
29736,train
29737,train
29738,train
29739,test
29740,test
29741,train
29742,train
29743,test
29744,validation
29745,train
29746,train
29747,test
29748,validation
29749,train
29750,train
29751,train
29752,train
29753,test
29754,train
29755,train
29756,train
29757,train
29758,train
29759,validation
29760,test
29761,train
29762,train
29763,test
29764,train
29765,train
29766,validation
29767,train
29768,test
29769,validation
29770,validation
29771,train
29772,validation
29773,test
29774,validation
29775,train
29776,train
29777,train
29778,test
29779,train
29780,train
29781,train
29782,test
29783,train
29784,validation
29785,train
29786,train
29787,validation
29788,train
29789,train
29790,test
29791,train
29792,train
29793,train
29794,train
29795,train
29796,train
29797,train
29798,train
29799,train
29800,train
29801,validation
29802,validation
29803,train
29804,train
29805,test
29806,train
29807,validation
29808,train
29809,train
29810,train
29811,train
29812,train
29813,validation
29814,train
29815,validation
29816,train
29817,train
29818,test
29819,train
29820,train
29821,train
29822,validation
29823,test
29824,train
29825,train
29826,test
29827,train
29828,train
29829,validation
29830,train
29831,test
29832,train
29833,validation
29834,train
29835,validation
29836,train
29837,train
29838,test
29839,validation
29840,train
29841,test
29842,train
29843,train
29844,test
29845,test
29846,train
29847,train
29848,train
29849,train
29850,validation
29851,test
29852,test
29853,test
29854,train
29855,train
29856,train
29857,validation
29858,train
29859,train
29860,train
29861,train
29862,train
29863,test
29864,test
29865,train
29866,validation
29867,train
29868,train
29869,train
29870,train
29871,train
29872,test
29873,test
29874,test
29875,train
29876,train
29877,validation
29878,test
29879,test
29880,train
29881,validation
29882,test
29883,train
29884,train
29885,train
29886,train
29887,train
29888,train
29889,train
29890,train
29891,train
29892,train
29893,train
29894,train
29895,train
29896,train
29897,train
29898,train
29899,test
29900,train
29901,train
29902,test
29903,validation
29904,train
29905,test
29906,train
29907,train
29908,train
29909,train
29910,train
29911,test
29912,train
29913,train
29914,train
29915,train
29916,test
29917,train
29918,train
29919,validation
29920,train
29921,test
29922,validation
29923,train
29924,validation
29925,train
29926,train
29927,test
29928,train
29929,test
29930,test
29931,test
29932,validation
29933,train
29934,test
29935,train
29936,validation
29937,train
29938,validation
29939,train
29940,train
29941,validation
29942,validation
29943,train
29944,train
29945,validation
29946,train
29947,test
29948,test
29949,train
29950,train
29951,validation
29952,test
29953,train
29954,test
29955,train
29956,train
29957,train
29958,validation
29959,test
29960,train
29961,train
29962,train
29963,validation
29964,train
29965,train
29966,validation
29967,train
29968,train
29969,train
29970,train
29971,test
29972,test
29973,train
29974,train
29975,validation
29976,test
29977,validation
29978,train
29979,train
29980,train
29981,train
29982,test
29983,test
29984,test
29985,validation
29986,train
29987,train
29988,train
29989,train
29990,train
29991,test
29992,train
29993,test
29994,train
29995,train
29996,validation
29997,train
29998,train
29999,train
30000,train
30001,validation
30002,train
30003,train
30004,test
30005,validation
30006,test
30007,test
30008,train
30009,train
30010,train
30011,train
30012,validation
30013,train
30014,train
30015,validation
30016,validation
30017,validation
30018,train
30019,test
30020,train
30021,train
30022,train
30023,train
30024,test
30025,validation
30026,train
30027,train
30028,test
30029,train
30030,test
30031,train
30032,train
30033,train
30034,test
30035,validation
30036,train
30037,train
30038,validation
30039,validation
30040,train
30041,train
30042,train
30043,train
30044,train
30045,train
30046,train
30047,train
30048,train
30049,train
30050,validation
30051,train
30052,test
30053,validation
30054,train
30055,train
30056,train
30057,validation
30058,train
30059,train
30060,validation
30061,train
30062,test
30063,test
30064,validation
30065,test
30066,train
30067,test
30068,test
30069,test
30070,train
30071,train
30072,train
30073,validation
30074,test
30075,validation
30076,validation
30077,test
30078,train
30079,train
30080,train
30081,train
30082,train
30083,validation
30084,train
30085,train
30086,train
30087,validation
30088,train
30089,test
30090,validation
30091,test
30092,train
30093,train
30094,validation
30095,train
30096,validation
30097,train
30098,test
30099,test
30100,train
30101,train
30102,validation
30103,train
30104,train
30105,validation
30106,train
30107,validation
30108,train
30109,train
30110,validation
30111,validation
30112,train
30113,test
30114,train
30115,train
30116,train
30117,train
30118,train
30119,train
30120,train
30121,train
30122,test
30123,validation
30124,train
30125,validation
30126,validation
30127,train
30128,validation
30129,train
30130,train
30131,train
30132,train
30133,train
30134,test
30135,test
30136,train
30137,train
30138,test
30139,train
30140,train
30141,train
30142,test
30143,validation
30144,train
30145,train
30146,test
30147,validation
30148,train
30149,test
30150,test
30151,train
30152,train
30153,test
30154,validation
30155,train
30156,train
30157,train
30158,validation
30159,train
30160,train
30161,train
30162,train
30163,train
30164,validation
30165,train
30166,validation
30167,test
30168,train
30169,validation
30170,test
30171,test
30172,validation
30173,train
30174,train
30175,train
30176,train
30177,train
30178,train
30179,train
30180,train
30181,train
30182,validation
30183,validation
30184,test
30185,train
30186,test
30187,train
30188,validation
30189,validation
30190,validation
30191,train
30192,test
30193,train
30194,validation
30195,validation
30196,test
30197,train
30198,test
30199,train
30200,test
30201,test
30202,train
30203,train
30204,validation
30205,train
30206,train
30207,validation
30208,train
30209,train
30210,test
30211,test
30212,test
30213,train
30214,train
30215,test
30216,validation
30217,test
30218,validation
30219,train
30220,test
30221,test
30222,train
30223,validation
30224,train
30225,train
30226,validation
30227,test
30228,train
30229,train
30230,train
30231,validation
30232,validation
30233,test
30234,validation
30235,test
30236,train
30237,test
30238,train
30239,train
30240,validation
30241,test
30242,test
30243,train
30244,train
30245,validation
30246,train
30247,train
30248,train
30249,train
30250,validation
30251,train
30252,train
30253,train
30254,train
30255,train
30256,train
30257,train
30258,validation
30259,validation
30260,train
30261,train
30262,train
30263,validation
30264,validation
30265,test
30266,train
30267,train
30268,train
30269,train
30270,train
30271,train
30272,train
30273,train
30274,train
30275,train
30276,train
30277,train
30278,validation
30279,train
30280,validation
30281,test
30282,train
30283,train
30284,train
30285,train
30286,train
30287,train
30288,test
30289,validation
30290,train
30291,train
30292,train
30293,train
30294,train
30295,train
30296,train
30297,train
30298,validation
30299,validation
30300,train
30301,train
30302,train
30303,test
30304,train
30305,validation
30306,test
30307,test
30308,test
30309,train
30310,train
30311,train
30312,test
30313,train
30314,train
30315,test
30316,train
30317,train
30318,train
30319,train
30320,train
30321,train
30322,train
30323,validation
30324,validation
30325,train
30326,test
30327,test
30328,train
30329,validation
30330,test
30331,validation
30332,train
30333,validation
30334,train
30335,train
30336,test
30337,train
30338,train
30339,train
30340,validation
30341,train
30342,train
30343,train
30344,validation
30345,train
30346,validation
30347,train
30348,train
30349,validation
30350,train
30351,train
30352,train
30353,test
30354,train
30355,train
30356,test
30357,test
30358,test
30359,test
30360,test
30361,test
30362,train
30363,validation
30364,train
30365,validation
30366,train
30367,train
30368,train
30369,train
30370,train
30371,train
30372,train
30373,validation
30374,train
30375,train
30376,test
30377,validation
30378,validation
30379,train
30380,test
30381,train
30382,validation
30383,train
30384,train
30385,train
30386,train
30387,test
30388,train
30389,train
30390,train
30391,train
30392,train
30393,train
30394,test
30395,train
30396,train
30397,validation
30398,test
30399,train
30400,test
30401,test
30402,validation
30403,train
30404,test
30405,train
30406,train
30407,train
30408,train
30409,train
30410,validation
30411,test
30412,train
30413,train
30414,train
30415,validation
30416,train
30417,validation
30418,train
30419,validation
30420,validation
30421,train
30422,test
30423,test
30424,train
30425,train
30426,train
30427,train
30428,train
30429,train
30430,train
30431,train
30432,train
30433,train
30434,train
30435,train
30436,train
30437,validation
30438,train
30439,train
30440,validation
30441,test
30442,validation
30443,validation
30444,train
30445,train
30446,train
30447,validation
30448,test
30449,train
30450,test
30451,train
30452,train
30453,test
30454,train
30455,train
30456,test
30457,train
30458,train
30459,train
30460,test
30461,test
30462,train
30463,train
30464,train
30465,train
30466,train
30467,validation
30468,train
30469,validation
30470,train
30471,train
30472,train
30473,train
30474,train
30475,train
30476,validation
30477,train
30478,train
30479,train
30480,validation
30481,test
30482,validation
30483,test
30484,train
30485,validation
30486,test
30487,train
30488,train
30489,validation
30490,train
30491,train
30492,validation
30493,test
30494,train
30495,train
30496,train
30497,train
30498,validation
30499,train
30500,train
30501,validation
30502,train
30503,train
30504,train
30505,validation
30506,train
30507,train
30508,test
30509,train
30510,validation
30511,validation
30512,train
30513,train
30514,train
30515,train
30516,validation
30517,train
30518,validation
30519,validation
30520,validation
30521,train
30522,validation
30523,train
30524,train
30525,train
30526,train
30527,train
30528,train
30529,test
30530,train
30531,train
30532,validation
30533,test
30534,train
30535,train
30536,train
30537,train
30538,train
30539,train
30540,train
30541,test
30542,train
30543,train
30544,validation
30545,train
30546,train
30547,train
30548,validation
30549,train
30550,train
30551,train
30552,test
30553,train
30554,train
30555,test
30556,train
30557,test
30558,train
30559,validation
30560,train
30561,test
30562,train
30563,train
30564,test
30565,train
30566,train
30567,train
30568,train
30569,train
30570,test
30571,validation
30572,train
30573,test
30574,test
30575,validation
30576,train
30577,train
30578,validation
30579,train
30580,test
30581,train
30582,validation
30583,test
30584,train
30585,train
30586,train
30587,test
30588,validation
30589,train
30590,test
30591,validation
30592,train
30593,validation
30594,validation
30595,validation
30596,train
30597,test
30598,validation
30599,train
30600,train
30601,test
30602,train
30603,train
30604,train
30605,train
30606,train
30607,train
30608,train
30609,train
30610,train
30611,train
30612,train
30613,train
30614,validation
30615,test
30616,train
30617,validation
30618,train
30619,validation
30620,train
30621,validation
30622,test
30623,validation
30624,test
30625,validation
30626,validation
30627,validation
30628,test
30629,train
30630,train
30631,test
30632,validation
30633,test
30634,train
30635,test
30636,train
30637,train
30638,train
30639,train
30640,train
30641,test
30642,train
30643,train
30644,train
30645,test
30646,validation
30647,train
30648,train
30649,test
30650,train
30651,train
30652,train
30653,test
30654,train
30655,train
30656,test
30657,train
30658,validation
30659,test
30660,test
30661,train
30662,test
30663,test
30664,validation
30665,test
30666,validation
30667,validation
30668,test
30669,validation
30670,train
30671,train
30672,test
30673,validation
30674,train
30675,train
30676,test
30677,validation
30678,train
30679,validation
30680,validation
30681,validation
30682,train
30683,test
30684,train
30685,validation
30686,train
30687,train
30688,train
30689,train
30690,validation
30691,train
30692,train
30693,train
30694,train
30695,test
30696,train
30697,test
30698,test
30699,train
30700,test
30701,test
30702,validation
30703,validation
30704,train
30705,test
30706,train
30707,train
30708,test
30709,train
30710,train
30711,train
30712,test
30713,test
30714,train
30715,train
30716,validation
30717,train
30718,train
30719,test
30720,validation
30721,train
30722,train
30723,test
30724,train
30725,validation
30726,test
30727,train
30728,train
30729,train
30730,validation
30731,train
30732,test
30733,train
30734,train
30735,train
30736,test
30737,validation
30738,train
30739,train
30740,train
30741,train
30742,test
30743,validation
30744,train
30745,validation
30746,train
30747,train
30748,train
30749,train
30750,train
30751,train
30752,validation
30753,validation
30754,train
30755,train
30756,validation
30757,test
30758,train
30759,train
30760,train
30761,train
30762,train
30763,train
30764,validation
30765,train
30766,train
30767,train
30768,train
30769,validation
30770,train
30771,test
30772,train
30773,test
30774,validation
30775,validation
30776,validation
30777,train
30778,train
30779,test
30780,validation
30781,test
30782,test
30783,test
30784,test
30785,train
30786,test
30787,train
30788,validation
30789,validation
30790,train
30791,train
30792,test
30793,test
30794,validation
30795,train
30796,test
30797,test
30798,train
30799,train
30800,train
30801,train
30802,train
30803,train
30804,train
30805,validation
30806,validation
30807,validation
30808,test
30809,train
30810,train
30811,test
30812,test
30813,train
30814,train
30815,train
30816,test
30817,train
30818,test
30819,train
30820,validation
30821,train
30822,validation
30823,train
30824,validation
30825,train
30826,train
30827,test
30828,validation
30829,train
30830,train
30831,test
30832,train
30833,train
30834,validation
30835,train
30836,validation
30837,validation
30838,test
30839,validation
30840,validation
30841,train
30842,validation
30843,test
30844,train
30845,train
30846,train
30847,train
30848,train
30849,validation
30850,train
30851,train
30852,validation
30853,train
30854,train
30855,train
30856,train
30857,train
30858,validation
30859,test
30860,train
30861,train
30862,train
30863,train
30864,train
30865,test
30866,test
30867,train
30868,train
30869,train
30870,train
30871,test
30872,train
30873,train
30874,train
30875,validation
30876,validation
30877,train
30878,validation
30879,train
30880,train
30881,test
30882,train
30883,test
30884,test
30885,test
30886,train
30887,train
30888,train
30889,train
30890,validation
30891,validation
30892,validation
30893,train
30894,train
30895,train
30896,validation
30897,train
30898,train
30899,test
30900,train
30901,train
30902,train
30903,test
30904,test
30905,train
30906,train
30907,test
30908,validation
30909,test
30910,test
30911,train
30912,train
30913,validation
30914,test
30915,train
30916,test
30917,validation
30918,train
30919,validation
30920,test
30921,train
30922,test
30923,test
30924,train
30925,train
30926,validation
30927,train
30928,train
30929,train
30930,test
30931,train
30932,train
30933,train
30934,train
30935,train
30936,train
30937,validation
30938,train
30939,train
30940,train
30941,train
30942,train
30943,train
30944,train
30945,test
30946,train
30947,train
30948,train
30949,train
30950,train
30951,validation
30952,test
30953,validation
30954,train
30955,train
30956,train
30957,train
30958,train
30959,validation
30960,train
30961,validation
30962,train
30963,train
30964,train
30965,validation
30966,train
30967,validation
30968,test
30969,train
30970,test
30971,train
30972,train
30973,train
30974,train
30975,train
30976,train
30977,train
30978,validation
30979,test
30980,train
30981,train
30982,validation
30983,train
30984,train
30985,train
30986,train
30987,train
30988,test
30989,train
30990,train
30991,validation
30992,train
30993,train
30994,test
30995,train
30996,test
30997,train
30998,test
30999,train
31000,train
31001,train
31002,train
31003,train
31004,train
31005,validation
31006,train
31007,train
31008,train
31009,train
31010,train
31011,train
31012,train
31013,train
31014,validation
31015,train
31016,validation
31017,validation
31018,train
31019,train
31020,train
31021,train
31022,validation
31023,train
31024,test
31025,train
31026,train
31027,validation
31028,train
31029,test
31030,validation
31031,validation
31032,train
31033,train
31034,train
31035,train
31036,train
31037,train
31038,train
31039,test
31040,train
31041,train
31042,train
31043,test
31044,train
31045,test
31046,test
31047,train
31048,train
31049,test
31050,train
31051,train
31052,test
31053,test
31054,test
31055,test
31056,train
31057,train
31058,train
31059,train
31060,validation
31061,train
31062,train
31063,validation
31064,validation
31065,train
31066,train
31067,test
31068,train
31069,test
31070,train
31071,test
31072,validation
31073,test
31074,train
31075,test
31076,train
31077,test
31078,train
31079,test
31080,test
31081,train
31082,train
31083,test
31084,train
31085,test
31086,test
31087,test
31088,train
31089,validation
31090,train
31091,train
31092,train
31093,test
31094,validation
31095,test
31096,validation
31097,train
31098,train
31099,validation
31100,validation
31101,train
31102,train
31103,train
31104,validation
31105,train
31106,validation
31107,train
31108,train
31109,validation
31110,train
31111,validation
31112,train
31113,train
31114,test
31115,train
31116,validation
31117,validation
31118,test
31119,validation
31120,validation
31121,test
31122,train
31123,test
31124,train
31125,test
31126,train
31127,train
31128,train
31129,test
31130,train
31131,train
31132,test
31133,validation
31134,train
31135,validation
31136,train
31137,test
31138,test
31139,train
31140,test
31141,validation
31142,train
31143,validation
31144,validation
31145,validation
31146,train
31147,test
31148,train
31149,train
31150,train
31151,train
31152,validation
31153,test
31154,train
31155,train
31156,train
31157,train
31158,train
31159,validation
31160,validation
31161,test
31162,train
31163,validation
31164,validation
31165,test
31166,test
31167,test
31168,train
31169,test
31170,train
31171,validation
31172,train
31173,train
31174,train
31175,train
31176,train
31177,train
31178,validation
31179,train
31180,test
31181,train
31182,train
31183,train
31184,train
31185,validation
31186,train
31187,validation
31188,train
31189,validation
31190,train
31191,validation
31192,test
31193,train
31194,train
31195,test
31196,train
31197,validation
31198,train
31199,validation
31200,test
31201,train
31202,train
31203,train
31204,train
31205,train
31206,train
31207,validation
31208,train
31209,train
31210,train
31211,validation
31212,validation
31213,train
31214,train
31215,train
31216,train
31217,train
31218,validation
31219,train
31220,train
31221,test
31222,train
31223,validation
31224,train
31225,test
31226,validation
31227,train
31228,train
31229,validation
31230,test
31231,train
31232,train
31233,train
31234,test
31235,test
31236,validation
31237,train
31238,train
31239,train
31240,train
31241,test
31242,train
31243,train
31244,test
31245,test
31246,validation
31247,validation
31248,train
31249,train
31250,test
31251,train
31252,train
31253,train
31254,train
31255,train
31256,train
31257,test
31258,train
31259,train
31260,validation
31261,train
31262,train
31263,test
31264,train
31265,test
31266,train
31267,train
31268,train
31269,train
31270,train
31271,test
31272,train
31273,test
31274,train
31275,test
31276,validation
31277,train
31278,train
31279,train
31280,train
31281,train
31282,validation
31283,train
31284,test
31285,validation
31286,test
31287,train
31288,train
31289,train
31290,validation
31291,validation
31292,validation
31293,test
31294,train
31295,test
31296,train
31297,validation
31298,test
31299,test
31300,train
31301,test
31302,train
31303,train
31304,validation
31305,train
31306,train
31307,test
31308,test
31309,test
31310,test
31311,train
31312,train
31313,test
31314,test
31315,validation
31316,train
31317,train
31318,test
31319,train
31320,train
31321,test
31322,train
31323,test
31324,train
31325,test
31326,train
31327,train
31328,validation
31329,validation
31330,test
31331,test
31332,train
31333,train
31334,train
31335,train
31336,validation
31337,validation
31338,test
31339,test
31340,train
31341,train
31342,validation
31343,train
31344,train
31345,test
31346,train
31347,test
31348,train
31349,train
31350,train
31351,test
31352,train
31353,train
31354,train
31355,test
31356,test
31357,train
31358,validation
31359,train
31360,train
31361,train
31362,test
31363,validation
31364,train
31365,train
31366,validation
31367,train
31368,validation
31369,train
31370,validation
31371,train
31372,train
31373,train
31374,train
31375,validation
31376,train
31377,train
31378,train
31379,train
31380,train
31381,validation
31382,train
31383,train
31384,test
31385,train
31386,test
31387,train
31388,test
31389,validation
31390,test
31391,test
31392,train
31393,validation
31394,train
31395,train
31396,validation
31397,train
31398,train
31399,train
31400,train
31401,train
31402,train
31403,validation
31404,train
31405,train
31406,train
31407,validation
31408,validation
31409,train
31410,train
31411,train
31412,train
31413,train
31414,test
31415,validation
31416,validation
31417,train
31418,test
31419,train
31420,train
31421,validation
31422,train
31423,train
31424,train
31425,train
31426,train
31427,test
31428,test
31429,train
31430,train
31431,train
31432,train
31433,train
31434,train
31435,train
31436,validation
31437,train
31438,train
31439,train
31440,train
31441,test
31442,test
31443,test
31444,validation
31445,test
31446,train
31447,test
31448,train
31449,test
31450,train
31451,validation
31452,train
31453,train
31454,test
31455,validation
31456,train
31457,validation
31458,train
31459,train
31460,train
31461,validation
31462,train
31463,train
31464,train
31465,train
31466,validation
31467,test
31468,train
31469,test
31470,train
31471,validation
31472,train
31473,train
31474,train
31475,train
31476,train
31477,train
31478,train
31479,train
31480,train
31481,validation
31482,train
31483,train
31484,validation
31485,train
31486,test
31487,train
31488,validation
31489,train
31490,test
31491,validation
31492,train
31493,validation
31494,test
31495,validation
31496,train
31497,train
31498,validation
31499,train
31500,train
31501,train
31502,train
31503,train
31504,train
31505,train
31506,test
31507,validation
31508,train
31509,validation
31510,train
31511,validation
31512,train
31513,test
31514,test
31515,test
31516,validation
31517,train
31518,train
31519,train
31520,train
31521,validation
31522,test
31523,train
31524,validation
31525,train
31526,validation
31527,test
31528,validation
31529,validation
31530,validation
31531,validation
31532,train
31533,train
31534,test
31535,train
31536,train
31537,validation
31538,train
31539,test
31540,train
31541,train
31542,test
31543,train
31544,train
31545,train
31546,test
31547,train
31548,train
31549,train
31550,train
31551,train
31552,train
31553,train
31554,train
31555,train
31556,train
31557,train
31558,test
31559,validation
31560,validation
31561,train
31562,test
31563,train
31564,train
31565,train
31566,train
31567,validation
31568,train
31569,test
31570,test
31571,train
31572,test
31573,train
31574,train
31575,validation
31576,test
31577,test
31578,train
31579,train
31580,train
31581,validation
31582,train
31583,validation
31584,train
31585,train
31586,train
31587,validation
31588,train
31589,validation
31590,test
31591,train
31592,train
31593,train
31594,train
31595,validation
31596,test
31597,train
31598,train
31599,train
31600,train
31601,train
31602,validation
31603,train
31604,train
31605,validation
31606,validation
31607,train
31608,validation
31609,validation
31610,validation
31611,validation
31612,train
31613,train
31614,train
31615,train
31616,train
31617,test
31618,train
31619,train
31620,train
31621,train
31622,train
31623,train
31624,validation
31625,validation
31626,validation
31627,validation
31628,train
31629,validation
31630,train
31631,validation
31632,train
31633,train
31634,train
31635,train
31636,validation
31637,train
31638,train
31639,test
31640,validation
31641,validation
31642,train
31643,train
31644,test
31645,train
31646,validation
31647,train
31648,train
31649,test
31650,test
31651,train
31652,train
31653,test
31654,train
31655,train
31656,test
31657,train
31658,train
31659,train
31660,test
31661,validation
31662,validation
31663,train
31664,validation
31665,train
31666,train
31667,train
31668,train
31669,train
31670,train
31671,train
31672,train
31673,train
31674,train
31675,test
31676,train
31677,train
31678,test
31679,train
31680,train
31681,train
31682,train
31683,train
31684,train
31685,train
31686,train
31687,train
31688,train
31689,train
31690,validation
31691,train
31692,train
31693,train
31694,train
31695,train
31696,train
31697,train
31698,train
31699,train
31700,test
31701,validation
31702,train
31703,validation
31704,test
31705,train
31706,train
31707,train
31708,train
31709,validation
31710,train
31711,validation
31712,validation
31713,train
31714,validation
31715,test
31716,train
31717,validation
31718,validation
31719,validation
31720,train
31721,train
31722,test
31723,test
31724,train
31725,train
31726,validation
31727,train
31728,validation
31729,train
31730,train
31731,test
31732,train
31733,train
31734,train
31735,train
31736,train
31737,test
31738,train
31739,train
31740,train
31741,train
31742,train
31743,test
31744,train
31745,test
31746,train
31747,train
31748,train
31749,validation
31750,validation
31751,train
31752,validation
31753,test
31754,validation
31755,train
31756,test
31757,train
31758,test
31759,train
31760,test
31761,train
31762,train
31763,validation
31764,train
31765,validation
31766,validation
31767,train
31768,train
31769,test
31770,train
31771,train
31772,train
31773,train
31774,test
31775,train
31776,validation
31777,train
31778,train
31779,train
31780,train
31781,train
31782,test
31783,train
31784,train
31785,test
31786,test
31787,validation
31788,train
31789,train
31790,train
31791,train
31792,validation
31793,train
31794,test
31795,validation
31796,test
31797,train
31798,validation
31799,train
31800,train
31801,test
31802,train
31803,train
31804,train
31805,test
31806,test
31807,test
31808,train
31809,train
31810,validation
31811,train
31812,train
31813,train
31814,train
31815,validation
31816,train
31817,test
31818,train
31819,validation
31820,test
31821,train
31822,test
31823,validation
31824,train
31825,train
31826,train
31827,train
31828,train
31829,train
31830,test
31831,test
31832,validation
31833,test
31834,test
31835,train
31836,test
31837,validation
31838,train
31839,validation
31840,train
31841,validation
31842,train
31843,validation
31844,train
31845,train
31846,test
31847,train
31848,test
31849,test
31850,train
31851,train
31852,train
31853,test
31854,validation
31855,test
31856,train
31857,train
31858,train
31859,train
31860,train
31861,train
31862,test
31863,validation
31864,train
31865,train
31866,train
31867,validation
31868,test
31869,train
31870,validation
31871,test
31872,validation
31873,test
31874,train
31875,validation
31876,validation
31877,validation
31878,train
31879,train
31880,train
31881,train
31882,train
31883,validation
31884,train
31885,train
31886,train
31887,validation
31888,validation
31889,test
31890,train
31891,train
31892,train
31893,train
31894,test
31895,validation
31896,train
31897,train
31898,train
31899,train
31900,test
31901,test
31902,validation
31903,train
31904,validation
31905,train
31906,train
31907,validation
31908,test
31909,train
31910,train
31911,test
31912,train
31913,train
31914,train
31915,train
31916,train
31917,test
31918,train
31919,train
31920,train
31921,test
31922,test
31923,test
31924,train
31925,train
31926,train
31927,train
31928,train
31929,train
31930,test
31931,validation
31932,validation
31933,train
31934,validation
31935,train
31936,train
31937,train
31938,test
31939,train
31940,train
31941,test
31942,validation
31943,test
31944,train
31945,train
31946,train
31947,test
31948,train
31949,validation
31950,train
31951,test
31952,validation
31953,train
31954,train
31955,train
31956,validation
31957,train
31958,train
31959,train
31960,train
31961,train
31962,validation
31963,validation
31964,train
31965,train
31966,validation
31967,validation
31968,train
31969,test
31970,train
31971,train
31972,test
31973,validation
31974,test
31975,train
31976,train
31977,train
31978,train
31979,test
31980,test
31981,validation
31982,train
31983,validation
31984,validation
31985,train
31986,train
31987,train
31988,train
31989,validation
31990,train
31991,train
31992,test
31993,train
31994,test
31995,test
31996,validation
31997,train
31998,train
31999,train
32000,validation
32001,validation
32002,train
32003,train
32004,train
32005,validation
32006,test
32007,train
32008,test
32009,train
32010,train
32011,validation
32012,validation
32013,test
32014,train
32015,train
32016,test
32017,test
32018,train
32019,train
32020,validation
32021,test
32022,test
32023,train
32024,train
32025,train
32026,validation
32027,validation
32028,test
32029,test
32030,train
32031,train
32032,test
32033,test
32034,test
32035,train
32036,validation
32037,train
32038,train
32039,validation
32040,test
32041,train
32042,train
32043,train
32044,train
32045,train
32046,validation
32047,test
32048,train
32049,train
32050,train
32051,train
32052,train
32053,train
32054,test
32055,train
32056,validation
32057,train
32058,train
32059,validation
32060,validation
32061,test
32062,train
32063,train
32064,train
32065,test
32066,validation
32067,train
32068,test
32069,test
32070,train
32071,test
32072,train
32073,train
32074,validation
32075,train
32076,train
32077,test
32078,train
32079,test
32080,validation
32081,test
32082,train
32083,train
32084,test
32085,train
32086,validation
32087,validation
32088,train
32089,train
32090,train
32091,train
32092,train
32093,train
32094,train
32095,validation
32096,train
32097,validation
32098,validation
32099,train
32100,train
32101,train
32102,train
32103,train
32104,train
32105,train
32106,train
32107,validation
32108,test
32109,train
32110,train
32111,train
32112,train
32113,train
32114,validation
32115,train
32116,validation
32117,validation
32118,train
32119,test
32120,train
32121,test
32122,test
32123,train
32124,validation
32125,train
32126,train
32127,train
32128,train
32129,validation
32130,train
32131,validation
32132,train
32133,train
32134,test
32135,validation
32136,train
32137,train
32138,train
32139,validation
32140,train
32141,test
32142,train
32143,train
32144,train
32145,validation
32146,train
32147,train
32148,test
32149,validation
32150,train
32151,test
32152,train
32153,train
32154,validation
32155,validation
32156,train
32157,test
32158,validation
32159,train
32160,test
32161,train
32162,validation
32163,train
32164,validation
32165,train
32166,test
32167,test
32168,train
32169,train
32170,test
32171,train
32172,test
32173,test
32174,train
32175,train
32176,train
32177,test
32178,train
32179,train
32180,test
32181,train
32182,train
32183,train
32184,train
32185,train
32186,train
32187,test
32188,train
32189,train
32190,test
32191,validation
32192,validation
32193,test
32194,validation
32195,test
32196,test
32197,validation
32198,validation
32199,test
32200,train
32201,train
32202,train
32203,test
32204,train
32205,train
32206,test
32207,train
32208,train
32209,train
32210,train
32211,train
32212,test
32213,train
32214,test
32215,train
32216,train
32217,validation
32218,test
32219,validation
32220,train
32221,validation
32222,test
32223,train
32224,validation
32225,train
32226,validation
32227,train
32228,train
32229,train
32230,train
32231,train
32232,train
32233,train
32234,validation
32235,train
32236,train
32237,train
32238,train
32239,train
32240,train
32241,train
32242,train
32243,train
32244,train
32245,train
32246,train
32247,validation
32248,train
32249,train
32250,validation
32251,train
32252,train
32253,train
32254,train
32255,validation
32256,validation
32257,train
32258,train
32259,train
32260,train
32261,train
32262,train
32263,validation
32264,train
32265,train
32266,train
32267,train
32268,validation
32269,train
32270,train
32271,train
32272,test
32273,validation
32274,train
32275,test
32276,validation
32277,train
32278,train
32279,validation
32280,train
32281,test
32282,train
32283,train
32284,train
32285,validation
32286,train
32287,test
32288,train
32289,test
32290,train
32291,train
32292,train
32293,test
32294,train
32295,validation
32296,train
32297,train
32298,train
32299,train
32300,test
32301,train
32302,train
32303,train
32304,validation
32305,train
32306,train
32307,train
32308,train
32309,train
32310,train
32311,train
32312,train
32313,train
32314,train
32315,train
32316,test
32317,train
32318,test
32319,train
32320,train
32321,train
32322,train
32323,train
32324,train
32325,test
32326,train
32327,train
32328,test
32329,train
32330,train
32331,validation
32332,train
32333,test
32334,validation
32335,train
32336,train
32337,train
32338,test
32339,validation
32340,test
32341,validation
32342,train
32343,validation
32344,train
32345,train
32346,validation
32347,train
32348,validation
32349,train
32350,train
32351,train
32352,validation
32353,test
32354,validation
32355,train
32356,train
32357,train
32358,train
32359,validation
32360,train
32361,train
32362,train
32363,train
32364,train
32365,train
32366,validation
32367,train
32368,train
32369,validation
32370,train
32371,train
32372,train
32373,test
32374,validation
32375,train
32376,train
32377,train
32378,train
32379,test
32380,test
32381,validation
32382,test
32383,train
32384,validation
32385,validation
32386,validation
32387,train
32388,test
32389,test
32390,test
32391,validation
32392,validation
32393,train
32394,train
32395,train
32396,train
32397,train
32398,train
32399,train
32400,train
32401,validation
32402,train
32403,train
32404,train
32405,test
32406,train
32407,validation
32408,train
32409,train
32410,validation
32411,validation
32412,train
32413,train
32414,train
32415,train
32416,test
32417,test
32418,train
32419,train
32420,train
32421,validation
32422,train
32423,train
32424,test
32425,validation
32426,train
32427,train
32428,train
32429,train
32430,test
32431,test
32432,train
32433,train
32434,train
32435,test
32436,train
32437,train
32438,train
32439,train
32440,train
32441,train
32442,validation
32443,validation
32444,train
32445,validation
32446,test
32447,validation
32448,train
32449,test
32450,train
32451,train
32452,train
32453,validation
32454,train
32455,train
32456,train
32457,train
32458,train
32459,validation
32460,validation
32461,train
32462,test
32463,test
32464,train
32465,train
32466,train
32467,test
32468,train
32469,train
32470,train
32471,train
32472,train
32473,train
32474,train
32475,train
32476,train
32477,train
32478,train
32479,test
32480,train
32481,train
32482,train
32483,train
32484,train
32485,train
32486,train
32487,train
32488,train
32489,train
32490,train
32491,train
32492,train
32493,validation
32494,validation
32495,train
32496,validation
32497,train
32498,validation
32499,train
32500,train
32501,validation
32502,train
32503,train
32504,test
32505,test
32506,train
32507,train
32508,train
32509,test
32510,test
32511,train
32512,train
32513,train
32514,train
32515,validation
32516,train
32517,train
32518,validation
32519,train
32520,train
32521,train
32522,train
32523,test
32524,test
32525,train
32526,test
32527,test
32528,test
32529,train
32530,train
32531,train
32532,test
32533,train
32534,train
32535,validation
32536,validation
32537,train
32538,train
32539,validation
32540,train
32541,test
32542,train
32543,validation
32544,train
32545,train
32546,validation
32547,validation
32548,train
32549,train
32550,train
32551,test
32552,train
32553,train
32554,train
32555,train
32556,validation
32557,train
32558,train
32559,train
32560,test
32561,train
32562,validation
32563,test
32564,train
32565,train
32566,validation
32567,validation
32568,validation
32569,train
32570,train
32571,train
32572,train
32573,validation
32574,train
32575,train
32576,train
32577,test
32578,validation
32579,test
32580,train
32581,train
32582,test
32583,validation
32584,validation
32585,train
32586,validation
32587,train
32588,test
32589,train
32590,validation
32591,validation
32592,validation
32593,validation
32594,validation
32595,train
32596,train
32597,train
32598,train
32599,train
32600,test
32601,validation
32602,train
32603,validation
32604,test
32605,validation
32606,test
32607,train
32608,test
32609,train
32610,train
32611,validation
32612,validation
32613,test
32614,train
32615,validation
32616,test
32617,train
32618,test
32619,train
32620,validation
32621,train
32622,validation
32623,train
32624,validation
32625,test
32626,train
32627,train
32628,train
32629,validation
32630,validation
32631,train
32632,validation
32633,validation
32634,validation
32635,validation
32636,train
32637,train
32638,validation
32639,train
32640,train
32641,test
32642,train
32643,train
32644,test
32645,train
32646,test
32647,test
32648,test
32649,validation
32650,validation
32651,train
32652,validation
32653,validation
32654,validation
32655,train
32656,train
32657,train
32658,test
32659,train
32660,test
32661,validation
32662,train
32663,validation
32664,train
32665,train
32666,train
32667,validation
32668,test
32669,train
32670,test
32671,train
32672,test
32673,train
32674,test
32675,train
32676,train
32677,train
32678,train
32679,train
32680,validation
32681,train
32682,train
32683,test
32684,train
32685,train
32686,train
32687,train
32688,test
32689,train
32690,train
32691,test
32692,train
32693,train
32694,train
32695,test
32696,train
32697,train
32698,train
32699,test
32700,train
32701,train
32702,test
32703,train
32704,train
32705,train
32706,train
32707,train
32708,test
32709,train
32710,test
32711,train
32712,train
32713,train
32714,train
32715,train
32716,validation
32717,train
32718,validation
32719,train
32720,validation
32721,validation
32722,test
32723,validation
32724,train
32725,validation
32726,train
32727,train
32728,train
32729,train
32730,validation
32731,test
32732,train
32733,validation
32734,train
32735,train
32736,train
32737,train
32738,train
32739,train
32740,validation
32741,train
32742,train
32743,test
32744,train
32745,train
32746,test
32747,train
32748,train
32749,train
32750,train
32751,test
32752,train
32753,validation
32754,validation
32755,test
32756,train
32757,test
32758,train
32759,train
32760,validation
32761,train
32762,validation
32763,validation
32764,validation
32765,validation
32766,validation
32767,train
32768,test
32769,validation
32770,test
32771,train
32772,train
32773,train
32774,test
32775,validation
32776,validation
32777,train
32778,train
32779,validation
32780,train
32781,validation
32782,validation
32783,train
32784,validation
32785,train
32786,validation
32787,validation
32788,train
32789,train
32790,test
32791,test
32792,validation
32793,train
32794,validation
32795,validation
32796,train
32797,train
32798,validation
32799,train
32800,test
32801,validation
32802,test
32803,train
32804,validation
32805,train
32806,validation
32807,train
32808,train
32809,train
32810,train
32811,validation
32812,train
32813,train
32814,test
32815,train
32816,train
32817,test
32818,train
32819,train
32820,validation
32821,train
32822,train
32823,train
32824,validation
32825,train
32826,train
32827,test
32828,train
32829,test
32830,train
32831,test
32832,train
32833,train
32834,train
32835,train
32836,test
32837,test
32838,train
32839,train
32840,train
32841,train
32842,test
32843,train
32844,validation
32845,train
32846,train
32847,test
32848,train
32849,validation
32850,train
32851,validation
32852,train
32853,validation
32854,train
32855,train
32856,train
32857,validation
32858,train
32859,validation
32860,train
32861,train
32862,validation
32863,train
32864,train
32865,train
32866,validation
32867,validation
32868,train
32869,train
32870,test
32871,validation
32872,train
32873,test
32874,validation
32875,train
32876,validation
32877,validation
32878,validation
32879,train
32880,train
32881,train
32882,train
32883,validation
32884,train
32885,test
32886,train
32887,train
32888,train
32889,validation
32890,train
32891,train
32892,test
32893,train
32894,validation
32895,train
32896,test
32897,train
32898,train
32899,test
32900,train
32901,test
32902,train
32903,test
32904,validation
32905,train
32906,train
32907,train
32908,train
32909,train
32910,train
32911,train
32912,test
32913,train
32914,validation
32915,validation
32916,train
32917,test
32918,train
32919,test
32920,train
32921,validation
32922,train
32923,train
32924,train
32925,validation
32926,train
32927,test
32928,train
32929,train
32930,train
32931,train
32932,train
32933,test
32934,validation
32935,validation
32936,test
32937,train
32938,train
32939,validation
32940,train
32941,train
32942,test
32943,validation
32944,train
32945,validation
32946,validation
32947,train
32948,test
32949,train
32950,train
32951,train
32952,train
32953,validation
32954,train
32955,train
32956,train
32957,train
32958,test
32959,validation
32960,test
32961,train
32962,train
32963,train
32964,train
32965,validation
32966,validation
32967,train
32968,validation
32969,train
32970,train
32971,train
32972,train
32973,train
32974,test
32975,test
32976,test
32977,validation
32978,train
32979,validation
32980,train
32981,train
32982,test
32983,train
32984,validation
32985,train
32986,train
32987,train
32988,train
32989,train
32990,train
32991,train
32992,validation
32993,train
32994,train
32995,validation
32996,train
32997,train
32998,train
32999,train
33000,train
33001,train
33002,train
33003,test
33004,train
33005,train
33006,train
33007,train
33008,test
33009,test
33010,test
33011,train
33012,train
33013,test
33014,train
33015,validation
33016,train
33017,train
33018,test
33019,train
33020,train
33021,train
33022,train
33023,train
33024,train
33025,validation
33026,train
33027,train
33028,test
33029,validation
33030,train
33031,train
33032,test
33033,train
33034,test
33035,test
33036,train
33037,train
33038,train
33039,validation
33040,train
33041,train
33042,train
33043,train
33044,train
33045,validation
33046,validation
33047,test
33048,validation
33049,train
33050,validation
33051,validation
33052,train
33053,test
33054,train
33055,test
33056,train
33057,train
33058,test
33059,test
33060,train
33061,train
33062,test
33063,train
33064,train
33065,validation
33066,train
33067,train
33068,train
33069,train
33070,validation
33071,train
33072,train
33073,train
33074,train
33075,train
33076,test
33077,train
33078,train
33079,train
33080,train
33081,validation
33082,train
33083,test
33084,train
33085,test
33086,test
33087,test
33088,train
33089,train
33090,test
33091,train
33092,train
33093,test
33094,train
33095,validation
33096,validation
33097,train
33098,train
33099,train
33100,train
33101,train
33102,train
33103,validation
33104,train
33105,validation
33106,test
33107,test
33108,train
33109,train
33110,train
33111,train
33112,train
33113,test
33114,train
33115,train
33116,test
33117,validation
33118,test
33119,train
33120,train
33121,train
33122,validation
33123,train
33124,train
33125,train
33126,train
33127,test
33128,train
33129,train
33130,train
33131,train
33132,test
33133,train
33134,train
33135,test
33136,train
33137,train
33138,test
33139,train
33140,validation
33141,train
33142,validation
33143,train
33144,train
33145,test
33146,test
33147,train
33148,train
33149,train
33150,train
33151,test
33152,train
33153,test
33154,train
33155,train
33156,train
33157,train
33158,validation
33159,train
33160,validation
33161,train
33162,train
33163,train
33164,validation
33165,test
33166,train
33167,train
33168,train
33169,train
33170,train
33171,validation
33172,train
33173,train
33174,train
33175,train
33176,train
33177,test
33178,train
33179,train
33180,train
33181,train
33182,train
33183,train
33184,train
33185,validation
33186,test
33187,validation
33188,train
33189,train
33190,train
33191,train
33192,train
33193,validation
33194,train
33195,train
33196,train
33197,test
33198,train
33199,test
33200,test
33201,train
33202,train
33203,train
33204,validation
33205,train
33206,train
33207,validation
33208,train
33209,validation
33210,validation
33211,test
33212,test
33213,train
33214,train
33215,train
33216,validation
33217,train
33218,test
33219,train
33220,train
33221,train
33222,validation
33223,train
33224,validation
33225,train
33226,train
33227,train
33228,test
33229,train
33230,test
33231,train
33232,train
33233,validation
33234,test
33235,test
33236,train
33237,train
33238,train
33239,train
33240,validation
33241,validation
33242,train
33243,train
33244,train
33245,train
33246,validation
33247,train
33248,test
33249,validation
33250,train
33251,test
33252,train
33253,train
33254,test
33255,test
33256,test
33257,train
33258,train
33259,train
33260,train
33261,test
33262,test
33263,train
33264,validation
33265,train
33266,train
33267,train
33268,train
33269,train
33270,train
33271,train
33272,train
33273,train
33274,train
33275,train
33276,train
33277,train
33278,train
33279,test
33280,test
33281,train
33282,train
33283,train
33284,train
33285,train
33286,train
33287,train
33288,train
33289,test
33290,test
33291,test
33292,train
33293,train
33294,test
33295,validation
33296,train
33297,train
33298,train
33299,train
33300,train
33301,train
33302,train
33303,train
33304,test
33305,train
33306,validation
33307,train
33308,test
33309,validation
33310,train
33311,test
33312,validation
33313,train
33314,train
33315,train
33316,test
33317,test
33318,train
33319,train
33320,test
33321,test
33322,train
33323,train
33324,train
33325,train
33326,train
33327,validation
33328,train
33329,train
33330,train
33331,train
33332,validation
33333,train
33334,train
33335,train
33336,train
33337,train
33338,train
33339,test
33340,test
33341,train
33342,train
33343,train
33344,train
33345,train
33346,train
33347,test
33348,train
33349,train
33350,validation
33351,test
33352,validation
33353,train
33354,train
33355,train
33356,train
33357,validation
33358,train
33359,train
33360,test
33361,train
33362,validation
33363,train
33364,test
33365,train
33366,train
33367,validation
33368,train
33369,test
33370,train
33371,train
33372,train
33373,train
33374,train
33375,train
33376,validation
33377,train
33378,validation
33379,train
33380,train
33381,validation
33382,validation
33383,train
33384,train
33385,train
33386,test
33387,validation
33388,train
33389,validation
33390,train
33391,train
33392,validation
33393,train
33394,train
33395,train
33396,test
33397,train
33398,train
33399,train
33400,train
33401,train
33402,test
33403,test
33404,test
33405,train
33406,train
33407,train
33408,test
33409,train
33410,train
33411,validation
33412,train
33413,test
33414,validation
33415,train
33416,train
33417,train
33418,validation
33419,test
33420,test
33421,train
33422,train
33423,train
33424,train
33425,train
33426,test
33427,train
33428,test
33429,validation
33430,train
33431,test
33432,test
33433,train
33434,test
33435,train
33436,train
33437,train
33438,test
33439,test
33440,test
33441,test
33442,train
33443,train
33444,train
33445,test
33446,validation
33447,train
33448,train
33449,train
33450,validation
33451,train
33452,train
33453,train
33454,validation
33455,train
33456,train
33457,train
33458,test
33459,test
33460,train
33461,test
33462,train
33463,train
33464,train
33465,test
33466,train
33467,train
33468,train
33469,train
33470,train
33471,train
33472,test
33473,validation
33474,train
33475,validation
33476,train
33477,train
33478,test
33479,train
33480,test
33481,train
33482,test
33483,validation
33484,train
33485,train
33486,test
33487,test
33488,train
33489,train
33490,validation
33491,train
33492,train
33493,train
33494,validation
33495,train
33496,train
33497,test
33498,validation
33499,train
33500,train
33501,train
33502,train
33503,train
33504,train
33505,test
33506,train
33507,train
33508,train
33509,test
33510,train
33511,train
33512,train
33513,validation
33514,test
33515,test
33516,test
33517,train
33518,test
33519,validation
33520,train
33521,train
33522,test
33523,test
33524,train
33525,test
33526,validation
33527,test
33528,test
33529,validation
33530,train
33531,train
33532,validation
33533,validation
33534,validation
33535,train
33536,train
33537,test
33538,test
33539,train
33540,validation
33541,validation
33542,validation
33543,train
33544,train
33545,test
33546,train
33547,train
33548,train
33549,test
33550,train
33551,validation
33552,validation
33553,train
33554,validation
33555,validation
33556,validation
33557,train
33558,validation
33559,train
33560,train
33561,train
33562,test
33563,train
33564,test
33565,train
33566,train
33567,train
33568,test
33569,train
33570,train
33571,train
33572,validation
33573,train
33574,test
33575,train
33576,validation
33577,validation
33578,train
33579,test
33580,train
33581,test
33582,train
33583,train
33584,validation
33585,train
33586,test
33587,test
33588,train
33589,test
33590,train
33591,train
33592,train
33593,train
33594,train
33595,train
33596,train
33597,train
33598,train
33599,train
33600,train
33601,test
33602,validation
33603,validation
33604,train
33605,validation
33606,train
33607,validation
33608,train
33609,test
33610,train
33611,train
33612,train
33613,train
33614,validation
33615,train
33616,train
33617,test
33618,train
33619,train
33620,train
33621,validation
33622,train
33623,train
33624,train
33625,train
33626,train
33627,test
33628,validation
33629,validation
33630,train
33631,test
33632,train
33633,test
33634,train
33635,train
33636,train
33637,train
33638,train
33639,validation
33640,train
33641,train
33642,validation
33643,train
33644,test
33645,train
33646,train
33647,train
33648,train
33649,train
33650,validation
33651,train
33652,train
33653,train
33654,train
33655,test
33656,train
33657,train
33658,train
33659,validation
33660,train
33661,train
33662,train
33663,validation
33664,train
33665,train
33666,train
33667,train
33668,train
33669,train
33670,test
33671,train
33672,train
33673,train
33674,train
33675,train
33676,train
33677,validation
33678,train
33679,train
33680,train
33681,train
33682,train
33683,train
33684,train
33685,train
33686,train
33687,train
33688,test
33689,validation
33690,test
33691,train
33692,train
33693,train
33694,train
33695,validation
33696,train
33697,train
33698,validation
33699,validation
33700,validation
33701,test
33702,test
33703,train
33704,train
33705,train
33706,test
33707,validation
33708,train
33709,train
33710,train
33711,train
33712,validation
33713,train
33714,train
33715,train
33716,train
33717,test
33718,train
33719,validation
33720,train
33721,train
33722,train
33723,train
33724,train
33725,train
33726,train
33727,train
33728,test
33729,validation
33730,train
33731,train
33732,train
33733,validation
33734,validation
33735,train
33736,validation
33737,train
33738,train
33739,test
33740,validation
33741,train
33742,train
33743,train
33744,train
33745,train
33746,train
33747,test
33748,test
33749,train
33750,train
33751,train
33752,train
33753,validation
33754,validation
33755,test
33756,train
33757,test
33758,test
33759,train
33760,train
33761,train
33762,validation
33763,train
33764,train
33765,train
33766,test
33767,validation
33768,validation
33769,train
33770,validation
33771,train
33772,train
33773,train
33774,train
33775,train
33776,train
33777,test
33778,train
33779,train
33780,validation
33781,train
33782,train
33783,train
33784,train
33785,train
33786,train
33787,validation
33788,train
33789,train
33790,test
33791,train
33792,train
33793,validation
33794,train
33795,train
33796,train
33797,train
33798,train
33799,train
33800,train
33801,train
33802,validation
33803,validation
33804,test
33805,train
33806,train
33807,validation
33808,validation
33809,validation
33810,validation
33811,train
33812,test
33813,train
33814,validation
33815,train
33816,validation
33817,train
33818,test
33819,train
33820,validation
33821,test
33822,test
33823,validation
33824,train
33825,train
33826,test
33827,train
33828,train
33829,train
33830,train
33831,train
33832,train
33833,test
33834,train
33835,train
33836,train
33837,validation
33838,train
33839,validation
33840,train
33841,validation
33842,train
33843,train
33844,train
33845,train
33846,train
33847,train
33848,validation
33849,train
33850,train
33851,train
33852,train
33853,train
33854,validation
33855,train
33856,train
33857,validation
33858,train
33859,train
33860,validation
33861,validation
33862,train
33863,test
33864,train
33865,train
33866,validation
33867,train
33868,validation
33869,train
33870,validation
33871,validation
33872,test
33873,train
33874,test
33875,train
33876,test
33877,validation
33878,test
33879,train
33880,train
33881,train
33882,train
33883,validation
33884,train
33885,test
33886,train
33887,validation
33888,test
33889,train
33890,train
33891,test
33892,train
33893,train
33894,train
33895,train
33896,train
33897,train
33898,train
33899,train
33900,test
33901,test
33902,train
33903,validation
33904,train
33905,train
33906,train
33907,train
33908,train
33909,train
33910,train
33911,test
33912,train
33913,test
33914,train
33915,validation
33916,train
33917,train
33918,train
33919,validation
33920,validation
33921,train
33922,train
33923,test
33924,train
33925,train
33926,train
33927,train
33928,test
33929,test
33930,train
33931,train
33932,train
33933,train
33934,validation
33935,train
33936,train
33937,train
33938,train
33939,train
33940,validation
33941,train
33942,train
33943,train
33944,train
33945,train
33946,train
33947,train
33948,test
33949,validation
33950,test
33951,train
33952,train
33953,test
33954,test
33955,train
33956,test
33957,train
33958,train
33959,train
33960,train
33961,validation
33962,train
33963,train
33964,validation
33965,test
33966,validation
33967,train
33968,train
33969,train
33970,train
33971,train
33972,train
33973,train
33974,train
33975,train
33976,train
33977,train
33978,test
33979,train
33980,validation
33981,validation
33982,validation
33983,train
33984,train
33985,train
33986,train
33987,validation
33988,train
33989,test
33990,train
33991,validation
33992,train
33993,train
33994,train
33995,validation
33996,validation
33997,test
33998,validation
33999,test
34000,test
34001,train
34002,validation
34003,train
34004,train
34005,validation
34006,validation
34007,train
34008,train
34009,test
34010,train
34011,validation
34012,train
34013,train
34014,train
34015,train
34016,train
34017,train
34018,validation
34019,train
34020,train
34021,train
34022,test
34023,train
34024,test
34025,train
34026,train
34027,train
34028,test
34029,train
34030,train
34031,train
34032,test
34033,train
34034,validation
34035,test
34036,validation
34037,train
34038,train
34039,train
34040,validation
34041,train
34042,test
34043,train
34044,train
34045,test
34046,validation
34047,train
34048,validation
34049,train
34050,train
34051,validation
34052,train
34053,train
34054,test
34055,train
34056,validation
34057,validation
34058,validation
34059,train
34060,train
34061,train
34062,train
34063,test
34064,test
34065,test
34066,train
34067,validation
34068,test
34069,train
34070,train
34071,test
34072,train
34073,validation
34074,train
34075,test
34076,test
34077,train
34078,validation
34079,test
34080,train
34081,train
34082,test
34083,test
34084,train
34085,test
34086,validation
34087,train
34088,validation
34089,test
34090,train
34091,validation
34092,test
34093,train
34094,train
34095,train
34096,train
34097,train
34098,validation
34099,test
34100,test
34101,train
34102,test
34103,train
34104,train
34105,validation
34106,validation
34107,test
34108,train
34109,train
34110,test
34111,train
34112,test
34113,validation
34114,train
34115,train
34116,train
34117,train
34118,validation
34119,train
34120,train
34121,validation
34122,validation
34123,validation
34124,train
34125,test
34126,train
34127,train
34128,train
34129,validation
34130,train
34131,validation
34132,validation
34133,train
34134,train
34135,train
34136,validation
34137,test
34138,test
34139,train
34140,validation
34141,train
34142,train
34143,test
34144,train
34145,validation
34146,test
34147,train
34148,validation
34149,test
34150,train
34151,train
34152,validation
34153,test
34154,test
34155,test
34156,test
34157,train
34158,test
34159,train
34160,test
34161,validation
34162,validation
34163,train
34164,train
34165,train
34166,validation
34167,train
34168,train
34169,test
34170,train
34171,train
34172,train
34173,train
34174,train
34175,test
34176,validation
34177,validation
34178,train
34179,validation
34180,test
34181,validation
34182,train
34183,validation
34184,train
34185,validation
34186,train
34187,train
34188,test
34189,test
34190,train
34191,test
34192,validation
34193,train
34194,test
34195,validation
34196,test
34197,test
34198,train
34199,train
34200,train
34201,test
34202,train
34203,validation
34204,train
34205,train
34206,train
34207,validation
34208,train
34209,train
34210,train
34211,train
34212,train
34213,train
34214,test
34215,test
34216,train
34217,train
34218,validation
34219,validation
34220,validation
34221,validation
34222,train
34223,validation
34224,validation
34225,train
34226,test
34227,train
34228,train
34229,train
34230,train
34231,train
34232,train
34233,train
34234,train
34235,train
34236,validation
34237,validation
34238,train
34239,train
34240,train
34241,train
34242,test
34243,test
34244,train
34245,train
34246,train
34247,validation
34248,train
34249,test
34250,train
34251,test
34252,train
34253,validation
34254,train
34255,train
34256,train
34257,train
34258,train
34259,train
34260,train
34261,train
34262,validation
34263,train
34264,train
34265,train
34266,train
34267,validation
34268,train
34269,train
34270,validation
34271,train
34272,train
34273,train
34274,train
34275,train
34276,train
34277,validation
34278,train
34279,validation
34280,test
34281,train
34282,train
34283,test
34284,train
34285,train
34286,test
34287,train
34288,train
34289,validation
34290,train
34291,test
34292,train
34293,train
34294,train
34295,train
34296,test
34297,train
34298,train
34299,test
34300,test
34301,train
34302,test
34303,train
34304,train
34305,test
34306,train
34307,test
34308,test
34309,validation
34310,test
34311,train
34312,train
34313,train
34314,train
34315,train
34316,train
34317,train
34318,train
34319,train
34320,test
34321,train
34322,test
34323,train
34324,train
34325,train
34326,train
34327,validation
34328,test
34329,validation
34330,train
34331,train
34332,test
34333,train
34334,train
34335,train
34336,validation
34337,test
34338,train
34339,train
34340,validation
34341,train
34342,train
34343,train
34344,train
34345,validation
34346,train
34347,validation
34348,validation
34349,train
34350,validation
34351,train
34352,train
34353,train
34354,validation
34355,test
34356,train
34357,train
34358,test
34359,train
34360,train
34361,train
34362,test
34363,train
34364,train
34365,test
34366,validation
34367,train
34368,train
34369,train
34370,train
34371,test
34372,test
34373,train
34374,validation
34375,validation
34376,train
34377,train
34378,train
34379,train
34380,train
34381,validation
34382,test
34383,train
34384,validation
34385,validation
34386,test
34387,test
34388,train
34389,train
34390,train
34391,train
34392,train
34393,train
34394,test
34395,test
34396,test
34397,test
34398,train
34399,train
34400,test
34401,train
34402,validation
34403,validation
34404,train
34405,train
34406,test
34407,validation
34408,validation
34409,validation
34410,train
34411,train
34412,train
34413,test
34414,train
34415,validation
34416,train
34417,train
34418,test
34419,validation
34420,train
34421,train
34422,train
34423,train
34424,train
34425,validation
34426,train
34427,train
34428,validation
34429,train
34430,train
34431,test
34432,train
34433,train
34434,test
34435,train
34436,train
34437,test
34438,test
34439,test
34440,train
34441,test
34442,train
34443,train
34444,train
34445,train
34446,train
34447,train
34448,train
34449,validation
34450,validation
34451,train
34452,train
34453,test
34454,train
34455,test
34456,validation
34457,validation
34458,train
34459,validation
34460,train
34461,validation
34462,train
34463,train
34464,train
34465,test
34466,validation
34467,train
34468,test
34469,test
34470,train
34471,train
34472,train
34473,train
34474,train
34475,train
34476,validation
34477,test
34478,train
34479,test
34480,train
34481,train
34482,train
34483,train
34484,train
34485,train
34486,train
34487,test
34488,train
34489,train
34490,test
34491,validation
34492,test
34493,train
34494,train
34495,train
34496,validation
34497,test
34498,train
34499,train
34500,train
34501,train
34502,train
34503,train
34504,train
34505,train
34506,train
34507,test
34508,train
34509,train
34510,validation
34511,test
34512,train
34513,train
34514,test
34515,train
34516,train
34517,train
34518,train
34519,train
34520,test
34521,train
34522,train
34523,validation
34524,train
34525,validation
34526,test
34527,test
34528,train
34529,train
34530,test
34531,train
34532,train
34533,train
34534,train
34535,train
34536,validation
34537,test
34538,validation
34539,train
34540,test
34541,train
34542,test
34543,train
34544,train
34545,test
34546,test
34547,train
34548,train
34549,train
34550,test
34551,train
34552,train
34553,test
34554,validation
34555,train
34556,train
34557,test
34558,train
34559,train
34560,validation
34561,train
34562,train
34563,train
34564,test
34565,train
34566,train
34567,validation
34568,train
34569,train
34570,test
34571,train
34572,train
34573,train
34574,train
34575,train
34576,validation
34577,test
34578,train
34579,validation
34580,train
34581,train
34582,test
34583,train
34584,validation
34585,train
34586,train
34587,train
34588,validation
34589,train
34590,validation
34591,train
34592,train
34593,train
34594,test
34595,train
34596,test
34597,test
34598,validation
34599,train
34600,train
34601,test
34602,validation
34603,train
34604,test
34605,test
34606,test
34607,validation
34608,train
34609,train
34610,test
34611,validation
34612,test
34613,train
34614,train
34615,train
34616,train
34617,validation
34618,validation
34619,train
34620,train
34621,train
34622,validation
34623,validation
34624,train
34625,train
34626,train
34627,validation
34628,train
34629,validation
34630,train
34631,train
34632,validation
34633,train
34634,train
34635,train
34636,train
34637,train
34638,test
34639,test
34640,train
34641,test
34642,validation
34643,validation
34644,train
34645,validation
34646,test
34647,train
34648,validation
34649,test
34650,validation
34651,test
34652,train
34653,test
34654,train
34655,validation
34656,train
34657,validation
34658,train
34659,test
34660,validation
34661,train
34662,validation
34663,validation
34664,train
34665,train
34666,train
34667,train
34668,test
34669,train
34670,validation
34671,train
34672,test
34673,train
34674,train
34675,train
34676,train
34677,test
34678,validation
34679,train
34680,train
34681,train
34682,train
34683,train
34684,test
34685,validation
34686,validation
34687,train
34688,test
34689,test
34690,train
34691,validation
34692,test
34693,train
34694,train
34695,train
34696,validation
34697,train
34698,validation
34699,train
34700,train
34701,train
34702,train
34703,train
34704,train
34705,train
34706,train
34707,test
34708,validation
34709,train
34710,train
34711,validation
34712,train
34713,train
34714,validation
34715,train
34716,test
34717,validation
34718,train
34719,train
34720,train
34721,train
34722,validation
34723,validation
34724,test
34725,train
34726,train
34727,test
34728,train
34729,test
34730,train
34731,test
34732,train
34733,validation
34734,train
34735,train
34736,test
34737,train
34738,train
34739,train
34740,validation
34741,train
34742,train
34743,validation
34744,train
34745,train
34746,test
34747,train
34748,train
34749,train
34750,test
34751,train
34752,validation
34753,test
34754,train
34755,validation
34756,validation
34757,train
34758,train
34759,validation
34760,test
34761,validation
34762,train
34763,validation
34764,test
34765,train
34766,train
34767,train
34768,train
34769,validation
34770,train
34771,validation
34772,train
34773,train
34774,validation
34775,train
34776,train
34777,validation
34778,train
34779,train
34780,test
34781,validation
34782,test
34783,validation
34784,train
34785,train
34786,train
34787,train
34788,train
34789,train
34790,train
34791,train
34792,validation
34793,train
34794,train
34795,validation
34796,train
34797,validation
34798,validation
34799,validation
34800,validation
34801,train
34802,validation
34803,train
34804,train
34805,train
34806,test
34807,train
34808,validation
34809,validation
34810,test
34811,train
34812,test
34813,train
34814,validation
34815,train
34816,train
34817,train
34818,train
34819,train
34820,train
34821,train
34822,train
34823,train
34824,validation
34825,train
34826,validation
34827,test
34828,test
34829,train
34830,train
34831,test
34832,test
34833,test
34834,validation
34835,train
34836,train
34837,train
34838,validation
34839,train
34840,train
34841,train
34842,train
34843,validation
34844,test
34845,train
34846,test
34847,validation
34848,train
34849,test
34850,train
34851,test
34852,validation
34853,test
34854,train
34855,test
34856,train
34857,train
34858,train
34859,test
34860,validation
34861,train
34862,validation
34863,train
34864,train
34865,train
34866,train
34867,train
34868,test
34869,train
34870,train
34871,train
34872,validation
34873,train
34874,test
34875,validation
34876,train
34877,train
34878,train
34879,validation
34880,train
34881,train
34882,train
34883,train
34884,validation
34885,train
34886,train
34887,train
34888,test
34889,train
34890,train
34891,test
34892,train
34893,train
34894,train
34895,train
34896,train
34897,train
34898,train
34899,test
34900,train
34901,train
34902,train
34903,train
34904,validation
34905,train
34906,validation
34907,train
34908,train
34909,validation
34910,test
34911,test
34912,train
34913,train
34914,test
34915,train
34916,test
34917,train
34918,test
34919,train
34920,test
34921,test
34922,train
34923,test
34924,test
34925,train
34926,train
34927,train
34928,train
34929,validation
34930,train
34931,train
34932,validation
34933,test
34934,validation
34935,train
34936,train
34937,train
34938,train
34939,test
34940,train
34941,validation
34942,validation
34943,train
34944,test
34945,train
34946,train
34947,validation
34948,train
34949,train
34950,test
34951,test
34952,test
34953,train
34954,validation
34955,train
34956,train
34957,validation
34958,train
34959,test
34960,train
34961,train
34962,test
34963,train
34964,validation
34965,train
34966,train
34967,train
34968,validation
34969,test
34970,train
34971,train
34972,validation
34973,test
34974,train
34975,train
34976,train
34977,validation
34978,train
34979,train
34980,train
34981,train
34982,train
34983,test
34984,train
34985,train
34986,test
34987,train
34988,test
34989,validation
34990,train
34991,train
34992,train
34993,train
34994,train
34995,train
34996,test
34997,train
34998,train
34999,test
35000,train
35001,train
35002,train
35003,validation
35004,test
35005,train
35006,train
35007,train
35008,validation
35009,test
35010,test
35011,train
35012,train
35013,train
35014,test
35015,train
35016,validation
35017,train
35018,train
35019,train
35020,train
35021,validation
35022,validation
35023,validation
35024,train
35025,train
35026,validation
35027,train
35028,validation
35029,test
35030,train
35031,train
35032,train
35033,test
35034,validation
35035,train
35036,train
35037,test
35038,train
35039,train
35040,train
35041,validation
35042,train
35043,test
35044,train
35045,train
35046,train
35047,train
35048,test
35049,train
35050,train
35051,test
35052,train
35053,validation
35054,test
35055,train
35056,train
35057,train
35058,validation
35059,validation
35060,train
35061,train
35062,test
35063,test
35064,train
35065,train
35066,train
35067,train
35068,train
35069,train
35070,validation
35071,test
35072,train
35073,test
35074,validation
35075,train
35076,train
35077,validation
35078,validation
35079,validation
35080,test
35081,train
35082,train
35083,train
35084,train
35085,train
35086,train
35087,train
35088,train
35089,test
35090,train
35091,validation
35092,train
35093,train
35094,train
35095,train
35096,test
35097,validation
35098,validation
35099,train
35100,train
35101,train
35102,train
35103,test
35104,test
35105,train
35106,train
35107,test
35108,train
35109,test
35110,train
35111,train
35112,test
35113,train
35114,train
35115,validation
35116,train
35117,train
35118,train
35119,train
35120,train
35121,test
35122,validation
35123,validation
35124,train
35125,train
35126,validation
35127,train
35128,validation
35129,train
35130,train
35131,train
35132,train
35133,train
35134,train
35135,test
35136,train
35137,train
35138,test
35139,validation
35140,train
35141,train
35142,train
35143,test
35144,train
35145,train
35146,train
35147,train
35148,train
35149,validation
35150,validation
35151,train
35152,test
35153,train
35154,train
35155,validation
35156,train
35157,train
35158,train
35159,train
35160,train
35161,train
35162,test
35163,train
35164,validation
35165,validation
35166,validation
35167,train
35168,train
35169,validation
35170,train
35171,train
35172,train
35173,train
35174,train
35175,train
35176,train
35177,train
35178,train
35179,train
35180,train
35181,train
35182,test
35183,train
35184,test
35185,validation
35186,train
35187,train
35188,validation
35189,train
35190,train
35191,train
35192,train
35193,train
35194,train
35195,train
35196,train
35197,train
35198,train
35199,validation
35200,train
35201,train
35202,train
35203,test
35204,test
35205,train
35206,train
35207,test
35208,train
35209,train
35210,validation
35211,validation
35212,test
35213,test
35214,train
35215,validation
35216,train
35217,test
35218,train
35219,train
35220,test
35221,validation
35222,train
35223,test
35224,validation
35225,train
35226,validation
35227,train
35228,test
35229,train
35230,train
35231,train
35232,train
35233,test
35234,validation
35235,test
35236,train
35237,train
35238,validation
35239,test
35240,train
35241,validation
35242,train
35243,test
35244,train
35245,train
35246,train
35247,validation
35248,test
35249,train
35250,train
35251,train
35252,train
35253,test
35254,train
35255,train
35256,validation
35257,train
35258,validation
35259,test
35260,train
35261,validation
35262,test
35263,validation
35264,train
35265,train
35266,train
35267,train
35268,test
35269,test
35270,train
35271,test
35272,validation
35273,validation
35274,test
35275,test
35276,train
35277,train
35278,train
35279,train
35280,test
35281,train
35282,test
35283,train
35284,train
35285,train
35286,validation
35287,validation
35288,validation
35289,validation
35290,validation
35291,validation
35292,train
35293,test
35294,train
35295,train
35296,validation
35297,test
35298,train
35299,train
35300,train
35301,test
35302,validation
35303,test
35304,validation
35305,validation
35306,train
35307,train
35308,train
35309,train
35310,train
35311,validation
35312,train
35313,validation
35314,test
35315,train
35316,test
35317,train
35318,validation
35319,validation
35320,test
35321,test
35322,train
35323,train
35324,train
35325,test
35326,validation
35327,train
35328,train
35329,train
35330,train
35331,train
35332,train
35333,train
35334,test
35335,train
35336,train
35337,train
35338,validation
35339,train
35340,train
35341,test
35342,train
35343,train
35344,validation
35345,train
35346,train
35347,validation
35348,validation
35349,validation
35350,test
35351,validation
35352,train
35353,validation
35354,train
35355,train
35356,train
35357,train
35358,test
35359,train
35360,validation
35361,validation
35362,train
35363,train
35364,train
35365,test
35366,train
35367,train
35368,train
35369,train
35370,train
35371,test
35372,train
35373,test
35374,train
35375,test
35376,train
35377,train
35378,validation
35379,train
35380,train
35381,train
35382,validation
35383,train
35384,train
35385,train
35386,train
35387,train
35388,validation
35389,train
35390,train
35391,train
35392,test
35393,test
35394,train
35395,train
35396,test
35397,train
35398,train
35399,validation
35400,train
35401,train
35402,train
35403,train
35404,train
35405,train
35406,validation
35407,validation
35408,test
35409,train
35410,validation
35411,train
35412,train
35413,train
35414,validation
35415,validation
35416,train
35417,train
35418,test
35419,train
35420,train
35421,test
35422,validation
35423,train
35424,train
35425,train
35426,validation
35427,train
35428,train
35429,train
35430,train
35431,test
35432,test
35433,train
35434,test
35435,train
35436,train
35437,test
35438,train
35439,train
35440,train
35441,train
35442,test
35443,validation
35444,validation
35445,test
35446,train
35447,test
35448,train
35449,validation
35450,validation
35451,train
35452,validation
35453,train
35454,train
35455,train
35456,validation
35457,test
35458,validation
35459,train
35460,train
35461,validation
35462,test
35463,train
35464,train
35465,train
35466,train
35467,train
35468,validation
35469,test
35470,test
35471,train
35472,test
35473,train
35474,test
35475,test
35476,validation
35477,train
35478,test
35479,validation
35480,train
35481,validation
35482,test
35483,train
35484,train
35485,train
35486,train
35487,train
35488,validation
35489,test
35490,test
35491,train
35492,validation
35493,train
35494,validation
35495,train
35496,train
35497,train
35498,train
35499,train
35500,validation
35501,train
35502,test
35503,test
35504,train
35505,test
35506,train
35507,validation
35508,train
35509,train
35510,train
35511,train
35512,train
35513,test
35514,test
35515,train
35516,test
35517,train
35518,train
35519,train
35520,validation
35521,test
35522,train
35523,validation
35524,train
35525,train
35526,test
35527,test
35528,test
35529,test
35530,train
35531,test
35532,train
35533,train
35534,train
35535,train
35536,validation
35537,train
35538,train
35539,validation
35540,validation
35541,train
35542,train
35543,train
35544,test
35545,train
35546,train
35547,test
35548,train
35549,validation
35550,validation
35551,validation
35552,train
35553,test
35554,test
35555,train
35556,test
35557,train
35558,train
35559,train
35560,validation
35561,train
35562,validation
35563,train
35564,validation
35565,train
35566,test
35567,validation
35568,train
35569,train
35570,train
35571,train
35572,train
35573,train
35574,train
35575,validation
35576,train
35577,train
35578,train
35579,train
35580,train
35581,train
35582,validation
35583,train
35584,test
35585,train
35586,validation
35587,train
35588,test
35589,validation
35590,train
35591,train
35592,train
35593,train
35594,test
35595,train
35596,train
35597,train
35598,validation
35599,train
35600,test
35601,validation
35602,test
35603,train
35604,validation
35605,train
35606,test
35607,validation
35608,train
35609,train
35610,train
35611,train
35612,train
35613,train
35614,train
35615,validation
35616,validation
35617,test
35618,train
35619,test
35620,train
35621,train
35622,train
35623,validation
35624,validation
35625,test
35626,test
35627,train
35628,train
35629,train
35630,train
35631,validation
35632,train
35633,validation
35634,train
35635,train
35636,test
35637,test
35638,train
35639,train
35640,train
35641,train
35642,validation
35643,train
35644,validation
35645,train
35646,train
35647,train
35648,train
35649,train
35650,validation
35651,test
35652,train
35653,test
35654,train
35655,train
35656,train
35657,validation
35658,train
35659,train
35660,validation
35661,test
35662,train
35663,test
35664,train
35665,test
35666,train
35667,train
35668,train
35669,train
35670,train
35671,train
35672,train
35673,test
35674,test
35675,test
35676,train
35677,validation
35678,validation
35679,train
35680,validation
35681,test
35682,validation
35683,train
35684,train
35685,test
35686,train
35687,train
35688,train
35689,train
35690,train
35691,validation
35692,train
35693,test
35694,train
35695,train
35696,train
35697,test
35698,train
35699,train
35700,validation
35701,train
35702,test
35703,train
35704,test
35705,train
35706,validation
35707,test
35708,test
35709,train
35710,train
35711,test
35712,validation
35713,train
35714,train
35715,validation
35716,train
35717,test
35718,validation
35719,train
35720,train
35721,train
35722,train
35723,train
35724,validation
35725,train
35726,validation
35727,train
35728,train
35729,train
35730,train
35731,train
35732,train
35733,validation
35734,train
35735,test
35736,test
35737,test
35738,train
35739,test
35740,train
35741,train
35742,validation
35743,validation
35744,train
35745,validation
35746,train
35747,train
35748,test
35749,train
35750,validation
35751,test
35752,train
35753,train
35754,train
35755,validation
35756,test
35757,train
35758,validation
35759,train
35760,train
35761,validation
35762,test
35763,train
35764,validation
35765,train
35766,train
35767,test
35768,train
35769,train
35770,train
35771,validation
35772,train
35773,train
35774,train
35775,test
35776,train
35777,train
35778,train
35779,validation
35780,test
35781,validation
35782,train
35783,train
35784,test
35785,test
35786,train
35787,train
35788,train
35789,test
35790,train
35791,train
35792,train
35793,train
35794,test
35795,test
35796,train
35797,train
35798,train
35799,train
35800,test
35801,train
35802,train
35803,train
35804,train
35805,validation
35806,train
35807,train
35808,train
35809,validation
35810,validation
35811,validation
35812,test
35813,train
35814,test
35815,test
35816,test
35817,train
35818,train
35819,validation
35820,test
35821,train
35822,train
35823,test
35824,train
35825,train
35826,train
35827,train
35828,train
35829,train
35830,train
35831,train
35832,train
35833,train
35834,train
35835,validation
35836,train
35837,train
35838,train
35839,train
35840,test
35841,train
35842,train
35843,train
35844,train
35845,train
35846,train
35847,validation
35848,train
35849,train
35850,test
35851,test
35852,test
35853,train
35854,validation
35855,test
35856,train
35857,train
35858,train
35859,validation
35860,train
35861,train
35862,test
35863,test
35864,train
35865,train
35866,train
35867,train
35868,train
35869,train
35870,train
35871,train
35872,test
35873,train
35874,train
35875,test
35876,train
35877,validation
35878,validation
35879,train
35880,train
35881,test
35882,validation
35883,test
35884,test
35885,train
35886,train
35887,train
35888,train
35889,validation
35890,validation
35891,train
35892,train
35893,train
35894,train
35895,test
35896,train
35897,train
35898,train
35899,train
35900,train
35901,train
35902,test
35903,test
35904,test
35905,test
35906,train
35907,test
35908,train
35909,validation
35910,train
35911,train
35912,train
35913,train
35914,validation
35915,train
35916,train
35917,train
35918,train
35919,test
35920,test
35921,train
35922,train
35923,train
35924,validation
35925,train
35926,train
35927,train
35928,validation
35929,validation
35930,validation
35931,validation
35932,test
35933,validation
35934,test
35935,train
35936,test
35937,train
35938,train
35939,validation
35940,train
35941,train
35942,test
35943,validation
35944,validation
35945,train
35946,train
35947,train
35948,test
35949,test
35950,train
35951,train
35952,test
35953,train
35954,validation
35955,validation
35956,train
35957,train
35958,train
35959,train
35960,train
35961,train
35962,train
35963,train
35964,validation
35965,validation
35966,test
35967,train
35968,test
35969,train
35970,train
35971,train
35972,train
35973,test
35974,train
35975,validation
35976,train
35977,test
35978,validation
35979,train
35980,train
35981,train
35982,train
35983,test
35984,train
35985,train
35986,train
35987,validation
35988,test
35989,train
35990,test
35991,test
35992,train
35993,train
35994,train
35995,train
35996,validation
35997,test
35998,validation
35999,validation
36000,train
36001,train
36002,test
36003,train
36004,test
36005,train
36006,train
36007,test
36008,train
36009,validation
36010,train
36011,test
36012,validation
36013,train
36014,train
36015,train
36016,test
36017,validation
36018,test
36019,test
36020,train
36021,validation
36022,train
36023,train
36024,train
36025,validation
36026,train
36027,train
36028,train
36029,test
36030,train
36031,train
36032,test
36033,train
36034,train
36035,train
36036,validation
36037,validation
36038,train
36039,validation
36040,test
36041,train
36042,train
36043,train
36044,train
36045,train
36046,train
36047,train
36048,train
36049,train
36050,train
36051,train
36052,train
36053,test
36054,validation
36055,train
36056,train
36057,train
36058,train
36059,test
36060,validation
36061,test
36062,train
36063,train
36064,validation
36065,validation
36066,train
36067,train
36068,test
36069,validation
36070,validation
36071,validation
36072,validation
36073,validation
36074,test
36075,train
36076,train
36077,train
36078,validation
36079,test
36080,validation
36081,train
36082,train
36083,train
36084,validation
36085,validation
36086,train
36087,validation
36088,train
36089,train
36090,validation
36091,validation
36092,train
36093,validation
36094,train
36095,train
36096,train
36097,test
36098,test
36099,train
36100,test
36101,train
36102,train
36103,train
36104,train
36105,train
36106,train
36107,train
36108,train
36109,train
36110,test
36111,train
36112,train
36113,train
36114,test
36115,train
36116,test
36117,train
36118,test
36119,train
36120,validation
36121,train
36122,validation
36123,train
36124,train
36125,train
36126,train
36127,train
36128,train
36129,train
36130,train
36131,train
36132,train
36133,train
36134,validation
36135,train
36136,test
36137,train
36138,train
36139,train
36140,test
36141,validation
36142,train
36143,train
36144,train
36145,train
36146,test
36147,train
36148,validation
36149,train
36150,train
36151,train
36152,train
36153,validation
36154,train
36155,validation
36156,validation
36157,validation
36158,train
36159,train
36160,validation
36161,train
36162,train
36163,train
36164,train
36165,train
36166,test
36167,train
36168,train
36169,train
36170,train
36171,train
36172,train
36173,train
36174,train
36175,validation
36176,validation
36177,train
36178,train
36179,train
36180,train
36181,train
36182,train
36183,train
36184,test
36185,test
36186,train
36187,validation
36188,train
36189,train
36190,train
36191,train
36192,train
36193,test
36194,train
36195,train
36196,validation
36197,train
36198,train
36199,test
36200,train
36201,validation
36202,train
36203,train
36204,test
36205,train
36206,train
36207,train
36208,validation
36209,train
36210,train
36211,validation
36212,train
36213,validation
36214,train
36215,train
36216,train
36217,validation
36218,train
36219,test
36220,train
36221,test
36222,train
36223,test
36224,test
36225,train
36226,train
36227,test
36228,validation
36229,train
36230,train
36231,train
36232,train
36233,validation
36234,train
36235,train
36236,test
36237,train
36238,train
36239,train
36240,train
36241,test
36242,validation
36243,train
36244,train
36245,validation
36246,validation
36247,train
36248,train
36249,train
36250,train
36251,train
36252,train
36253,train
36254,train
36255,validation
36256,train
36257,train
36258,train
36259,train
36260,train
36261,validation
36262,test
36263,train
36264,test
36265,validation
36266,test
36267,test
36268,train
36269,train
36270,test
36271,train
36272,train
36273,validation
36274,train
36275,train
36276,train
36277,test
36278,validation
36279,train
36280,train
36281,train
36282,test
36283,test
36284,test
36285,train
36286,validation
36287,train
36288,train
36289,train
36290,train
36291,train
36292,validation
36293,validation
36294,test
36295,train
36296,train
36297,train
36298,validation
36299,train
36300,train
36301,test
36302,train
36303,validation
36304,train
36305,test
36306,validation
36307,validation
36308,train
36309,validation
36310,train
36311,test
36312,train
36313,train
36314,train
36315,train
36316,train
36317,train
36318,train
36319,test
36320,test
36321,train
36322,train
36323,train
36324,train
36325,test
36326,train
36327,test
36328,train
36329,train
36330,validation
36331,train
36332,validation
36333,validation
36334,validation
36335,test
36336,train
36337,train
36338,validation
36339,train
36340,test
36341,train
36342,train
36343,train
36344,validation
36345,train
36346,train
36347,validation
36348,validation
36349,train
36350,test
36351,test
36352,train
36353,test
36354,test
36355,train
36356,train
36357,train
36358,train
36359,validation
36360,train
36361,test
36362,train
36363,train
36364,validation
36365,validation
36366,train
36367,train
36368,train
36369,train
36370,train
36371,train
36372,validation
36373,train
36374,validation
36375,train
36376,test
36377,train
36378,test
36379,train
36380,train
36381,test
36382,validation
36383,validation
36384,train
36385,train
36386,train
36387,validation
36388,train
36389,train
36390,train
36391,train
36392,train
36393,test
36394,validation
36395,validation
36396,validation
36397,validation
36398,train
36399,train
36400,train
36401,validation
36402,validation
36403,test
36404,validation
36405,test
36406,test
36407,train
36408,test
36409,train
36410,validation
36411,train
36412,train
36413,validation
36414,train
36415,train
36416,train
36417,train
36418,test
36419,train
36420,train
36421,train
36422,test
36423,train
36424,test
36425,train
36426,train
36427,train
36428,validation
36429,train
36430,train
36431,train
36432,train
36433,validation
36434,validation
36435,validation
36436,train
36437,validation
36438,test
36439,train
36440,test
36441,train
36442,train
36443,test
36444,test
36445,train
36446,train
36447,validation
36448,train
36449,validation
36450,validation
36451,train
36452,validation
36453,train
36454,validation
36455,train
36456,validation
36457,train
36458,train
36459,train
36460,test
36461,train
36462,train
36463,train
36464,test
36465,train
36466,train
36467,validation
36468,test
36469,test
36470,train
36471,validation
36472,train
36473,train
36474,train
36475,train
36476,test
36477,train
36478,train
36479,train
36480,train
36481,train
36482,validation
36483,test
36484,train
36485,test
36486,validation
36487,test
36488,train
36489,train
36490,test
36491,train
36492,train
36493,train
36494,test
36495,validation
36496,train
36497,train
36498,train
36499,validation
36500,train
36501,validation
36502,train
36503,train
36504,train
36505,validation
36506,validation
36507,test
36508,test
36509,test
36510,test
36511,train
36512,validation
36513,train
36514,train
36515,train
36516,test
36517,train
36518,train
36519,validation
36520,train
36521,validation
36522,train
36523,test
36524,validation
36525,test
36526,train
36527,train
36528,test
36529,test
36530,train
36531,validation
36532,validation
36533,train
36534,train
36535,train
36536,train
36537,train
36538,validation
36539,train
36540,validation
36541,train
36542,train
36543,test
36544,test
36545,test
36546,validation
36547,train
36548,test
36549,validation
36550,test
36551,validation
36552,test
36553,train
36554,train
36555,test
36556,validation
36557,train
36558,train
36559,train
36560,test
36561,validation
36562,test
36563,train
36564,test
36565,train
36566,validation
36567,train
36568,test
36569,train
36570,train
36571,train
36572,train
36573,test
36574,train
36575,train
36576,validation
36577,test
36578,validation
36579,train
36580,train
36581,test
36582,train
36583,test
36584,train
36585,test
36586,train
36587,train
36588,test
36589,validation
36590,train
36591,train
36592,validation
36593,train
36594,train
36595,test
36596,validation
36597,train
36598,train
36599,validation
36600,train
36601,validation
36602,validation
36603,test
36604,validation
36605,validation
36606,train
36607,test
36608,test
36609,test
36610,train
36611,validation
36612,train
36613,validation
36614,train
36615,test
36616,test
36617,train
36618,train
36619,test
36620,train
36621,train
36622,test
36623,train
36624,validation
36625,train
36626,train
36627,test
36628,test
36629,validation
36630,train
36631,train
36632,validation
36633,train
36634,train
36635,train
36636,train
36637,validation
36638,test
36639,validation
36640,train
36641,test
36642,test
36643,train
36644,validation
36645,test
36646,train
36647,train
36648,validation
36649,train
36650,train
36651,train
36652,train
36653,validation
36654,train
36655,validation
36656,train
36657,test
36658,train
36659,train
36660,validation
36661,train
36662,test
36663,test
36664,train
36665,validation
36666,train
36667,validation
36668,train
36669,test
36670,train
36671,train
36672,train
36673,validation
36674,train
36675,train
36676,train
36677,train
36678,test
36679,train
36680,test
36681,train
36682,train
36683,validation
36684,validation
36685,train
36686,test
36687,validation
36688,train
36689,test
36690,train
36691,train
36692,test
36693,test
36694,train
36695,train
36696,test
36697,test
36698,train
36699,test
36700,validation
36701,train
36702,test
36703,test
36704,test
36705,train
36706,test
36707,train
36708,test
36709,train
36710,train
36711,validation
36712,validation
36713,train
36714,train
36715,validation
36716,validation
36717,validation
36718,train
36719,train
36720,validation
36721,train
36722,test
36723,train
36724,test
36725,train
36726,train
36727,train
36728,test
36729,train
36730,train
36731,train
36732,validation
36733,train
36734,train
36735,train
36736,train
36737,validation
36738,train
36739,train
36740,train
36741,validation
36742,train
36743,validation
36744,train
36745,train
36746,train
36747,test
36748,train
36749,train
36750,validation
36751,validation
36752,test
36753,validation
36754,train
36755,validation
36756,validation
36757,test
36758,test
36759,validation
36760,train
36761,test
36762,train
36763,train
36764,validation
36765,test
36766,train
36767,validation
36768,train
36769,validation
36770,validation
36771,test
36772,train
36773,train
36774,train
36775,train
36776,train
36777,train
36778,test
36779,train
36780,train
36781,test
36782,train
36783,train
36784,train
36785,train
36786,train
36787,train
36788,validation
36789,train
36790,validation
36791,validation
36792,train
36793,validation
36794,validation
36795,train
36796,test
36797,train
36798,train
36799,train
36800,train
36801,train
36802,train
36803,train
36804,validation
36805,train
36806,test
36807,train
36808,train
36809,validation
36810,train
36811,validation
36812,train
36813,train
36814,train
36815,validation
36816,train
36817,test
36818,test
36819,train
36820,train
36821,validation
36822,validation
36823,train
36824,train
36825,train
36826,train
36827,validation
36828,validation
36829,train
36830,train
36831,train
36832,train
36833,train
36834,train
36835,validation
36836,train
36837,train
36838,test
36839,test
36840,validation
36841,test
36842,test
36843,train
36844,validation
36845,test
36846,validation
36847,train
36848,train
36849,test
36850,train
36851,test
36852,test
36853,validation
36854,validation
36855,train
36856,test
36857,train
36858,train
36859,train
36860,test
36861,test
36862,train
36863,validation
36864,validation
36865,train
36866,train
36867,validation
36868,test
36869,validation
36870,train
36871,test
36872,train
36873,train
36874,train
36875,test
36876,test
36877,train
36878,validation
36879,validation
36880,train
36881,train
36882,train
36883,test
36884,validation
36885,train
36886,train
36887,train
36888,train
36889,train
36890,train
36891,train
36892,validation
36893,validation
36894,test
36895,train
36896,test
36897,validation
36898,train
36899,train
36900,train
36901,train
36902,train
36903,train
36904,train
36905,train
36906,train
36907,train
36908,train
36909,train
36910,validation
36911,validation
36912,train
36913,train
36914,train
36915,train
36916,validation
36917,train
36918,train
36919,train
36920,train
36921,train
36922,train
36923,train
36924,train
36925,validation
36926,train
36927,train
36928,train
36929,train
36930,test
36931,train
36932,validation
36933,train
36934,validation
36935,test
36936,validation
36937,train
36938,train
36939,test
36940,validation
36941,train
36942,train
36943,train
36944,train
36945,train
36946,validation
36947,validation
36948,train
36949,train
36950,test
36951,test
36952,train
36953,validation
36954,train
36955,train
36956,train
36957,train
36958,train
36959,train
36960,test
36961,test
36962,validation
36963,train
36964,train
36965,train
36966,validation
36967,train
36968,train
36969,train
36970,validation
36971,train
36972,train
36973,train
36974,train
36975,train
36976,test
36977,train
36978,train
36979,train
36980,validation
36981,test
36982,validation
36983,train
36984,train
36985,train
36986,train
36987,train
36988,train
36989,train
36990,train
36991,test
36992,train
36993,test
36994,validation
36995,train
36996,validation
36997,train
36998,train
36999,test
37000,train
37001,train
37002,train
37003,test
37004,train
37005,train
37006,test
37007,train
37008,train
37009,test
37010,test
37011,test
37012,train
37013,train
37014,train
37015,train
37016,train
37017,train
37018,train
37019,train
37020,validation
37021,validation
37022,validation
37023,train
37024,train
37025,validation
37026,validation
37027,validation
37028,validation
37029,test
37030,train
37031,validation
37032,train
37033,validation
37034,validation
37035,validation
37036,train
37037,train
37038,train
37039,train
37040,test
37041,test
37042,train
37043,train
37044,validation
37045,test
37046,train
37047,train
37048,train
37049,train
37050,test
37051,validation
37052,validation
37053,train
37054,train
37055,train
37056,train
37057,test
37058,test
37059,train
37060,test
37061,train
37062,train
37063,validation
37064,train
37065,test
37066,test
37067,validation
37068,train
37069,train
37070,train
37071,train
37072,validation
37073,test
37074,train
37075,train
37076,validation
37077,train
37078,train
37079,validation
37080,test
37081,validation
37082,train
37083,train
37084,test
37085,test
37086,validation
37087,validation
37088,test
37089,train
37090,train
37091,validation
37092,train
37093,train
37094,train
37095,train
37096,train
37097,validation
37098,train
37099,train
37100,train
37101,test
37102,train
37103,train
37104,validation
37105,train
37106,train
37107,train
37108,test
37109,test
37110,train
37111,train
37112,train
37113,test
37114,train
37115,train
37116,train
37117,train
37118,train
37119,train
37120,train
37121,validation
37122,train
37123,test
37124,validation
37125,validation
37126,train
37127,train
37128,train
37129,validation
37130,train
37131,train
37132,validation
37133,train
37134,validation
37135,validation
37136,test
37137,validation
37138,train
37139,train
37140,validation
37141,train
37142,train
37143,test
37144,train
37145,train
37146,train
37147,train
37148,train
37149,train
37150,test
37151,test
37152,train
37153,validation
37154,test
37155,test
37156,train
37157,test
37158,train
37159,train
37160,test
37161,train
37162,train
37163,train
37164,test
37165,validation
37166,test
37167,validation
37168,train
37169,train
37170,train
37171,test
37172,validation
37173,validation
37174,validation
37175,train
37176,train
37177,test
37178,test
37179,train
37180,validation
37181,train
37182,train
37183,validation
37184,validation
37185,train
37186,validation
37187,train
37188,train
37189,train
37190,train
37191,test
37192,validation
37193,train
37194,train
37195,test
37196,test
37197,train
37198,train
37199,train
37200,train
37201,validation
37202,train
37203,train
37204,train
37205,train
37206,test
37207,validation
37208,train
37209,train
37210,test
37211,test
37212,train
37213,train
37214,train
37215,test
37216,train
37217,train
37218,validation
37219,test
37220,train
37221,train
37222,train
37223,validation
37224,train
37225,train
37226,train
37227,test
37228,test
37229,validation
37230,train
37231,train
37232,train
37233,test
37234,train
37235,train
37236,train
37237,test
37238,train
37239,train
37240,train
37241,train
37242,train
37243,train
37244,train
37245,test
37246,train
37247,train
37248,train
37249,train
37250,train
37251,train
37252,validation
37253,train
37254,train
37255,train
37256,train
37257,validation
37258,validation
37259,validation
37260,train
37261,validation
37262,train
37263,validation
37264,train
37265,test
37266,test
37267,test
37268,train
37269,validation
37270,test
37271,train
37272,train
37273,train
37274,train
37275,test
37276,validation
37277,train
37278,train
37279,test
37280,train
37281,train
37282,train
37283,train
37284,validation
37285,validation
37286,validation
37287,validation
37288,train
37289,train
37290,validation
37291,validation
37292,train
37293,test
37294,train
37295,test
37296,train
37297,test
37298,train
37299,test
37300,train
37301,train
37302,train
37303,validation
37304,test
37305,validation
37306,train
37307,train
37308,train
37309,train
37310,train
37311,validation
37312,validation
37313,train
37314,train
37315,train
37316,train
37317,train
37318,train
37319,train
37320,test
37321,train
37322,validation
37323,train
37324,train
37325,train
37326,train
37327,train
37328,validation
37329,test
37330,train
37331,train
37332,train
37333,train
37334,train
37335,train
37336,train
37337,train
37338,train
37339,test
37340,train
37341,validation
37342,train
37343,train
37344,validation
37345,test
37346,train
37347,train
37348,train
37349,train
37350,validation
37351,train
37352,train
37353,train
37354,train
37355,train
37356,test
37357,train
37358,train
37359,test
37360,train
37361,train
37362,validation
37363,train
37364,train
37365,train
37366,test
37367,train
37368,train
37369,train
37370,test
37371,validation
37372,train
37373,train
37374,train
37375,validation
37376,train
37377,test
37378,test
37379,train
37380,train
37381,test
37382,train
37383,test
37384,train
37385,test
37386,validation
37387,train
37388,train
37389,train
37390,train
37391,train
37392,train
37393,train
37394,train
37395,train
37396,validation
37397,train
37398,train
37399,train
37400,train
37401,validation
37402,train
37403,train
37404,train
37405,train
37406,train
37407,validation
37408,train
37409,train
37410,test
37411,train
37412,train
37413,validation
37414,test
37415,validation
37416,train
37417,validation
37418,train
37419,train
37420,train
37421,train
37422,train
37423,train
37424,train
37425,train
37426,train
37427,validation
37428,validation
37429,train
37430,test
37431,train
37432,train
37433,train
37434,train
37435,train
37436,test
37437,test
37438,train
37439,validation
37440,train
37441,train
37442,test
37443,train
37444,test
37445,train
37446,train
37447,train
37448,train
37449,validation
37450,validation
37451,validation
37452,validation
37453,train
37454,train
37455,test
37456,train
37457,test
37458,validation
37459,test
37460,train
37461,train
37462,validation
37463,train
37464,test
37465,test
37466,train
37467,train
37468,train
37469,train
37470,train
37471,test
37472,validation
37473,train
37474,train
37475,train
37476,train
37477,test
37478,train
37479,train
37480,test
37481,train
37482,test
37483,train
37484,validation
37485,train
37486,validation
37487,train
37488,validation
37489,test
37490,validation
37491,test
37492,test
37493,train
37494,validation
37495,test
37496,validation
37497,train
37498,train
37499,train
37500,validation
37501,train
37502,train
37503,train
37504,train
37505,train
37506,train
37507,train
37508,train
37509,train
37510,test
37511,train
37512,validation
37513,test
37514,validation
37515,test
37516,train
37517,test
37518,train
37519,train
37520,train
37521,test
37522,train
37523,train
37524,validation
37525,train
37526,train
37527,test
37528,test
37529,test
37530,test
37531,train
37532,test
37533,train
37534,validation
37535,train
37536,train
37537,train
37538,train
37539,train
37540,train
37541,train
37542,train
37543,train
37544,validation
37545,train
37546,test
37547,test
37548,validation
37549,train
37550,train
37551,train
37552,train
37553,validation
37554,train
37555,train
37556,train
37557,validation
37558,train
37559,test
37560,train
37561,train
37562,validation
37563,train
37564,test
37565,train
37566,train
37567,train
37568,validation
37569,validation
37570,test
37571,train
37572,validation
37573,train
37574,train
37575,test
37576,train
37577,train
37578,test
37579,validation
37580,validation
37581,train
37582,train
37583,test
37584,validation
37585,validation
37586,validation
37587,train
37588,test
37589,test
37590,train
37591,train
37592,train
37593,test
37594,validation
37595,train
37596,train
37597,train
37598,validation
37599,test
37600,train
37601,train
37602,train
37603,train
37604,train
37605,train
37606,train
37607,train
37608,test
37609,validation
37610,train
37611,test
37612,validation
37613,train
37614,test
37615,train
37616,train
37617,validation
37618,test
37619,train
37620,train
37621,train
37622,train
37623,train
37624,train
37625,train
37626,train
37627,train
37628,train
37629,test
37630,test
37631,validation
37632,train
37633,test
37634,test
37635,validation
37636,validation
37637,train
37638,test
37639,validation
37640,test
37641,train
37642,validation
37643,validation
37644,test
37645,test
37646,train
37647,train
37648,validation
37649,train
37650,train
37651,test
37652,train
37653,train
37654,train
37655,train
37656,validation
37657,train
37658,train
37659,train
37660,train
37661,validation
37662,train
37663,train
37664,train
37665,test
37666,train
37667,train
37668,test
37669,test
37670,train
37671,train
37672,train
37673,test
37674,train
37675,train
37676,test
37677,train
37678,validation
37679,train
37680,validation
37681,train
37682,train
37683,validation
37684,test
37685,train
37686,validation
37687,train
37688,train
37689,test
37690,validation
37691,train
37692,train
37693,train
37694,validation
37695,test
37696,validation
37697,validation
37698,train
37699,validation
37700,train
37701,test
37702,train
37703,train
37704,validation
37705,test
37706,train
37707,test
37708,train
37709,train
37710,train
37711,validation
37712,validation
37713,train
37714,test
37715,validation
37716,train
37717,train
37718,train
37719,train
37720,train
37721,train
37722,train
37723,test
37724,test
37725,train
37726,train
37727,train
37728,train
37729,train
37730,test
37731,train
37732,train
37733,train
37734,train
37735,train
37736,train
37737,train
37738,train
37739,test
37740,train
37741,test
37742,test
37743,train
37744,validation
37745,train
37746,train
37747,train
37748,train
37749,validation
37750,train
37751,train
37752,test
37753,validation
37754,train
37755,train
37756,validation
37757,train
37758,train
37759,test
37760,test
37761,train
37762,validation
37763,test
37764,validation
37765,train
37766,test
37767,train
37768,train
37769,test
37770,test
37771,train
37772,train
37773,train
37774,train
37775,validation
37776,test
37777,train
37778,train
37779,test
37780,train
37781,train
37782,train
37783,train
37784,validation
37785,train
37786,test
37787,test
37788,test
37789,validation
37790,test
37791,test
37792,train
37793,test
37794,train
37795,train
37796,test
37797,test
37798,train
37799,train
37800,train
37801,test
37802,validation
37803,validation
37804,validation
37805,test
37806,train
37807,validation
37808,validation
37809,validation
37810,train
37811,train
37812,train
37813,test
37814,train
37815,train
37816,train
37817,test
37818,train
37819,train
37820,train
37821,train
37822,test
37823,train
37824,train
37825,validation
37826,train
37827,train
37828,train
37829,train
37830,train
37831,train
37832,train
37833,train
37834,validation
37835,validation
37836,train
37837,train
37838,test
37839,train
37840,train
37841,train
37842,train
37843,validation
37844,train
37845,test
37846,validation
37847,train
37848,train
37849,train
37850,validation
37851,train
37852,train
37853,test
37854,test
37855,train
37856,train
37857,train
37858,train
37859,train
37860,test
37861,validation
37862,train
37863,train
37864,train
37865,validation
37866,train
37867,train
37868,train
37869,train
37870,test
37871,train
37872,train
37873,train
37874,train
37875,test
37876,train
37877,test
37878,train
37879,validation
37880,train
37881,validation
37882,test
37883,train
37884,test
37885,train
37886,train
37887,train
37888,train
37889,validation
37890,test
37891,train
37892,test
37893,test
37894,test
37895,train
37896,train
37897,train
37898,validation
37899,train
37900,train
37901,train
37902,train
37903,test
37904,train
37905,validation
37906,train
37907,train
37908,test
37909,train
37910,validation
37911,validation
37912,train
37913,train
37914,validation
37915,validation
37916,validation
37917,train
37918,train
37919,test
37920,train
37921,train
37922,train
37923,validation
37924,train
37925,test
37926,test
37927,train
37928,train
37929,train
37930,train
37931,test
37932,validation
37933,train
37934,train
37935,train
37936,validation
37937,train
37938,train
37939,train
37940,validation
37941,train
37942,train
37943,train
37944,train
37945,train
37946,test
37947,validation
37948,validation
37949,train
37950,train
37951,validation
37952,train
37953,test
37954,train
37955,validation
37956,test
37957,train
37958,train
37959,train
37960,test
37961,test
37962,validation
37963,train
37964,train
37965,train
37966,train
37967,train
37968,train
37969,train
37970,train
37971,train
37972,train
37973,train
37974,train
37975,train
37976,test
37977,train
37978,train
37979,train
37980,train
37981,validation
37982,train
37983,train
37984,validation
37985,train
37986,validation
37987,train
37988,test
37989,validation
37990,validation
37991,train
37992,train
37993,train
37994,validation
37995,train
37996,test
37997,test
37998,test
37999,test
38000,train
38001,validation
38002,train
38003,train
38004,train
38005,test
38006,test
38007,train
38008,validation
38009,train
38010,test
38011,test
38012,train
38013,train
38014,validation
38015,train
38016,train
38017,train
38018,train
38019,train
38020,train
38021,train
38022,train
38023,train
38024,train
38025,validation
38026,test
38027,test
38028,train
38029,train
38030,train
38031,train
38032,train
38033,test
38034,train
38035,test
38036,validation
38037,train
38038,train
38039,train
38040,train
38041,validation
38042,train
38043,test
38044,train
38045,test
38046,train
38047,train
38048,train
38049,test
38050,test
38051,train
38052,train
38053,train
38054,train
38055,train
38056,train
38057,validation
38058,train
38059,train
38060,train
38061,train
38062,train
38063,validation
38064,validation
38065,train
38066,test
38067,test
38068,validation
38069,train
38070,test
38071,train
38072,train
38073,validation
38074,test
38075,train
38076,train
38077,train
38078,train
38079,train
38080,validation
38081,train
38082,test
38083,train
38084,test
38085,train
38086,train
38087,validation
38088,train
38089,train
38090,train
38091,train
38092,train
38093,train
38094,test
38095,train
38096,train
38097,validation
38098,validation
38099,test
38100,train
38101,train
38102,train
38103,train
38104,train
38105,test
38106,train
38107,train
38108,test
38109,train
38110,validation
38111,train
38112,test
38113,train
38114,train
38115,validation
38116,train
38117,train
38118,test
38119,train
38120,train
38121,validation
38122,validation
38123,validation
38124,train
38125,test
38126,validation
38127,validation
38128,validation
38129,validation
38130,train
38131,train
38132,validation
38133,train
38134,train
38135,validation
38136,test
38137,train
38138,train
38139,train
38140,train
38141,test
38142,train
38143,validation
38144,train
38145,train
38146,train
38147,train
38148,train
38149,test
38150,validation
38151,validation
38152,train
38153,test
38154,validation
38155,test
38156,train
38157,test
38158,validation
38159,train
38160,train
38161,train
38162,train
38163,validation
38164,train
38165,test
38166,train
38167,train
38168,train
38169,test
38170,test
38171,train
38172,train
38173,validation
38174,train
38175,test
38176,train
38177,train
38178,train
38179,test
38180,train
38181,train
38182,test
38183,train
38184,validation
38185,validation
38186,test
38187,validation
38188,train
38189,test
38190,train
38191,train
38192,train
38193,validation
38194,test
38195,train
38196,validation
38197,train
38198,train
38199,train
38200,train
38201,train
38202,train
38203,train
38204,train
38205,validation
38206,test
38207,test
38208,train
38209,train
38210,train
38211,train
38212,train
38213,train
38214,train
38215,train
38216,train
38217,train
38218,train
38219,validation
38220,train
38221,train
38222,test
38223,train
38224,validation
38225,train
38226,validation
38227,validation
38228,train
38229,train
38230,train
38231,validation
38232,train
38233,validation
38234,train
38235,validation
38236,train
38237,train
38238,train
38239,train
38240,train
38241,train
38242,test
38243,validation
38244,train
38245,train
38246,train
38247,train
38248,train
38249,test
38250,validation
38251,train
38252,test
38253,train
38254,train
38255,train
38256,train
38257,validation
38258,validation
38259,validation
38260,validation
38261,train
38262,train
38263,train
38264,test
38265,test
38266,validation
38267,train
38268,train
38269,train
38270,validation
38271,train
38272,test
38273,train
38274,train
38275,test
38276,train
38277,train
38278,validation
38279,train
38280,train
38281,validation
38282,validation
38283,train
38284,test
38285,train
38286,test
38287,test
38288,train
38289,train
38290,train
38291,train
38292,test
38293,test
38294,train
38295,train
38296,validation
38297,test
38298,train
38299,validation
38300,train
38301,train
38302,train
38303,train
38304,test
38305,train
38306,validation
38307,train
38308,train
38309,train
38310,validation
38311,train
38312,train
38313,test
38314,train
38315,train
38316,train
38317,train
38318,train
38319,train
38320,train
38321,validation
38322,train
38323,train
38324,validation
38325,train
38326,train
38327,train
38328,test
38329,train
38330,train
38331,train
38332,test
38333,train
38334,train
38335,train
38336,validation
38337,validation
38338,train
38339,train
38340,validation
38341,validation
38342,test
38343,train
38344,train
38345,test
38346,train
38347,test
38348,train
38349,train
38350,train
38351,validation
38352,train
38353,validation
38354,train
38355,train
38356,train
38357,train
38358,train
38359,test
38360,train
38361,train
38362,train
38363,validation
38364,test
38365,train
38366,train
38367,train
38368,train
38369,train
38370,train
38371,train
38372,validation
38373,train
38374,train
38375,train
38376,test
38377,train
38378,validation
38379,test
38380,validation
38381,train
38382,train
38383,train
38384,train
38385,validation
38386,train
38387,train
38388,test
38389,validation
38390,validation
38391,train
38392,validation
38393,train
38394,train
38395,train
38396,validation
38397,train
38398,train
38399,train
38400,train
38401,validation
38402,train
38403,train
38404,train
38405,train
38406,train
38407,validation
38408,validation
38409,train
38410,validation
38411,test
38412,train
38413,test
38414,test
38415,train
38416,validation
38417,train
38418,validation
38419,validation
38420,train
38421,train
38422,test
38423,test
38424,test
38425,test
38426,train
38427,train
38428,train
38429,validation
38430,validation
38431,train
38432,test
38433,train
38434,test
38435,train
38436,validation
38437,train
38438,train
38439,test
38440,test
38441,train
38442,validation
38443,train
38444,train
38445,train
38446,test
38447,train
38448,test
38449,train
38450,train
38451,validation
38452,train
38453,test
38454,validation
38455,train
38456,train
38457,train
38458,test
38459,train
38460,test
38461,train
38462,train
38463,test
38464,train
38465,train
38466,test
38467,train
38468,validation
38469,train
38470,validation
38471,train
38472,test
38473,train
38474,train
38475,train
38476,test
38477,validation
38478,validation
38479,validation
38480,validation
38481,test
38482,validation
38483,test
38484,test
38485,train
38486,train
38487,validation
38488,train
38489,train
38490,train
38491,train
38492,train
38493,test
38494,train
38495,train
38496,train
38497,train
38498,validation
38499,train
38500,train
38501,train
38502,train
38503,validation
38504,train
38505,train
38506,train
38507,train
38508,test
38509,train
38510,train
38511,train
38512,train
38513,train
38514,test
38515,train
38516,validation
38517,test
38518,validation
38519,train
38520,test
38521,test
38522,train
38523,validation
38524,test
38525,test
38526,train
38527,test
38528,train
38529,train
38530,validation
38531,validation
38532,test
38533,test
38534,train
38535,validation
38536,test
38537,train
38538,train
38539,train
38540,validation
38541,train
38542,test
38543,train
38544,train
38545,test
38546,train
38547,train
38548,train
38549,validation
38550,test
38551,train
38552,validation
38553,test
38554,train
38555,train
38556,train
38557,train
38558,train
38559,test
38560,test
38561,train
38562,train
38563,train
38564,validation
38565,validation
38566,test
38567,train
38568,validation
38569,train
38570,test
38571,validation
38572,train
38573,validation
38574,train
38575,validation
38576,train
38577,train
38578,test
38579,train
38580,train
38581,validation
38582,train
38583,validation
38584,train
38585,train
38586,train
38587,train
38588,train
38589,test
38590,train
38591,test
38592,test
38593,train
38594,validation
38595,train
38596,train
38597,train
38598,test
38599,train
38600,validation
38601,test
38602,train
38603,train
38604,test
38605,validation
38606,train
38607,train
38608,train
38609,validation
38610,test
38611,test
38612,validation
38613,test
38614,train
38615,validation
38616,validation
38617,validation
38618,test
38619,test
38620,train
38621,train
38622,train
38623,test
38624,validation
38625,train
38626,train
38627,train
38628,train
38629,test
38630,train
38631,validation
38632,train
38633,train
38634,test
38635,train
38636,test
38637,train
38638,validation
38639,train
38640,train
38641,validation
38642,train
38643,train
38644,test
38645,validation
38646,test
38647,train
38648,train
38649,train
38650,validation
38651,train
38652,train
38653,train
38654,train
38655,train
38656,train
38657,test
38658,train
38659,validation
38660,train
38661,train
38662,train
38663,train
38664,validation
38665,test
38666,train
38667,train
38668,test
38669,validation
38670,train
38671,validation
38672,train
38673,validation
38674,test
38675,train
38676,train
38677,validation
38678,train
38679,train
38680,test
38681,train
38682,validation
38683,train
38684,train
38685,validation
38686,test
38687,train
38688,train
38689,train
38690,train
38691,train
38692,train
38693,test
38694,test
38695,validation
38696,validation
38697,train
38698,train
38699,train
38700,train
38701,train
38702,train
38703,train
38704,train
38705,train
38706,validation
38707,validation
38708,train
38709,validation
38710,train
38711,train
38712,test
38713,validation
38714,train
38715,test
38716,test
38717,test
38718,validation
38719,validation
38720,test
38721,test
38722,test
38723,test
38724,test
38725,train
38726,test
38727,train
38728,validation
38729,test
38730,train
38731,validation
38732,test
38733,test
38734,test
38735,test
38736,train
38737,test
38738,train
38739,train
38740,train
38741,train
38742,train
38743,validation
38744,train
38745,train
38746,test
38747,train
38748,test
38749,train
38750,train
38751,validation
38752,train
38753,train
38754,train
38755,train
38756,train
38757,train
38758,train
38759,test
38760,train
38761,test
38762,validation
38763,train
38764,train
38765,validation
38766,train
38767,train
38768,train
38769,train
38770,test
38771,train
38772,train
38773,train
38774,test
38775,train
38776,train
38777,train
38778,validation
38779,validation
38780,train
38781,train
38782,test
38783,train
38784,train
38785,train
38786,test
38787,train
38788,train
38789,validation
38790,train
38791,train
38792,validation
38793,test
38794,test
38795,train
38796,train
38797,validation
38798,test
38799,train
38800,train
38801,test
38802,validation
38803,test
38804,train
38805,train
38806,train
38807,train
38808,train
38809,test
38810,train
38811,train
38812,test
38813,train
38814,train
38815,test
38816,train
38817,train
38818,validation
38819,train
38820,train
38821,train
38822,test
38823,train
38824,train
38825,train
38826,validation
38827,train
38828,train
38829,train
38830,train
38831,train
38832,train
38833,test
38834,test
38835,train
38836,train
38837,validation
38838,train
38839,train
38840,train
38841,train
38842,train
38843,validation
38844,validation
38845,train
38846,train
38847,train
38848,train
38849,train
38850,train
38851,train
38852,test
38853,validation
38854,train
38855,train
38856,train
38857,train
38858,validation
38859,train
38860,train
38861,train
38862,train
38863,train
38864,train
38865,validation
38866,train
38867,train
38868,validation
38869,train
38870,test
38871,validation
38872,train
38873,validation
38874,test
38875,train
38876,test
38877,train
38878,train
38879,validation
38880,train
38881,validation
38882,train
38883,validation
38884,train
38885,test
38886,test
38887,train
38888,train
38889,train
38890,test
38891,train
38892,train
38893,validation
38894,test
38895,validation
38896,validation
38897,test
38898,train
38899,train
38900,train
38901,train
38902,validation
38903,test
38904,train
38905,test
38906,test
38907,train
38908,validation
38909,validation
38910,test
38911,train
38912,validation
38913,validation
38914,train
38915,train
38916,train
38917,validation
38918,train
38919,test
38920,train
38921,validation
38922,test
38923,validation
38924,train
38925,test
38926,test
38927,train
38928,validation
38929,train
38930,validation
38931,train
38932,validation
38933,train
38934,train
38935,train
38936,test
38937,train
38938,train
38939,train
38940,train
38941,test
38942,validation
38943,train
38944,train
38945,train
38946,train
38947,train
38948,train
38949,train
38950,train
38951,train
38952,validation
38953,train
38954,test
38955,train
38956,train
38957,test
38958,train
38959,train
38960,test
38961,train
38962,test
38963,validation
38964,train
38965,test
38966,train
38967,train
38968,test
38969,train
38970,validation
38971,train
38972,test
38973,train
38974,train
38975,validation
38976,test
38977,train
38978,test
38979,test
38980,train
38981,validation
38982,train
38983,validation
38984,validation
38985,train
38986,train
38987,train
38988,test
38989,test
38990,train
38991,train
38992,test
38993,train
38994,train
38995,train
38996,validation
38997,train
38998,validation
38999,validation
39000,train
39001,test
39002,validation
39003,train
39004,train
39005,validation
39006,train
39007,train
39008,test
39009,train
39010,train
39011,train
39012,validation
39013,train
39014,train
39015,test
39016,train
39017,test
39018,validation
39019,train
39020,train
39021,test
39022,train
39023,test
39024,train
39025,train
39026,validation
39027,train
39028,train
39029,train
39030,train
39031,train
39032,train
39033,test
39034,train
39035,validation
39036,validation
39037,validation
39038,validation
39039,test
39040,validation
39041,train
39042,test
39043,test
39044,train
39045,train
39046,train
39047,train
39048,test
39049,validation
39050,test
39051,test
39052,validation
39053,validation
39054,validation
39055,train
39056,validation
39057,train
39058,train
39059,validation
39060,train
39061,test
39062,train
39063,train
39064,validation
39065,train
39066,train
39067,train
39068,train
39069,validation
39070,train
39071,train
39072,train
39073,train
39074,train
39075,train
39076,train
39077,train
39078,train
39079,train
39080,train
39081,train
39082,validation
39083,test
39084,train
39085,validation
39086,train
39087,train
39088,train
39089,train
39090,train
39091,train
39092,validation
39093,train
39094,validation
39095,test
39096,train
39097,train
39098,test
39099,validation
39100,train
39101,test
39102,validation
39103,train
39104,train
39105,train
39106,train
39107,train
39108,test
39109,validation
39110,train
39111,train
39112,train
39113,train
39114,train
39115,train
39116,train
39117,test
39118,train
39119,train
39120,test
39121,train
39122,train
39123,validation
39124,train
39125,train
39126,test
39127,test
39128,validation
39129,test
39130,train
39131,test
39132,train
39133,train
39134,test
39135,train
39136,validation
39137,train
39138,test
39139,train
39140,validation
39141,validation
39142,validation
39143,test
39144,train
39145,validation
39146,test
39147,train
39148,train
39149,train
39150,train
39151,train
39152,train
39153,validation
39154,test
39155,train
39156,test
39157,train
39158,train
39159,validation
39160,test
39161,test
39162,train
39163,train
39164,train
39165,train
39166,train
39167,train
39168,train
39169,train
39170,train
39171,train
39172,test
39173,train
39174,train
39175,train
39176,train
39177,train
39178,train
39179,train
39180,train
39181,test
39182,train
39183,train
39184,train
39185,train
39186,train
39187,test
39188,train
39189,train
39190,validation
39191,validation
39192,test
39193,train
39194,train
39195,train
39196,train
39197,validation
39198,train
39199,test
39200,validation
39201,validation
39202,train
39203,train
39204,validation
39205,validation
39206,train
39207,train
39208,validation
39209,train
39210,train
39211,test
39212,train
39213,validation
39214,train
39215,test
39216,train
39217,train
39218,test
39219,validation
39220,test
39221,train
39222,test
39223,train
39224,test
39225,train
39226,train
39227,validation
39228,train
39229,test
39230,test
39231,train
39232,train
39233,test
39234,train
39235,train
39236,train
39237,test
39238,validation
39239,test
39240,train
39241,train
39242,test
39243,train
39244,train
39245,train
39246,test
39247,train
39248,train
39249,train
39250,validation
39251,train
39252,train
39253,validation
39254,train
39255,train
39256,train
39257,validation
39258,train
39259,train
39260,test
39261,validation
39262,train
39263,train
39264,validation
39265,train
39266,train
39267,train
39268,train
39269,train
39270,train
39271,validation
39272,test
39273,test
39274,train
39275,validation
39276,train
39277,train
39278,test
39279,validation
39280,train
39281,validation
39282,test
39283,train
39284,train
39285,train
39286,train
39287,validation
39288,validation
39289,validation
39290,train
39291,train
39292,train
39293,train
39294,train
39295,train
39296,train
39297,test
39298,validation
39299,train
39300,train
39301,train
39302,test
39303,test
39304,train
39305,train
39306,train
39307,train
39308,test
39309,train
39310,train
39311,test
39312,test
39313,validation
39314,train
39315,validation
39316,train
39317,train
39318,train
39319,train
39320,train
39321,train
39322,train
39323,train
39324,validation
39325,train
39326,train
39327,train
39328,train
39329,test
39330,test
39331,test
39332,train
39333,train
39334,test
39335,train
39336,train
39337,train
39338,test
39339,validation
39340,train
39341,test
39342,train
39343,train
39344,validation
39345,validation
39346,test
39347,validation
39348,train
39349,test
39350,validation
39351,train
39352,test
39353,train
39354,validation
39355,train
39356,train
39357,train
39358,train
39359,test
39360,test
39361,test
39362,test
39363,validation
39364,train
39365,train
39366,validation
39367,train
39368,validation
39369,validation
39370,validation
39371,train
39372,validation
39373,train
39374,validation
39375,test
39376,train
39377,train
39378,validation
39379,train
39380,test
39381,train
39382,train
39383,train
39384,train
39385,train
39386,train
39387,test
39388,train
39389,train
39390,train
39391,test
39392,validation
39393,validation
39394,train
39395,validation
39396,validation
39397,test
39398,train
39399,train
39400,train
39401,validation
39402,train
39403,train
39404,validation
39405,train
39406,train
39407,train
39408,test
39409,validation
39410,train
39411,train
39412,validation
39413,validation
39414,train
39415,train
39416,train
39417,train
39418,train
39419,test
39420,train
39421,validation
39422,train
39423,train
39424,test
39425,train
39426,test
39427,train
39428,validation
39429,train
39430,validation
39431,train
39432,train
39433,test
39434,test
39435,train
39436,train
39437,validation
39438,train
39439,test
39440,test
39441,validation
39442,test
39443,validation
39444,train
39445,train
39446,train
39447,train
39448,train
39449,train
39450,test
39451,train
39452,train
39453,train
39454,validation
39455,train
39456,train
39457,train
39458,train
39459,train
39460,validation
39461,train
39462,test
39463,validation
39464,validation
39465,train
39466,validation
39467,train
39468,test
39469,train
39470,test
39471,train
39472,train
39473,test
39474,train
39475,train
39476,train
39477,train
39478,test
39479,validation
39480,train
39481,test
39482,validation
39483,test
39484,validation
39485,validation
39486,train
39487,train
39488,train
39489,train
39490,test
39491,train
39492,train
39493,train
39494,train
39495,train
39496,train
39497,train
39498,train
39499,test
39500,validation
39501,test
39502,test
39503,test
39504,test
39505,train
39506,test
39507,test
39508,train
39509,train
39510,validation
39511,validation
39512,validation
39513,validation
39514,validation
39515,train
39516,train
39517,train
39518,train
39519,train
39520,train
39521,validation
39522,train
39523,validation
39524,train
39525,test
39526,train
39527,train
39528,train
39529,train
39530,train
39531,test
39532,train
39533,validation
39534,train
39535,train
39536,train
39537,train
39538,train
39539,validation
39540,train
39541,train
39542,train
39543,train
39544,train
39545,test
39546,train
39547,test
39548,test
39549,validation
39550,test
39551,train
39552,test
39553,train
39554,train
39555,test
39556,validation
39557,train
39558,train
39559,train
39560,validation
39561,train
39562,train
39563,train
39564,train
39565,train
39566,train
39567,train
39568,validation
39569,train
39570,train
39571,train
39572,train
39573,test
39574,test
39575,train
39576,train
39577,train
39578,train
39579,train
39580,validation
39581,validation
39582,train
39583,train
39584,validation
39585,train
39586,test
39587,test
39588,train
39589,train
39590,validation
39591,train
39592,validation
39593,train
39594,validation
39595,train
39596,validation
39597,train
39598,train
39599,validation
39600,train
39601,train
39602,train
39603,train
39604,train
39605,test
39606,validation
39607,train
39608,test
39609,test
39610,test
39611,train
39612,test
39613,train
39614,train
39615,test
39616,train
39617,train
39618,train
39619,train
39620,validation
39621,train
39622,train
39623,train
39624,train
39625,validation
39626,train
39627,validation
39628,train
39629,validation
39630,train
39631,train
39632,test
39633,test
39634,validation
39635,validation
39636,test
39637,train
39638,train
39639,validation
39640,train
39641,train
39642,train
39643,train
39644,validation
39645,test
39646,train
39647,test
39648,train
39649,validation
39650,train
39651,test
39652,validation
39653,train
39654,train
39655,train
39656,test
39657,train
39658,train
39659,train
39660,validation
39661,validation
39662,train
39663,validation
39664,train
39665,train
39666,test
39667,validation
39668,train
39669,test
39670,train
39671,validation
39672,train
39673,train
39674,train
39675,train
39676,train
39677,test
39678,train
39679,validation
39680,test
39681,test
39682,train
39683,train
39684,train
39685,validation
39686,test
39687,train
39688,train
39689,train
39690,test
39691,train
39692,validation
39693,train
39694,train
39695,validation
39696,train
39697,validation
39698,train
39699,train
39700,train
39701,train
39702,train
39703,validation
39704,train
39705,train
39706,train
39707,train
39708,train
39709,validation
39710,train
39711,train
39712,train
39713,train
39714,test
39715,train
39716,test
39717,validation
39718,test
39719,train
39720,test
39721,train
39722,train
39723,train
39724,train
39725,train
39726,train
39727,test
39728,train
39729,validation
39730,train
39731,train
39732,validation
39733,validation
39734,train
39735,test
39736,test
39737,train
39738,test
39739,train
39740,test
39741,validation
39742,train
39743,validation
39744,test
39745,train
39746,train
39747,train
39748,train
39749,validation
39750,train
39751,train
39752,validation
39753,train
39754,train
39755,train
39756,train
39757,validation
39758,train
39759,validation
39760,train
39761,validation
39762,train
39763,train
39764,train
39765,validation
39766,validation
39767,validation
39768,train
39769,train
39770,test
39771,train
39772,train
39773,train
39774,train
39775,train
39776,validation
39777,train
39778,test
39779,test
39780,train
39781,test
39782,test
39783,train
39784,train
39785,validation
39786,test
39787,test
39788,test
39789,train
39790,train
39791,train
39792,validation
39793,train
39794,validation
39795,train
39796,test
39797,train
39798,train
39799,train
39800,test
39801,train
39802,train
39803,train
39804,test
39805,train
39806,validation
39807,train
39808,validation
39809,validation
39810,train
39811,train
39812,train
39813,train
39814,train
39815,test
39816,test
39817,train
39818,test
39819,train
39820,train
39821,test
39822,train
39823,validation
39824,train
39825,train
39826,train
39827,train
39828,train
39829,train
39830,validation
39831,train
39832,train
39833,test
39834,test
39835,test
39836,train
39837,validation
39838,train
39839,validation
39840,train
39841,validation
39842,test
39843,validation
39844,test
39845,train
39846,train
39847,train
39848,train
39849,validation
39850,test
39851,validation
39852,train
39853,validation
39854,test
39855,train
39856,train
39857,train
39858,train
39859,train
39860,train
39861,train
39862,test
39863,train
39864,test
39865,train
39866,validation
39867,train
39868,test
39869,validation
39870,test
39871,validation
39872,validation
39873,train
39874,validation
39875,train
39876,train
39877,validation
39878,train
39879,test
39880,test
39881,test
39882,train
39883,validation
39884,train
39885,train
39886,test
39887,validation
39888,validation
39889,validation
39890,train
39891,train
39892,validation
39893,train
39894,train
39895,test
39896,train
39897,validation
39898,test
39899,validation
39900,validation
39901,train
39902,train
39903,test
39904,validation
39905,train
39906,test
39907,train
39908,test
39909,test
39910,validation
39911,train
39912,test
39913,test
39914,train
39915,test
39916,train
39917,train
39918,train
39919,train
39920,train
39921,validation
39922,train
39923,train
39924,train
39925,train
39926,train
39927,test
39928,train
39929,validation
39930,test
39931,train
39932,train
39933,validation
39934,test
39935,test
39936,train
39937,train
39938,train
39939,validation
39940,train
39941,train
39942,train
39943,train
39944,train
39945,validation
39946,test
39947,train
39948,train
39949,validation
39950,train
39951,validation
39952,train
39953,train
39954,train
39955,train
39956,train
39957,train
39958,test
39959,train
39960,train
39961,train
39962,train
39963,test
39964,validation
39965,train
39966,validation
39967,train
39968,test
39969,test
39970,validation
39971,validation
39972,train
39973,train
39974,train
39975,train
39976,train
39977,test
39978,train
39979,validation
39980,train
39981,validation
39982,train
39983,validation
39984,test
39985,train
39986,train
39987,validation
39988,train
39989,train
39990,train
39991,train
39992,train
39993,test
39994,test
39995,validation
39996,train
39997,train
39998,train
39999,train
40000,train
40001,train
40002,train
40003,validation
40004,test
40005,train
40006,train
40007,test
40008,train
40009,train
40010,train
40011,train
40012,validation
40013,train
40014,test
40015,validation
40016,validation
40017,test
40018,validation
40019,train
40020,validation
40021,train
40022,validation
40023,validation
40024,validation
40025,validation
40026,train
40027,train
40028,validation
40029,train
40030,test
40031,validation
40032,train
40033,train
40034,train
40035,test
40036,train
40037,train
40038,test
40039,train
40040,validation
40041,test
40042,train
40043,train
40044,test
40045,test
40046,train
40047,train
40048,train
40049,train
40050,validation
40051,train
40052,train
40053,train
40054,train
40055,train
40056,train
40057,train
40058,train
40059,test
40060,train
40061,test
40062,train
40063,train
40064,train
40065,train
40066,train
40067,train
40068,train
40069,train
40070,train
40071,train
40072,train
40073,test
40074,validation
40075,validation
40076,test
40077,test
40078,train
40079,test
40080,validation
40081,validation
40082,test
40083,validation
40084,test
40085,train
40086,validation
40087,validation
40088,test
40089,test
40090,train
40091,train
40092,validation
40093,train
40094,train
40095,train
40096,train
40097,train
40098,test
40099,train
40100,validation
40101,validation
40102,train
40103,train
40104,train
40105,train
40106,test
40107,train
40108,train
40109,train
40110,train
40111,validation
40112,validation
40113,train
40114,train
40115,test
40116,train
40117,test
40118,validation
40119,validation
40120,train
40121,train
40122,train
40123,train
40124,test
40125,validation
40126,validation
40127,train
40128,train
40129,train
40130,validation
40131,train
40132,test
40133,train
40134,test
40135,train
40136,validation
40137,validation
40138,train
40139,test
40140,validation
40141,train
40142,validation
40143,train
40144,test
40145,test
40146,train
40147,train
40148,validation
40149,validation
40150,train
40151,train
40152,validation
40153,validation
40154,train
40155,validation
40156,train
40157,validation
40158,validation
40159,train
40160,train
40161,test
40162,test
40163,train
40164,test
40165,validation
40166,test
40167,test
40168,train
40169,test
40170,validation
40171,train
40172,train
40173,test
40174,test
40175,train
40176,validation
40177,train
40178,train
40179,train
40180,train
40181,train
40182,train
40183,train
40184,validation
40185,train
40186,test
40187,train
40188,test
40189,train
40190,train
40191,validation
40192,train
40193,validation
40194,validation
40195,train
40196,validation
40197,train
40198,validation
40199,train
40200,train
40201,train
40202,train
40203,validation
40204,validation
40205,validation
40206,train
40207,train
40208,train
40209,train
40210,train
40211,train
40212,train
40213,train
40214,train
40215,validation
40216,train
40217,train
40218,train
40219,train
40220,validation
40221,validation
40222,train
40223,test
40224,train
40225,train
40226,train
40227,train
40228,test
40229,train
40230,train
40231,train
40232,validation
40233,train
40234,train
40235,train
40236,train
40237,train
40238,test
40239,train
40240,validation
40241,train
40242,train
40243,train
40244,train
40245,train
40246,validation
40247,train
40248,test
40249,test
40250,train
40251,train
40252,train
40253,validation
40254,train
40255,test
40256,train
40257,validation
40258,test
40259,train
40260,train
40261,train
40262,validation
40263,validation
40264,validation
40265,validation
40266,train
40267,test
40268,train
40269,train
40270,test
40271,validation
40272,train
40273,train
40274,train
40275,train
40276,train
40277,test
40278,test
40279,train
40280,train
40281,train
40282,train
40283,validation
40284,train
40285,train
40286,train
40287,train
40288,validation
40289,test
40290,train
40291,test
40292,train
40293,validation
40294,train
40295,train
40296,train
40297,train
40298,validation
40299,train
40300,validation
40301,train
40302,train
40303,validation
40304,test
40305,train
40306,train
40307,train
40308,train
40309,train
40310,train
40311,train
40312,train
40313,train
40314,train
40315,train
40316,train
40317,train
40318,train
40319,test
40320,validation
40321,train
40322,validation
40323,train
40324,validation
40325,validation
40326,train
40327,train
40328,train
40329,train
40330,train
40331,train
40332,train
40333,train
40334,train
40335,test
40336,test
40337,train
40338,train
40339,train
40340,train
40341,train
40342,train
40343,validation
40344,test
40345,train
40346,validation
40347,test
40348,train
40349,train
40350,train
40351,train
40352,validation
40353,train
40354,train
40355,train
40356,train
40357,test
40358,train
40359,test
40360,test
40361,test
40362,train
40363,train
40364,validation
40365,train
40366,train
40367,train
40368,train
40369,test
40370,train
40371,train
40372,validation
40373,train
40374,train
40375,train
40376,train
40377,train
40378,train
40379,test
40380,train
40381,train
40382,train
40383,train
40384,validation
40385,test
40386,train
40387,train
40388,validation
40389,train
40390,train
40391,validation
40392,train
40393,train
40394,train
40395,test
40396,validation
40397,test
40398,test
40399,train
40400,train
40401,validation
40402,train
40403,train
40404,train
40405,train
40406,train
40407,test
40408,train
40409,train
40410,train
40411,test
40412,validation
40413,train
40414,test
40415,validation
40416,train
40417,train
40418,train
40419,train
40420,train
40421,validation
40422,validation
40423,test
40424,train
40425,test
40426,test
40427,train
40428,validation
40429,test
40430,validation
40431,train
40432,validation
40433,train
40434,train
40435,test
40436,validation
40437,train
40438,validation
40439,validation
40440,train
40441,test
40442,validation
40443,validation
40444,train
40445,validation
40446,train
40447,train
40448,train
40449,train
40450,test
40451,test
40452,train
40453,test
40454,test
40455,train
40456,train
40457,validation
40458,train
40459,validation
40460,train
40461,train
40462,validation
40463,validation
40464,train
40465,train
40466,validation
40467,train
40468,validation
40469,train
40470,test
40471,train
40472,validation
40473,train
40474,test
40475,train
40476,test
40477,test
40478,train
40479,train
40480,validation
40481,train
40482,train
40483,train
40484,train
40485,validation
40486,train
40487,train
40488,test
40489,train
40490,train
40491,test
40492,train
40493,train
40494,train
40495,train
40496,validation
40497,train
40498,train
40499,validation
40500,train
40501,validation
40502,train
40503,train
40504,train
40505,train
40506,train
40507,train
40508,train
40509,train
40510,validation
40511,test
40512,train
40513,train
40514,train
40515,test
40516,validation
40517,validation
40518,train
40519,test
40520,train
40521,validation
40522,train
40523,train
40524,validation
40525,train
40526,train
40527,train
40528,test
40529,train
40530,train
40531,train
40532,train
40533,test
40534,validation
40535,train
40536,test
40537,train
40538,train
40539,train
40540,train
40541,train
40542,validation
40543,train
40544,train
40545,train
40546,train
40547,train
40548,train
40549,validation
40550,train
40551,test
40552,train
40553,test
40554,train
40555,validation
40556,train
40557,train
40558,test
40559,train
40560,train
40561,train
40562,test
40563,train
40564,train
40565,validation
40566,train
40567,train
40568,test
40569,train
40570,train
40571,train
40572,train
40573,test
40574,validation
40575,train
40576,train
40577,train
40578,validation
40579,train
40580,test
40581,train
40582,validation
40583,train
40584,train
40585,test
40586,test
40587,test
40588,test
40589,train
40590,train
40591,test
40592,train
40593,train
40594,train
40595,train
40596,train
40597,train
40598,train
40599,train
40600,validation
40601,test
40602,train
40603,train
40604,train
40605,train
40606,train
40607,test
40608,validation
40609,validation
40610,train
40611,validation
40612,train
40613,validation
40614,train
40615,train
40616,train
40617,train
40618,train
40619,train
40620,train
40621,validation
40622,test
40623,test
40624,train
40625,train
40626,train
40627,train
40628,validation
40629,validation
40630,train
40631,validation
40632,train
40633,test
40634,test
40635,validation
40636,test
40637,train
40638,test
40639,validation
40640,validation
40641,train
40642,train
40643,train
40644,train
40645,train
40646,train
40647,train
40648,validation
40649,test
40650,test
40651,train
40652,test
40653,validation
40654,train
40655,train
40656,train
40657,train
40658,train
40659,train
40660,test
40661,train
40662,train
40663,train
40664,train
40665,train
40666,test
40667,validation
40668,train
40669,train
40670,train
40671,test
40672,train
40673,train
40674,train
40675,train
40676,train
40677,train
40678,train
40679,train
40680,train
40681,validation
40682,test
40683,train
40684,train
40685,train
40686,validation
40687,test
40688,validation
40689,train
40690,validation
40691,train
40692,validation
40693,test
40694,validation
40695,train
40696,train
40697,train
40698,validation
40699,train
40700,train
40701,validation
40702,train
40703,validation
40704,train
40705,train
40706,train
40707,validation
40708,train
40709,test
40710,train
40711,train
40712,train
40713,test
40714,test
40715,train
40716,train
40717,validation
40718,test
40719,train
40720,test
40721,train
40722,train
40723,train
40724,train
40725,train
40726,train
40727,train
40728,validation
40729,test
40730,train
40731,test
40732,train
40733,train
40734,train
40735,test
40736,train
40737,test
40738,train
40739,train
40740,test
40741,test
40742,validation
40743,test
40744,validation
40745,train
40746,train
40747,train
40748,train
40749,train
40750,train
40751,validation
40752,validation
40753,train
40754,validation
40755,test
40756,validation
40757,train
40758,train
40759,test
40760,train
40761,train
40762,train
40763,train
40764,train
40765,train
40766,train
40767,train
40768,train
40769,validation
40770,validation
40771,train
40772,train
40773,train
40774,validation
40775,validation
40776,train
40777,train
40778,validation
40779,train
40780,train
40781,test
40782,train
40783,train
40784,train
40785,train
40786,train
40787,train
40788,test
40789,train
40790,train
40791,train
40792,train
40793,train
40794,train
40795,train
40796,test
40797,train
40798,validation
40799,test
40800,train
40801,validation
40802,test
40803,test
40804,train
40805,train
40806,train
40807,test
40808,train
40809,test
40810,train
40811,train
40812,validation
40813,test
40814,train
40815,train
40816,train
40817,train
40818,train
40819,train
40820,validation
40821,train
40822,train
40823,train
40824,test
40825,validation
40826,train
40827,test
40828,validation
40829,train
40830,train
40831,validation
40832,train
40833,train
40834,validation
40835,train
40836,train
40837,test
40838,train
40839,test
40840,train
40841,train
40842,test
40843,train
40844,train
40845,train
40846,train
40847,train
40848,train
40849,train
40850,train
40851,train
40852,train
40853,train
40854,test
40855,train
40856,validation
40857,train
40858,test
40859,train
40860,train
40861,train
40862,validation
40863,test
40864,test
40865,train
40866,train
40867,validation
40868,validation
40869,test
40870,train
40871,test
40872,train
40873,test
40874,train
40875,train
40876,train
40877,train
40878,train
40879,train
40880,train
40881,train
40882,validation
40883,train
40884,train
40885,train
40886,train
40887,train
40888,train
40889,train
40890,train
40891,train
40892,train
40893,train
40894,train
40895,train
40896,train
40897,train
40898,validation
40899,train
40900,validation
40901,test
40902,train
40903,train
40904,validation
40905,train
40906,train
40907,validation
40908,train
40909,train
40910,train
40911,train
40912,train
40913,validation
40914,validation
40915,validation
40916,train
40917,train
40918,train
40919,train
40920,train
40921,train
40922,train
40923,test
40924,test
40925,train
40926,train
40927,train
40928,test
40929,train
40930,validation
40931,validation
40932,train
40933,train
40934,train
40935,test
40936,train
40937,test
40938,validation
40939,train
40940,train
40941,test
40942,test
40943,test
40944,train
40945,train
40946,test
40947,train
40948,train
40949,train
40950,test
40951,train
40952,train
40953,validation
40954,train
40955,test
40956,train
40957,train
40958,train
40959,test
40960,train
40961,train
40962,train
40963,train
40964,train
40965,validation
40966,train
40967,train
40968,test
40969,train
40970,train
40971,train
40972,test
40973,validation
40974,train
40975,train
40976,validation
40977,test
40978,train
40979,train
40980,train
40981,train
40982,train
40983,train
40984,test
40985,test
40986,train
40987,train
40988,train
40989,train
40990,validation
40991,test
40992,train
40993,train
40994,train
40995,train
40996,validation
40997,test
40998,train
40999,train
41000,train
41001,test
41002,train
41003,train
41004,test
41005,train
41006,train
41007,train
41008,test
41009,train
41010,train
41011,train
41012,train
41013,train
41014,train
41015,validation
41016,validation
41017,validation
41018,train
41019,validation
41020,train
41021,validation
41022,validation
41023,train
41024,train
41025,validation
41026,validation
41027,validation
41028,train
41029,train
41030,train
41031,train
41032,train
41033,test
41034,train
41035,validation
41036,train
41037,train
41038,train
41039,train
41040,train
41041,train
41042,validation
41043,train
41044,train
41045,train
41046,validation
41047,test
41048,train
41049,train
41050,train
41051,train
41052,train
41053,train
41054,train
41055,train
41056,train
41057,train
41058,train
41059,train
41060,train
41061,test
41062,validation
41063,test
41064,validation
41065,train
41066,train
41067,validation
41068,validation
41069,train
41070,validation
41071,train
41072,test
41073,train
41074,test
41075,train
41076,train
41077,train
41078,test
41079,test
41080,test
41081,validation
41082,train
41083,test
41084,train
41085,train
41086,train
41087,validation
41088,validation
41089,test
41090,train
41091,train
41092,test
41093,test
41094,train
41095,train
41096,train
41097,train
41098,train
41099,test
41100,train
41101,train
41102,validation
41103,test
41104,train
41105,test
41106,train
41107,train
41108,train
41109,train
41110,train
41111,train
41112,test
41113,test
41114,train
41115,train
41116,validation
41117,train
41118,validation
41119,train
41120,test
41121,train
41122,train
41123,train
41124,train
41125,train
41126,train
41127,train
41128,validation
41129,train
41130,train
41131,train
41132,train
41133,train
41134,train
41135,validation
41136,train
41137,train
41138,train
41139,test
41140,validation
41141,train
41142,test
41143,validation
41144,train
41145,train
41146,train
41147,test
41148,train
41149,train
41150,train
41151,validation
41152,test
41153,train
41154,train
41155,validation
41156,test
41157,test
41158,train
41159,test
41160,train
41161,train
41162,test
41163,train
41164,test
41165,train
41166,train
41167,test
41168,train
41169,test
41170,train
41171,validation
41172,train
41173,validation
41174,train
41175,train
41176,validation
41177,train
41178,train
41179,test
41180,train
41181,train
41182,train
41183,train
41184,train
41185,validation
41186,validation
41187,train
41188,train
